#
# A fatal error has been detected by the Java Runtime Environment:
#
#  EXCEPTION_ACCESS_VIOLATION (0xc0000005) at pc=0x00007ff97703a82c, pid=6556, tid=16824
#
# JRE version: OpenJDK Runtime Environment JBR-21.0.11+1-1163.116-nomod (21.0.11+1) (build 21.0.11+1-b1163.116)
# Java VM: OpenJDK 64-Bit Server VM JBR-21.0.11+1-1163.116-nomod (21.0.11+1-b1163.116, mixed mode, sharing, tiered, compressed oops, compressed class ptrs, g1 gc, windows-amd64)
# Problematic frame:
# C  [skiko-windows-x64.dll+0x4ea82c]
#
# No core dump will be written. Minidumps are not enabled by default on client versions of Windows
#
# If you would like to submit a bug report, please visit:
#   https://youtrack.jetbrains.com/issues/JBR
# The crash happened outside the Java Virtual Machine in native code.
# See problematic frame for where to report the bug.
#

---------------  S U M M A R Y ------------

Command Line: -Dcompose.reload.argfile=C:\Users\Anant.gupta\IdeaProjects\KNet\desktopApp\build\run\main\main.argfile -Dcompose.reload.build.continuous=false -Dcompose.reload.build.warmup=true -Dcompose.reload.buildSystem=Gradle -Dcompose.reload.devToolsClasspath=C:\Users\Anant.gupta\.gradle\caches\modules-2\files-2.1\org.jetbrains.compose.hot-reload\hot-reload-devtools\1.1.1\bc27016efe338fc35c213cac2349d477adc08095\hot-reload-devtools-1.1.1.jar;C:\Users\Anant.gupta\.gradle\caches\modules-2\files-2.1\org.jetbrains.compose.hot-reload\hot-reload-devtools-api\1.1.1\78295e7e36c6e1258d87e238865978a1a980da99\hot-reload-devtools-api-1.1.1.jar;C:\Users\Anant.gupta\.gradle\caches\modules-2\files-2.1\org.jetbrains.compose.hot-reload\hot-reload-orchestration\1.1.1\7b5f9ed6f49115dd0ab30a91bd22214f101d23f\hot-reload-orchestration-1.1.1.jar;C:\Users\Anant.gupta\.gradle\caches\modules-2\files-2.1\org.jetbrains.compose.hot-reload\hot-reload-core\1.1.1\f31266b5813648696560864a541a2fe784a0a671\hot-reload-core-1.1.1.jar;C:\Users\Anant.gupta\.gradle\caches\modules-2\files-2.1\org.jetbrains.compose.hot-reload\hot-reload-runtime-api-jvm\1.1.1\61c13a79480c55140cbd9fe1ca651d86efcbee7\hot-reload-runtime-api-jvm-1.1.1.jar;C:\Users\Anant.gupta\.gradle\caches\modules-2\files-2.1\org.jetbrains.compose.desktop\desktop-jvm\1.10.0\42facd9840309ac4eb841a986c5d1b97d2780471\desktop-jvm-1.10.0.jar;C:\Users\Anant.gupta\.gradle\caches\modules-2\files-2.1\org.jetbrains.compose.components\components-resources-desktop\1.10.0\c6115b607f77e9d033de360f989850d3824bf112\library-desktop-1.10.0.jar;C:\Users\Anant.gupta\.gradle\caches\modules-2\files-2.1\io.sellmair\evas-compose-jvm\1.4.0\a89b78f345d4a21a29c295820e4aa931aec1b93b\evas-compose-jvm-1.4.0.jar;C:\Users\Anant.gupta\.gradle\caches\modules-2\files-2.1\io.sellmair\evas-jvm\1.4.0\3c6955af5c56c65290575b2b998ec166c5079de4\evas-jvm-1.4.0.jar;C:\Users\Anant.gupta\.gradle\caches\modules-2\files-2.1\org.jetbrains.skiko\skiko-awt-runtime-windows-x64\0.9.37.3\2f9bb0ad1dd10255bea3b0099940b7163bf40da7\skiko-awt-runtime-windows-x64-0.9.37.3.jar;C:\Users\Anant.gupta\.gradle\caches\modules-2\files-2.1\org.jetbrains.compose.material3\material3-desktop\1.9.0\19004c4eb3dc6618eb66a076bbe3d7e1a2e7b-Dcompose.reload.devToolsDetached=false -Dcompose.reload.devToolsEnabled=true -Dcompose.reload.devToolsHeadless=false -Dcompose.reload.devToolsTransparencyEnabled=true -Dcompose.reload.dirtyResolveDepthLimit=5 -Dcompose.reload.effectsEnabled=true -Dcompose.reload.isActive=true -Dcompose.reload.launchMode=GradleBlocking -Dcompose.reload.logLevel=Info -Dcompose.reload.logStdout=false -Dcompose.reload.mainClass=com.devuloopers.knet.MainKt -Dcompose.reload.pidFile=C:\Users\Anant.gupta\IdeaProjects\KNet\desktopApp\build\run\main\main.pid -Dcompose.reload.staticsReinitializeMode=AllDirty -Dcompose.reload.virtualMethodResolveEnabled=true -Dgradle.build.project=:desktopApp -Dgradle.build.root=C:\Users\Anant.gupta\IdeaProjects\KNet -Dgradle.build.task=hotReloadMain -Dgradle.offline.mode=false -Dorg.gradle.java.home=C:\Users\Anant.gupta\.gradle\jdks\azul_systems__inc_-21-amd64-windows.2 -XX:+IgnoreUnrecognizedVMOptions -XX:+AllowEnhancedClassRedefinition -javaagent:C:\Users\Anant.gupta\.gradle\caches\modules-2\files-2.1\org.jetbrains.compose.hot-reload\hot-reload-agent\1.1.1\15bff959a6459c2786e055fba794266fade25ade\hot-reload-agent-1.1.1.jar -Dfile.encoding=UTF-8 -Duser.country=US -Duser.language=en -Duser.variant com.devuloopers.knet.MainKt

Host: Intel(R) Core(TM) Ultra 5 226V, 8 cores, 15G,  Windows 11 , 64 bit Build 26100 (10.0.26100.8875)
Time: Sun Jul 26 02:05:18 2026 India Standard Time elapsed time: 151.928066 seconds (0d 0h 2m 31s)

---------------  T H R E A D  ---------------

Current thread (0x000001e5fbd4d990):  JavaThread "AWT-EventQueue-0"        [_thread_in_native, id=16824, stack(0x0000009c6bf00000,0x0000009c6c000000) (1024K)]

Stack: [0x0000009c6bf00000,0x0000009c6c000000],  sp=0x0000009c6bffe6b0,  free space=1017k
Native frames: (J=compiled Java code, j=interpreted, Vv=VM code, C=native code)
C  [skiko-windows-x64.dll+0x4ea82c]

Java frames: (J=compiled Java code, j=interpreted, Vv=VM code)
J 5508  org.jetbrains.skia.impl.Managed._nInvokeFinalizer(JJ)V (0 bytes) @ 0x000001e5e73d7b9c [0x000001e5e73d7b40+0x000000000000005c]
J 9780 c2 org.jetbrains.skia.impl.CleanableImpl.clean()V (21 bytes) @ 0x000001e5e7679380 [0x000001e5e7678fe0+0x00000000000003a0]
J 9850 c2 org.jetbrains.skia.impl.Managed.close()V (124 bytes) @ 0x000001e5e76a69a8 [0x000001e5e76a6940+0x0000000000000068]
j  org.jetbrains.skiko.context.ContextHandler.dispose()V+12
j  org.jetbrains.skiko.redrawer.Direct3DRedrawer.dispose()V+21
j  org.jetbrains.skiko.SkiaLayer.redrawerManager$lambda$0(Lorg/jetbrains/skiko/SkiaLayer;Lorg/jetbrains/skiko/GraphicsApi;Lorg/jetbrains/skiko/redrawer/Redrawer;)Lorg/jetbrains/skiko/redrawer/Redrawer;+11
j  org.jetbrains.skiko.SkiaLayer$$Lambda+0x000001e5822822a0.invoke(Ljava/lang/Object;Ljava/lang/Object;)Ljava/lang/Object;+12
j  org.jetbrains.skiko.redrawer.RedrawerManager.findNextWorkingRenderApi(Z)V+53
j  org.jetbrains.skiko.redrawer.RedrawerManager.findNextWorkingRenderApi$default(Lorg/jetbrains/skiko/redrawer/RedrawerManager;ZILjava/lang/Object;)V+10
J 10292 c2 org.jetbrains.skiko.redrawer.Direct3DRedrawer.draw(Lkotlin/coroutines/Continuation;)Ljava/lang/Object; (664 bytes) @ 0x000001e5e778935c [0x000001e5e77880a0+0x00000000000012bc]
J 8749 c1 org.jetbrains.skiko.redrawer.Direct3DRedrawer$draw$1.invokeSuspend(Ljava/lang/Object;)Ljava/lang/Object; (28 bytes) @ 0x000001e5e03cddc4 [0x000001e5e03cdcc0+0x0000000000000104]
J 8377 c2 kotlin.coroutines.jvm.internal.BaseContinuationImpl.resumeWith(Ljava/lang/Object;)V (124 bytes) @ 0x000001e5e7558da4 [0x000001e5e7558d40+0x0000000000000064]
J 10231 c2 kotlinx.coroutines.DispatchedTask.run()V (400 bytes) @ 0x000001e5e7736f50 [0x000001e5e7736920+0x0000000000000630]
J 9179 c2 java.awt.EventQueue.dispatchEvent(Ljava/awt/AWTEvent;)V java.desktop@21.0.11 (80 bytes) @ 0x000001e5e75c2be0 [0x000001e5e75c2600+0x00000000000005e0]
J 9297 c2 java.awt.EventDispatchThread.pumpOneEventForFilters(I)V java.desktop@21.0.11 (106 bytes) @ 0x000001e5e75dcfb8 [0x000001e5e75dcbe0+0x00000000000003d8]
j  java.awt.EventDispatchThread.pumpEventsForFilter(ILjava/awt/Conditional;Ljava/awt/EventFilter;)V+35 java.desktop@21.0.11
j  java.awt.EventDispatchThread.pumpEventsForHierarchy(ILjava/awt/Conditional;Ljava/awt/Component;)V+11 java.desktop@21.0.11
j  java.awt.EventDispatchThread.pumpEvents(ILjava/awt/Conditional;)V+4 java.desktop@21.0.11
j  java.awt.EventDispatchThread.pumpEvents(Ljava/awt/Conditional;)V+3 java.desktop@21.0.11
j  java.awt.EventDispatchThread.run()V+18 java.desktop@21.0.11
v  ~StubRoutines::call_stub 0x000001e5e6a9100d

siginfo: EXCEPTION_ACCESS_VIOLATION (0xc0000005), reading address 0x0000000000000000


Registers:
RAX=0x0000c106974dc823, RBX=0x000001e5ffad27b0, RCX=0x0000000000000000, RDX=0x0000000000000001
RSP=0x0000009c6bffe6b0, RBP=0x0000000000000001, RSI=0x000001e5fefc5ef0, RDI=0x000001e5fc775a90
R8 =0x000001e5fefc6240, R9 =0x0000009c6bffe800, R10=0x00007ff97a76208f, R11=0x000000000229a460
R12=0x0000000000000000, R13=0x0000009c6bffe9e8, R14=0x0000009c6bffe900, R15=0x000001e5fbd4d990
RIP=0x00007ff97703a82c, EFLAGS=0x0000000000010202

XMM[0]=0x0000000000000000 0x0000000000000000
XMM[1]=0x0000000000000000 0x0000000000000000
XMM[2]=0x0000000000000000 0x0000000000000000
XMM[3]=0x0000000000000000 0x0000000000000000
XMM[4]=0x0000000000000000 0x0000000000000000
XMM[5]=0x0000000000000000 0x0000000000000000
XMM[6]=0x0000000000000000 0x00000007ff6255b8
XMM[7]=0x0000000000000000 0x00000000e13ac142
XMM[8]=0x0000000000000000 0x0000000000000000
XMM[9]=0x0000000000000000 0x0000000709d609f0
XMM[10]=0x0000000000000000 0x0000000709d60a40
XMM[11]=0x0000000000000000 0x0000000709d60a10
XMM[12]=0x0000000000000000 0x00000000e11ef29f
XMM[13]=0x0000000000000000 0x0000000000000000
XMM[14]=0x0000000000000000 0x0000000000000008
XMM[15]=0x0000000000000000 0x0000000040bc0dda
  MXCSR=0x00001fa3


Register to memory mapping:

RAX=0x0000c106974dc823 is an unknown value
RBX=0x000001e5ffad27b0 points into unknown readable memory: 0x00007ff977703380 | 80 33 70 77 f9 7f 00 00
RCX=0x0 is null
RDX=0x0000000000000001 is an unknown value
RSP=0x0000009c6bffe6b0 is pointing into the stack for thread: 0x000001e5fbd4d990
RBP=0x0000000000000001 is an unknown value
RSI=0x000001e5fefc5ef0 points into unknown readable memory: 0x00007ff97772a2a8 | a8 a2 72 77 f9 7f 00 00
RDI=0x000001e5fc775a90 points into unknown readable memory: 0x00007ff9af4021e0 | e0 21 40 af f9 7f 00 00
R8 =0x000001e5fefc6240 points into unknown readable memory: 0x0000000000000000 | 00 00 00 00 00 00 00 00
R9 =0x0000009c6bffe800 is pointing into the stack for thread: 0x000001e5fbd4d990
R10=0x00007ff97a76208f jvm.dll::DTraceMethodProbes + 0x0
R11=36283488 is a compressed pointer to class: 0x000001e58229a460
org.jetbrains.skia.impl.Managed$CleanerThunk {0x000001e58229a468}
 - instance size:     4
 - klass size:        75
 - access:            public final synchronized 
 - flags:             rewritten has_nonstatic_fields should_verify_class has_localvariable_table has_final_method 
 - state:             fully_initialized
 - name:              'org/jetbrains/skia/impl/Managed$CleanerThunk'
 - super:             'java/lang/Object'
 - sub:               
 - arrays:            null
 - methods:           Array<T>(0x000001e5f86337f0)
 - method ordering:   Array<T>(0x000001e5f8634050)
 - local interfaces:  Array<T>(0x000001e5f86337e0)
 - trans. interfaces: Array<T>(0x000001e5f86337e0)
 - secondary supers: Array<T>(0x000001e5f86337e0)
 - hash_slot:         20
 - bitmap:            0x0010000000000000
 - constants:         constant pool [152] {0x000001e5f8633278} for 'org/jetbrains/skia/impl/Managed$CleanerThunk' cache=0x000001e5f8634078
 - class loader data:  loader data: 0x000001e5d9e86180 for instance a 'jdk/internal/loader/ClassLoaders$AppClassLoader'{0x0000000707556ce0}
 - source file:       'Managed.jvm.kt'
 - class annotations:       Array<T>(0x000001e5f8633f68)
 - inner classes:     Array<T>(0x000001e5f8633fe0)
 - nest members:     Array<T>(0x000001e580e4c198)
 - permitted subclasses:     Array<T>(0x000001e580e4c198)
 - java mirror:       a 'java/lang/Class'{0x0000000709d568f8} = 'org/jetbrains/skia/impl/Managed$CleanerThunk'
 - vtable length      5  (start addr: 0x000001e58229a660)
 - itable length      5 (start addr: 0x000001e58229a688)
 - ---- static fields (0 words):
 - ---- non-static fields (5 words):
 - private 'className' 'Ljava/lang/String;' @12 
 - private 'ptr' 'J' @16 
 - private 'finalizerPtr' 'J' @24 
 - non-static oop maps: 12-12 
R12=0x0 is null
R13=0x0000009c6bffe9e8 is pointing into the stack for thread: 0x000001e5fbd4d990
R14=0x0000009c6bffe900 is pointing into the stack for thread: 0x000001e5fbd4d990
R15=0x000001e5fbd4d990 is a thread

Top of Stack: (sp=0x0000009c6bffe6b0)
0x0000009c6bffe6b0:   00000007ff6255b8 0000000000000000   .Ub.............
0x0000009c6bffe6c0:   000001e5ffad27b0 0000009c6bffe800   .'.........k....
0x0000009c6bffe6d0:   000001e5ffad2848 00007ff977035e63   H(......c^.w....
0x0000009c6bffe6e0:   0000c106974dc823 000001e5ffad27b0   #.M......'......
0x0000009c6bffe6f0:   0000009c6bffe800 000001e5ffad2848   ...k....H(......
0x0000009c6bffe700:   0000009c6bffe900 00007ff976dc1f12   ...k.......v....
0x0000009c6bffe710:   0000000000000000 000001e5f8a13658   ........X6......
0x0000009c6bffe720:   0000009c6bffe850 000001e5fbddcf00   P..k............
0x0000009c6bffe730:   0000000000000000 0000c106974dc983   ..........M.....
0x0000009c6bffe740:   0000000708f0f878 0000009c6bffe910   x..........k....
0x0000009c6bffe750:   0000009c6bffe800 000001e5ffad27b0   ...k.....'......
0x0000009c6bffe760:   0000000000000000 0000009c6bffe900   ...........k....
0x0000009c6bffe770:   000001e5fbd4d990 00007ff976d9c31a   ...........v....
0x0000009c6bffe780:   000001e5f8463f60 00007ff976bf2e47   `?F.....G..v....
0x0000009c6bffe790:   0000009c6bffe910 0000000000000001   ...k............
0x0000009c6bffe7a0:   000001e5c43d8f40 0000000708f0f878   @.=.....x.......
0x0000009c6bffe7b0:   0000000000000001 000001e5c43d8f40   ........@.=.....
0x0000009c6bffe7c0:   0000009c6bffe900 00007ff976bf2a1b   ...k.....*.v....
0x0000009c6bffe7d0:   0000009c6bffe9e8 000001e5f8a11bb8   ...k............
0x0000009c6bffe7e0:   000001e5fbd4d990 000001e5f8a12e3c   ........<.......
0x0000009c6bffe7f0:   0000000000000000 000001e5f8a12e58   ........X.......
0x0000009c6bffe800:   0000000000000000 0000000000000000   ................
0x0000009c6bffe810:   0000000000000000 0000000000000000   ................
0x0000009c6bffe820:   0000000000000000 0000000000000000   ................
0x0000009c6bffe830:   0000000000000000 0000000000000000   ................
0x0000009c6bffe840:   0000000000000000 0000000000000000   ................
0x0000009c6bffe850:   0000c106974dc943 0000000000000001   C.M.............
0x0000009c6bffe860:   000001e5c43d8f40 00007ff976bf6d10   @.=......m.v....
0x0000009c6bffe870:   000001e5fbd4d990 00007ff979f3b46d   ........m..y....
0x0000009c6bffe880:   000000070c5f60d0 00000000000000b6   .`_.............
0x0000009c6bffe890:   0000009c6bffe959 000000070c5f7108   Y..k.....q_.....
0x0000009c6bffe8a0:   0000000708f76310 000001e5e73d7c37   .c......7|=.....

Instructions: (pc=0x00007ff97703a82c)
0x00007ff97703a72c:   00 48 8b 0a 48 85 c9 74 06 48 8b 01 ff 50 10 48
0x00007ff97703a73c:   8b 0f 48 85 c9 74 06 48 8b 01 ff 50 10 48 89 f0
0x00007ff97703a74c:   48 83 c4 28 5f 5e c3 cc cc cc cc cc cc cc cc cc
0x00007ff97703a75c:   cc cc cc cc 56 48 83 ec 20 48 89 ce 8b 91 d8 03
0x00007ff97703a76c:   00 00 85 d2 74 1e 48 8b 4e 08 4c 8b 86 d0 03 00
0x00007ff97703a77c:   00 48 8b 01 ff 90 d0 00 00 00 c7 86 d8 03 00 00
0x00007ff97703a78c:   00 00 00 00 48 8b 4e 08 48 8b 01 ff 50 48 85 c0
0x00007ff97703a79c:   0f 99 c0 48 83 c4 20 5e c3 cc cc cc cc cc cc cc
0x00007ff97703a7ac:   cc cc cc cc 56 48 83 ec 20 8b 91 d8 03 00 00 85
0x00007ff97703a7bc:   d2 74 25 48 8b 41 08 4c 8b 81 d0 03 00 00 4c 8b
0x00007ff97703a7cc:   08 48 89 ce 48 89 c1 41 ff 91 d0 00 00 00 c7 86
0x00007ff97703a7dc:   d8 03 00 00 00 00 00 00 48 83 c4 20 5e c3 cc cc
0x00007ff97703a7ec:   cc cc cc cc 41 56 56 57 53 48 83 ec 38 48 89 ce
0x00007ff97703a7fc:   48 8b 05 7d 4a 81 00 48 31 e0 48 89 44 24 30 80
0x00007ff97703a80c:   b9 40 03 00 00 00 74 78 48 89 d7 8b 96 d8 03 00
0x00007ff97703a81c:   00 85 d2 74 1e 48 8b 4e 08 4c 8b 86 d0 03 00 00
0x00007ff97703a82c:   48 8b 01 ff 90 d0 00 00 00 c7 86 d8 03 00 00 00
0x00007ff97703a83c:   00 00 00 48 8b 4e 08 48 8b 01 ff 50 48 85 c0 0f
0x00007ff97703a84c:   88 f6 00 00 00 48 8b 46 08 48 89 44 24 28 48 8b
0x00007ff97703a85c:   07 be 01 00 00 00 4c 8d 44 24 28 48 89 f9 ba 01
0x00007ff97703a86c:   00 00 00 ff 50 50 48 8b 4c 24 30 48 31 e1 48 3b
0x00007ff97703a87c:   0d ff 49 81 00 0f 84 b4 00 00 00 e9 d1 00 00 00
0x00007ff97703a88c:   48 63 86 e8 03 00 00 48 85 c0 0f 84 82 00 00 00
0x00007ff97703a89c:   48 8b 9e e0 03 00 00 4c 8d 34 c3 eb 24 4c 8d 47
0x00007ff97703a8ac:   38 0f b6 57 30 48 8b 4f 28 ff d0 ba 40 00 00 00
0x00007ff97703a8bc:   48 89 f9 e8 f8 f7 54 00 48 83 c3 08 4c 39 f3 73
0x00007ff97703a8cc:   51 48 8b 3b 48 85 ff 74 ef f0 ff 0f 75 ea 48 8b
0x00007ff97703a8dc:   47 20 48 85 c0 75 c6 48 8b 47 10 48 85 c0 74 0c
0x00007ff97703a8ec:   48 8d 57 38 48 8b 4f 28 ff d0 eb bf 48 8b 47 18
0x00007ff97703a8fc:   48 85 c0 74 0c 0f b6 57 30 48 8b 4f 28 ff d0 eb
0x00007ff97703a90c:   aa 48 8b 47 08 48 85 c0 74 a1 48 8b 4f 28 ff d0
0x00007ff97703a91c:   eb 99 c7 86 e8 03 00 00 00 00 00 00 31 f6 48 8b


Stack slot to memory mapping:

stack at sp + 0 slots: 0x00000007ff6255b8 is an oop: [Ljava.lang.Object; 
{0x00000007ff6255b8} - klass: 'java/lang/Object'[]
 - length: 9
stack at sp + 1 slots: 0x0 is null
stack at sp + 2 slots: 0x000001e5ffad27b0 points into unknown readable memory: 0x00007ff977703380 | 80 33 70 77 f9 7f 00 00
stack at sp + 3 slots: 0x0000009c6bffe800 is pointing into the stack for thread: 0x000001e5fbd4d990
stack at sp + 4 slots: 0x000001e5ffad2848 points into unknown readable memory: 0x000001e5ffad27b0 | b0 27 ad ff e5 01 00 00
stack at sp + 5 slots: 0x00007ff977035e63 skiko-windows-x64.dll
stack at sp + 6 slots: 0x0000c106974dc823 is an unknown value
stack at sp + 7 slots: 0x000001e5ffad27b0 points into unknown readable memory: 0x00007ff977703380 | 80 33 70 77 f9 7f 00 00


Compiled method (n/a) 152226 5508     n 0       org.jetbrains.skia.impl.Managed::_nInvokeFinalizer (native)
 total in heap  [0x000001e5e73d7990,0x000001e5e73d7d68] = 984
 relocation     [0x000001e5e73d7af0,0x000001e5e73d7b28] = 56
 main code      [0x000001e5e73d7b40,0x000001e5e73d7d5b] = 539
 stub code      [0x000001e5e73d7d5b,0x000001e5e73d7d60] = 5
 oops           [0x000001e5e73d7d60,0x000001e5e73d7d68] = 8

[Constant Pool (empty)]

[MachCode]
[Entry Point]
  # {method} {0x000001e5f8464108} '_nInvokeFinalizer' '(JJ)V' in 'org/jetbrains/skia/impl/Managed'
  # parm0:    rdx:rdx   = long
  # parm1:    r8:r8     = long
  #           [sp+0x70]  (sp of caller)
  0x000001e5e73d7b40: 448b 5208 | 49bb 0000 | 0080 e501 | 0000 4d03 | d349 3bc2 | 0f84 0600 

  0x000001e5e73d7b58: ;   {runtime_call ic_miss_stub}
  0x000001e5e73d7b58: 0000 e921 | 6c70 ff90 
[Verified Entry Point]
  0x000001e5e73d7b60: 8984 2400 | 80ff ff55 | 488b ec48 | 83ec 6090 | 4181 7f20 | 0f00 0000 

  0x000001e5e73d7b78: ;   {runtime_call StubRoutines (final stubs)}
  0x000001e5e73d7b78: 7405 e861 | e96e ff4d | 8bc8 4c8b 

  0x000001e5e73d7b84: ;   {oop(a 'java/lang/Class'{0x0000000709d4f8a0} = 'org/jetbrains/skia/impl/Managed')}
  0x000001e5e73d7b84: c249 bea0 | f8d4 0907 | 0000 004c | 8974 2450 | 4c8d 7424 | 5049 8bd6 

  0x000001e5e73d7b9c: ;   {internal_word}
  0x000001e5e73d7b9c: c5f8 7749 | ba9c 7b3d | e7e5 0100 | 004d 8997 | a803 0000 | 4989 a7a0 

  0x000001e5e73d7bb4: ;   {external_word}
  0x000001e5e73d7bb4: 0300 0049 | ba8f 2076 | 7af9 7f00 | 0041 803a | 000f 844e | 0000 0052 | 4150 4151 

  0x000001e5e73d7bd0: ;   {metadata({method} {0x000001e5f8464108} '_nInvokeFinalizer' '(JJ)V' in 'org/jetbrains/skia/impl/Managed')}
  0x000001e5e73d7bd0: 48ba 0041 | 46f8 e501 | 0000 498b | cf48 83ec | 2040 f6c4 | 0f0f 8419 | 0000 0048 

  0x000001e5e73d7bec: ;   {runtime_call SharedRuntime::dtrace_method_exit}
  0x000001e5e73d7bec: 83ec 0848 | b880 4a1f | 7af9 7f00 | 00ff d048 | 83c4 08e9 | 0c00 0000 

  0x000001e5e73d7c04: ;   {runtime_call SharedRuntime::dtrace_method_exit}
  0x000001e5e73d7c04: 48b8 804a | 1f7a f97f | 0000 ffd0 | 4883 c420 | 4159 4158 | 5a49 8d8f | c003 0000 | 41c7 874c 
  0x000001e5e73d7c24: 0400 0004 

  0x000001e5e73d7c28: ;   {runtime_call}
  0x000001e5e73d7c28: 0000 0048 | b870 18b6 | 76f9 7f00 | 00ff d0c5 | f877 41c7 | 874c 0400 | 0005 0000 | 00f0 8344 
  0x000001e5e73d7c48: 24c0 0049 | 3baf 5004 | 0000 0f87 | 0e00 0000 | 4183 bf48 | 0400 0000 | 0f84 2300 | 0000 c5f8 
  0x000001e5e73d7c68: 7749 8bcf | 4c8b e448 | 83ec 2048 

  0x000001e5e73d7c74: ;   {runtime_call JavaThread::check_special_condition_for_native_trans}
  0x000001e5e73d7c74: 83e4 f048 | b8b0 21ea | 79f9 7f00 | 00ff d049 | 8be4 4d33 | e441 c787 | 4c04 0000 | 0800 0000 
  0x000001e5e73d7c94: 4183 bfc8 | 0400 0002 | 0f84 9400 

  0x000001e5e73d7ca0: ;   {external_word}
  0x000001e5e73d7ca0: 0000 49ba | 8f20 767a | f97f 0000 | 4180 3a00 | 0f84 4400 

  0x000001e5e73d7cb4: ;   {metadata({method} {0x000001e5f8464108} '_nInvokeFinalizer' '(JJ)V' in 'org/jetbrains/skia/impl/Managed')}
  0x000001e5e73d7cb4: 0000 48ba | 0041 46f8 | e501 0000 | 498b cf48 | 83ec 2040 | f6c4 0f0f | 8419 0000 | 0048 83ec 
  0x000001e5e73d7cd4: ;   {runtime_call SharedRuntime::dtrace_method_exit}
  0x000001e5e73d7cd4: 0848 b880 | 4a1f 7af9 | 7f00 00ff | d048 83c4 | 08e9 0c00 

  0x000001e5e73d7ce8: ;   {runtime_call SharedRuntime::dtrace_method_exit}
  0x000001e5e73d7ce8: 0000 48b8 | 804a 1f7a | f97f 0000 | ffd0 4883 | c420 49c7 | 87a0 0300 | 0000 0000 | 0049 c787 
  0x000001e5e73d7d08: a803 0000 | 0000 0000 | c5f8 7749 | 8b8f 3004 | 0000 c781 | 0001 0000 | 0000 0000 | c949 837f 
  0x000001e5e73d7d28: 0800 0f85 | 0100 0000 

  0x000001e5e73d7d30: ;   {runtime_call StubRoutines (initial stubs)}
  0x000001e5e73d7d30: c3e9 ca91 | 6bff c5f8 | 774c 8be4 | 4883 ec20 | 4883 e4f0 

  0x000001e5e73d7d44: ;   {runtime_call SharedRuntime::reguard_yellow_pages}
  0x000001e5e73d7d44: 48b8 a081 | 1f7a f97f | 0000 ffd0 | 498b e44d | 33e4 e947 | ffff fff4 | f4f4 f4f4 
[/MachCode]


Compiled method (c2) 152249 9780       4       org.jetbrains.skia.impl.CleanableImpl::clean (21 bytes)
 total in heap  [0x000001e5e7678d90,0x000001e5e767a198] = 5128
 relocation     [0x000001e5e7678ef0,0x000001e5e7678fc8] = 216
 main code      [0x000001e5e7678fe0,0x000001e5e7679c70] = 3216
 stub code      [0x000001e5e7679c70,0x000001e5e7679cb8] = 72
 oops           [0x000001e5e7679cb8,0x000001e5e7679ce0] = 40
 metadata       [0x000001e5e7679ce0,0x000001e5e7679d80] = 160
 scopes data    [0x000001e5e7679d80,0x000001e5e7679f88] = 520
 scopes pcs     [0x000001e5e7679f88,0x000001e5e767a0e8] = 352
 dependencies   [0x000001e5e767a0e8,0x000001e5e767a110] = 40
 handler table  [0x000001e5e767a110,0x000001e5e767a170] = 96
 nul chk table  [0x000001e5e767a170,0x000001e5e767a198] = 40

[Constant Pool (empty)]

[MachCode]
[Entry Point]
  # {method} {0x000001e5f8634e40} 'clean' '()V' in 'org/jetbrains/skia/impl/CleanableImpl'
  #           [sp+0x70]  (sp of caller)
  0x000001e5e7678fe0: 448b 5208 | 49bb 0000 | 0080 e501 | 0000 4d03 | d349 3bc2 

  0x000001e5e7678ff4: ;   {runtime_call ic_miss_stub}
  0x000001e5e7678ff4: 0f85 8657 | 46ff 6690 | 0f1f 4000 
[Verified Entry Point]
  0x000001e5e7679000: 8984 2400 | 80ff ff55 | 4883 ec60 | 4181 7f20 | 0f00 0000 | 0f85 4a0c | 0000 4889 | 5424 2044 
  0x000001e5e7679020: 8b52 2444 | 8954 2438 | 4585 d20f | 8443 0700 | 004b 8d3c | d448 8d5c | 2450 488b | 07a8 020f 
  0x000001e5e7679040: 8523 0000 | 0048 83c8 | 0148 8903 | f048 0fb1 | 1f0f 8437 | 0000 0048 | 2bc4 4825 | 07f0 ffff 
  0x000001e5e7679060: 4889 03e9 | 2400 0000 | 4c8b d048 | 33c0 f04d | 0fb1 7a3e | 48c7 0303 | 0000 0074 | 114c 3bf8 
  0x000001e5e7679080: 7515 49ff | 8286 0000 | 0048 33c0 | 7509 49ff | 8750 0500 | 0033 c00f | 85ef 0600 | 004c 8b54 
  0x000001e5e76790a0: 2420 458b | 4a20 4d8b | d149 c1e2 | 034c 8b5c | 2420 4d3b | d30f 84b8 | 0700 0047 | 8b5c cc08 
  0x000001e5e76790c0: 4c8b 5424 | 2041 8b6a 

  0x000001e5e76790c8: ;   {metadata('org/jetbrains/skia/impl/CleanableImpl')}
  0x000001e5e76790c8: 1c41 81fb | b8a6 2902 | 0f85 e406 | 0000 4b8d | 1ccc 4180 | 7f40 000f | 85f5 0300 | 0089 6b1c 
  0x000001e5e76790e8: 4c8b d34c | 8bdd 49c1 | e303 4d33 | da49 c1eb | 154d 85db | 741e 85ed | 741a 49c1 | ea09 48b9 
  0x000001e5e7679108: 0070 f6eb | e501 0000 | 4903 ca80 | 3902 0f85 | 6d04 0000 | 4c8b 5424 | 2045 8b5a | 1c47 8b54 
  0x000001e5e7679128: dc08 4c8b | 4424 2041 | 8b68 204b | 8d1c dc48 | 8bf5 48c1 

  0x000001e5e767913c: ;   {metadata('org/jetbrains/skia/impl/Cleaner$list$1')}
  0x000001e5e767913c: e603 4181 | fa00 0027 | 020f 8497 

  0x000001e5e7679148: ;   {metadata('org/jetbrains/skia/impl/CleanableImpl')}
  0x000001e5e7679148: 0000 0041 | 81fa b8a6 | 2902 0f85 | b907 0000 | 4180 7f40 | 000f 85f9 | 0400 0089 | 6b20 4c8b 
  0x000001e5e7679168: d64c 8bdb | 4d33 d349 | c1ea 154d | 85d2 0f84 | a400 0000 | 85ed 0f84 | 9c00 0000 | 49c1 eb09 
  0x000001e5e7679188: 48b9 0070 | f6eb e501 | 0000 4903 | cb80 3902 | 0f84 8200 | 0000 4d8b | 5748 4d8b | 5f58 f083 
  0x000001e5e76791a8: 4424 c000 | 8039 0074 | 6f44 8821 | 4d85 d275 | 1a49 8bd7 | 49ba f043 | dd79 f97f | 0000 41ff 
  0x000001e5e76791c8: ;   {other}
  0x000001e5e76791c8: d20f 1f84 | 0000 0000 | 00eb 4d4b | 894c 13f8 | 4983 c2f8 | 4d89 5748 | eb3e 4180 | 7f40 000f 
  0x000001e5e76791e8: 85ea 0300 | 0089 6b10 | 4c8b d64c | 8bdb 4d33 | d349 c1ea | 154d 85d2 | 741e 85ed | 741a 49c1 
  0x000001e5e7679208: eb09 48b9 | 0070 f6eb | e501 0000 | 4903 cb80 | 3902 0f85 | ee03 0000 | 4180 7f40 | 000f 8522 
  0x000001e5e7679228: 0300 0041 | 807f 4000 | 0f85 db02 | 0000 4c8b | 5424 204d | 8bda 49c1 | eb03 4589 | 5a1c 4589 
  0x000001e5e7679248: 5a20 488d | 4424 5048 | 8338 000f | 8479 0000 | 004c 8b17 | 41f6 c202 | 0f84 6200 | 0000 4983 
  0x000001e5e7679268: ba86 0000 | 0000 7409 | 49ff 8a86 | 0000 00eb | 4b49 8b82 | 9600 0000 | 490b 828e | 0000 0075 
  0x000001e5e7679288: 0a49 c742 | 3e00 0000 | 00eb 3d49 | 83ba 9e00 | 0000 0074 | 2248 33c0 | 49c7 423e | 0000 0000 
  0x000001e5e76792a8: f083 0424 | 0049 83ba | 9e00 0000 | 0075 0df0 | 4d0f b17a | 3e75 0583 | c801 eb0c | a800 eb08 
  0x000001e5e76792c8: ;   {no_reloc}
  0x000001e5e76792c8: 4c8b 10f0 | 4c0f b117 | 750a 49ff | 8f50 0500 | 0045 33d2 | 0f85 0205 | 0000 488b 

  0x000001e5e76792e4: ;   {optimized virtual_call}
  0x000001e5e76792e4: 5424 20e8 

  0x000001e5e76792e8: ; ImmutableOopMap {[32]=Oop }
                      ;*invokevirtual clear0 {reexecute=0 rethrow=0 return_oop=0}
                      ; - java.lang.ref.Reference::clear@1 (line 398)
                      ; - org.jetbrains.skia.impl.CleanableImpl::clean@8 (line 82)
  0x000001e5e76792e8: 54e8 9dff 

  0x000001e5e76792ec: ;   {other}
  0x000001e5e76792ec: 0f1f 8400 | 5c05 0000 | 4c8b 5424 | 2041 8b6a | 2845 8b5c 

  0x000001e5e7679300: ;   {metadata('org/jetbrains/skia/impl/Managed$CleanerThunk')}
  0x000001e5e7679300: ec08 4181 | fb60 a429 | 020f 85fa | 0400 0049 

  0x000001e5e7679310: ;   {oop(a 'kotlin/SynchronizedLazyImpl'{0x0000000709d55548})}
  0x000001e5e7679310: 8d3c ec49 | ba48 55d5 | 0907 0000 | 0041 8b6a 

  0x000001e5e7679320: ;   {oop(a 'kotlin/UNINITIALIZED_VALUE'{0x000000070749e488})}
  0x000001e5e7679320: 1081 fd91 | 3ce9 e074 | 7245 8b54 

  0x000001e5e767932c: ;   {metadata('org/jetbrains/skiko/DefaultConsoleLogger')}
  0x000001e5e767932c: ec08 4181 | fa88 bd28 | 020f 8595 | 0700 004d | 8d14 ec41 | 0fb6 6a0c | 85ed 0f85 | 5805 0000 
  0x000001e5e767934c: 448b 470c | 4585 c00f | 8463 0500 

  0x000001e5e7679358: ;   {oop(a 'java/lang/Class'{0x0000000709d569c0} = 'org/jetbrains/skia/impl/Stats')}
  0x000001e5e7679358: 0049 bac0 | 69d5 0907 | 0000 0041 | 0fb6 aa80 | 0000 0085 | ed0f 8565 | 0500 0048 | 8b57 184c 
  0x000001e5e7679378: ;   {static_call}
  0x000001e5e7679378: 8b47 10e8 

  0x000001e5e767937c: ; ImmutableOopMap {}
                      ;*invokestatic _nInvokeFinalizer {reexecute=0 rethrow=0 return_oop=0}
                      ; - org.jetbrains.skia.impl.Managed$Companion::_nInvokeFinalizer@2
                      ; - org.jetbrains.skia.impl.Managed$CleanerThunk::run@110 (line 34)
                      ; - org.jetbrains.skia.impl.CleanableImpl::clean@15 (line 83)
  0x000001e5e767937c: e0e7 d5ff 

  0x000001e5e7679380: ;   {other}
  0x000001e5e7679380: 0f1f 8400 | f005 0001 | 4883 c460 

  0x000001e5e767938c: ;   {poll_return}
  0x000001e5e767938c: 5d49 3ba7 | 5004 0000 | 0f87 b408 | 0000 c345 | 8b5a 1445 | 85db 0f84 | 8506 0000 | 49c1 e303 
  0x000001e5e76793ac: 488d 5c24 | 5049 8b03 | a802 0f85 | 2300 0000 | 4883 c801 | 4889 03f0 | 490f b11b | 0f84 3700 
  0x000001e5e76793cc: 0000 482b | c448 2507 | f0ff ff48 | 8903 e924 | 0000 004c | 8bd0 4833 | c0f0 4d0f | b17a 3e48 
  0x000001e5e76793ec: c703 0300 | 0000 7411 | 4c3b f875 | 1549 ff82 | 8600 0000 | 4833 c075 | 0949 ff87 | 5005 0000 
  0x000001e5e767940c: 33c0 0f85 | 3006 0000 

  0x000001e5e7679414: ;   {oop(a 'kotlin/SynchronizedLazyImpl'{0x0000000709d55548})}
  0x000001e5e7679414: 49ba 4855 | d509 0700 | 0000 458b 

  0x000001e5e7679420: ;   {oop(a 'kotlin/UNINITIALIZED_VALUE'{0x000000070749e488})}
  0x000001e5e7679420: 5210 4181 | fa91 3ce9 | e00f 8464 | 0200 0049 | 8bda 48c1 | e303 488d | 4424 5048 | 8338 000f 
  0x000001e5e7679440: 8479 0000 | 004d 8b13 | 41f6 c202 | 0f84 6200 | 0000 4983 | ba86 0000 | 0000 7409 | 49ff 8a86 
  0x000001e5e7679460: 0000 00eb | 4b49 8b82 | 9600 0000 | 490b 828e | 0000 0075 | 0a49 c742 | 3e00 0000 | 00eb 3d49 
  0x000001e5e7679480: 83ba 9e00 | 0000 0074 | 2248 33c0 | 49c7 423e | 0000 0000 | f083 0424 | 0049 83ba | 9e00 0000 
  0x000001e5e76794a0: 0075 0df0 | 4d0f b17a | 3e75 0583 | c801 eb0c | a800 eb08 | 4c8b 10f0 | 4d0f b113 | 750a 49ff 
  0x000001e5e76794c0: 8f50 0500 | 0045 33d2 | 0f85 a305 | 0000 488b | eb48 c1ed | 03e9 4ffe | ffff 448b | 5b1c 4585 
  0x000001e5e76794e0: db0f 84fe | fbff ff4d | 8b57 2849 | 8bcb 48c1 | e103 4d85 | d20f 8421 | 0300 004d | 8b5f 384b 
  0x000001e5e7679500: 894c 13f8 | 4983 c2f8 | 4d89 5728 | e9d4 fbff | ff4c 8b54 | 2420 458b | 5220 4585 | d20f 8413 
  0x000001e5e7679520: ;   {no_reloc}
  0x000001e5e7679520: fdff ff4d | 8b5f 2849 | 8bca 48c1 | e103 4d85 | db0f 841f | 0300 004d | 8b57 384b | 894c 1af8 
  0x000001e5e7679540: 4983 c3f8 | 4d89 5f28 | e9e9 fcff | ff4c 8b54 | 2420 458b | 521c 4585 | d20f 84cc | fcff ff4d 
  0x000001e5e7679560: 8b5f 2849 | 8bca 48c1 | e103 4d85 | db0f 84c6 | 0200 004d | 8b57 384b | 894c 1af8 | 4983 c3f8 
  0x000001e5e7679580: 4d89 5f28 | e9a2 fcff | ff4d 8b57 | 484d 8b5f | 58f0 8344 | 24c0 0080 | 3900 0f84 | 7cfb ffff 
  0x000001e5e76795a0: 4488 214d | 85d2 751d | 498b d749 | baf0 43dd | 79f9 7f00 | 0041 ffd2 

  0x000001e5e76795b8: ;   {other}
  0x000001e5e76795b8: 0f1f 8400 | 0000 0000 | e957 fbff | ff4b 894c | 13f8 4983 | c2f8 4d89 | 5748 e945 | fbff ff44 
  0x000001e5e76795d8: 8b5b 1045 | 85db 0f84 | 09fc ffff | 4d8b 5728 | 498b cb48 | c1e1 034d | 85d2 0f84 | fc02 0000 
  0x000001e5e76795f8: 4d8b 5f38 | 4b89 4c13 | f849 83c2 | f84d 8957 | 28e9 dffb | ffff 4d8b | 5748 4d8b | 5f58 f083 
  0x000001e5e7679618: 4424 c000 | 8039 000f | 84fb fbff | ff44 8821 | 4d85 d275 | 1d49 8bd7 | 49ba f043 | dd79 f97f 
  0x000001e5e7679638: 0000 41ff 

  0x000001e5e767963c: ;   {other}
  0x000001e5e767963c: d20f 1f84 | 0000 0000 | 00e9 d6fb | ffff 4b89 | 4c13 f849 | 83c2 f84d | 8957 48e9 | c4fb ffff 
  0x000001e5e767965c: 448b 5b20 | 4585 db0f | 84fa faff | ff4d 8b57 | 2849 8bcb | 48c1 e103 | 4d85 d20f | 8493 0300 
  0x000001e5e767967c: 004d 8b5f | 384b 894c | 13f8 4983 | c2f8 4d89 | 5728 e9d0 | faff ff4c | 895c 2428 | 4889 7c24 
  0x000001e5e767969c: ;   {oop(a 'kotlin/SynchronizedLazyImpl'{0x0000000709d55548})}
  0x000001e5e767969c: 2049 ba48 | 55d5 0907 | 0000 0041 | 8b6a 0c4c | 8bd5 49c1 | e203 4c89 | 5424 3049 

  0x000001e5e76796b8: ;   {static_call}
  0x000001e5e76796b8: 8bd2 90e8 

  0x000001e5e76796bc: ; ImmutableOopMap {rbp=NarrowOop [32]=Oop [40]=Oop [48]=Oop }
                      ;*invokestatic checkNotNull {reexecute=0 rethrow=0 return_oop=0}
                      ; - kotlin.SynchronizedLazyImpl::getValue@48 (line 86)
                      ; - org.jetbrains.skiko.Logger::getLoggerImpl@5 (line 116)
                      ; - org.jetbrains.skia.impl.Managed$CleanerThunk::run@7 (line 149)
                      ; - org.jetbrains.skia.impl.CleanableImpl::clean@15 (line 83)
  0x000001e5e76796bc: c059 46ff 

  0x000001e5e76796c0: ;   {other}
  0x000001e5e76796c0: 0f1f 8400 | 3009 0002 | 488b 5424 | 3048 8b6c | 2420 6666 | 9048 b8ff | ffff ffff 

  0x000001e5e76796dc: ;   {virtual_call}
  0x000001e5e76796dc: ffff ffe8 

  0x000001e5e76796e0: ; ImmutableOopMap {rbp=Oop [40]=Oop }
                      ;*invokeinterface invoke {reexecute=0 rethrow=0 return_oop=1}
                      ; - kotlin.SynchronizedLazyImpl::getValue@51 (line 86)
                      ; - org.jetbrains.skiko.Logger::getLoggerImpl@5 (line 116)
                      ; - org.jetbrains.skia.impl.Managed$CleanerThunk::run@7 (line 149)
                      ; - org.jetbrains.skia.impl.CleanableImpl::clean@15 (line 83)
  0x000001e5e76796e0: 9c56 46ff 

  0x000001e5e76796e4: ;   {other}
  0x000001e5e76796e4: 0f1f 8400 | 5409 0003 | 488b d841 | 807f 4000 | 0f85 4202 | 0000 4c8b | d349 c1ea 

  0x000001e5e7679700: ;   {oop(a 'kotlin/SynchronizedLazyImpl'{0x0000000709d55548})}
  0x000001e5e7679700: 0349 bb48 | 55d5 0907 | 0000 0045 

  0x000001e5e767970c: ;   {oop(a 'kotlin/SynchronizedLazyImpl'{0x0000000709d55548})}
  0x000001e5e767970c: 8953 1049 | ba48 55d5 | 0907 0000 | 004c 8bdb | 4d33 da49 | c1eb 154d | 85db 7420 | 4885 db74 
  0x000001e5e767972c: 1b49 c1ea | 0949 b800 | 70f6 ebe5 | 0100 004d | 03c2 4180 | 3802 0f85 | 7602 0000 | f083 4424 
  0x000001e5e767974c: c000 4180 | 7f40 000f | 8524 0200 

  0x000001e5e7679758: ;   {oop(a 'kotlin/SynchronizedLazyImpl'{0x0000000709d55548})}
  0x000001e5e7679758: 0049 ba48 | 55d5 0907 | 0000 0045 | 8962 0c48 | 8bfd 4c8b | 5c24 28e9 | c2fc ffff | baf6 ffff 
  0x000001e5e7679778: ff48 8b6c 

  0x000001e5e767977c: ;   {runtime_call UncommonTrapBlob}
  0x000001e5e767977c: 2420 90e8 

  0x000001e5e7679780: ; ImmutableOopMap {rbp=Oop }
                      ;*monitorenter {reexecute=0 rethrow=0 return_oop=0}
                      ; - org.jetbrains.skia.impl.CleanableImpl::remove@6 (line 101)
                      ; - org.jetbrains.skia.impl.CleanableImpl::clean@1 (line 81)
  0x000001e5e7679780: fcab 46ff 

  0x000001e5e7679784: ;   {other}
  0x000001e5e7679784: 0f1f 8400 | f409 0004 | 488b d74c | 8d44 2450 | 488b 6c24 | 2048 897c | 2430 4889 

  0x000001e5e76797a0: ;   {runtime_call _complete_monitor_locking_Java}
  0x000001e5e76797a0: 7c24 40e8 

  0x000001e5e76797a4: ; ImmutableOopMap {rbp=Oop [32]=Oop [48]=Oop [56]=NarrowOop [64]=Oop }
                      ;*monitorenter {reexecute=0 rethrow=0 return_oop=0}
                      ; - org.jetbrains.skia.impl.CleanableImpl::remove@6 (line 101)
                      ; - org.jetbrains.skia.impl.CleanableImpl::clean@1 (line 81)
  0x000001e5e76797a4: d81b 53ff 

  0x000001e5e76797a8: ;   {other}
  0x000001e5e76797a8: 0f1f 8400 | 180a 0005 | 488b 7c24 | 30e9 e3f8 | ffff bade | ffff ff48 | 8944 24f8 | 8b44 2438 
  0x000001e5e76797c8: 8944 2430 | 488b 4424 | f844 894c 

  0x000001e5e76797d4: ;   {runtime_call UncommonTrapBlob}
  0x000001e5e76797d4: 2438 90e8 

  0x000001e5e76797d8: ; ImmutableOopMap {rbp=NarrowOop [32]=Oop [48]=NarrowOop [56]=NarrowOop }
                      ;*invokeinterface setPrev {reexecute=0 rethrow=0 return_oop=0}
                      ; - org.jetbrains.skia.impl.CleanableImpl::remove@30 (line 103)
                      ; - org.jetbrains.skia.impl.CleanableImpl::clean@1 (line 81)
  0x000001e5e76797d8: a4ab 46ff 

  0x000001e5e76797dc: ;   {other}
  0x000001e5e76797dc: 0f1f 8400 | 4c0a 0006 | 488b cf48 | 8d54 2450 | 4d8b c749 | bab0 381f | 7af9 7f00 | 0041 ffd2 
  0x000001e5e76797fc: ;   {other}
  0x000001e5e76797fc: 0f1f 8400 | 0000 0000 | e9d9 faff | ffba deff 

  0x000001e5e767980c: ;   {runtime_call UncommonTrapBlob}
  0x000001e5e767980c: ffff 90e8 

  0x000001e5e7679810: ; ImmutableOopMap {rbp=NarrowOop }
                      ;*invokeinterface run {reexecute=0 rethrow=0 return_oop=0}
                      ; - org.jetbrains.skia.impl.CleanableImpl::clean@15 (line 83)
  0x000001e5e7679810: 6cab 46ff 

  0x000001e5e7679814: ;   {other}
  0x000001e5e7679814: 0f1f 8400 | 840a 0007 | 498b d749 | ba10 44dd | 79f9 7f00 | 0041 ffd2 

  0x000001e5e767982c: ;   {other}
  0x000001e5e767982c: 0f1f 8400 | 0000 0000 | e9ac f8ff | ff49 8bd7 | 49ba 1044 | dd79 f97f | 0000 41ff 

  0x000001e5e7679848: ;   {other}
  0x000001e5e7679848: d20f 1f84 | 0000 0000 | 00e9 d5f9 | ffff 498b | d749 ba10 | 44dd 79f9 | 7f00 0041 

  0x000001e5e7679864: ;   {other}
  0x000001e5e7679864: ffd2 0f1f | 8400 0000 | 0000 e9c3 | f9ff ffba | 45ff ffff | 4889 4424 | f88b 4424 | 3889 4424 
  0x000001e5e7679884: 2848 8b44 | 24f8 4c89 | 5c24 3044 | 894c 2438 

  0x000001e5e7679894: ;   {runtime_call UncommonTrapBlob}
  0x000001e5e7679894: 6666 90e8 

  0x000001e5e7679898: ; ImmutableOopMap {[32]=Oop [40]=NarrowOop [48]=Oop [56]=NarrowOop }
                      ;*if_acmpeq {reexecute=1 rethrow=0 return_oop=0}
                      ; - (reexecute) org.jetbrains.skia.impl.CleanableImpl::remove@15 (line 102)
                      ; - org.jetbrains.skia.impl.CleanableImpl::clean@1 (line 81)
  0x000001e5e7679898: e4aa 46ff 

  0x000001e5e767989c: ;   {other}
  0x000001e5e767989c: 0f1f 8400 | 0c0b 0008 | ba45 ffff | ff48 897c 

  0x000001e5e76798ac: ;   {runtime_call UncommonTrapBlob}
  0x000001e5e76798ac: 2420 90e8 

  0x000001e5e76798b0: ; ImmutableOopMap {[32]=Oop }
                      ;*ifeq {reexecute=1 rethrow=0 return_oop=0}
                      ; - (reexecute) org.jetbrains.skia.impl.Managed$CleanerThunk::run@15 (line 149)
                      ; - org.jetbrains.skia.impl.CleanableImpl::clean@15 (line 83)
  0x000001e5e76798b0: ccaa 46ff 

  0x000001e5e76798b4: ;   {other}
  0x000001e5e76798b4: 0f1f 8400 | 240b 0009 | ba45 ffff | ff48 8bef | 4489 4424 

  0x000001e5e76798c8: ;   {runtime_call UncommonTrapBlob}
  0x000001e5e76798c8: 2466 90e8 

  0x000001e5e76798cc: ; ImmutableOopMap {rbp=Oop [36]=NarrowOop }
                      ;*ifnonnull {reexecute=1 rethrow=0 return_oop=0}
                      ; - (reexecute) kotlin.jvm.internal.Intrinsics::checkNotNullParameter@1 (line 130)
                      ; - org.jetbrains.skia.impl.Stats::onDeallocated@3
                      ; - org.jetbrains.skia.impl.Managed$CleanerThunk::run@90 (line 32)
                      ; - org.jetbrains.skia.impl.CleanableImpl::clean@15 (line 83)
  0x000001e5e76798cc: b0aa 46ff 

  0x000001e5e76798d0: ;   {other}
  0x000001e5e76798d0: 0f1f 8400 | 400b 000a | ba45 ffff | ff48 897c | 2420 4489 

  0x000001e5e76798e4: ;   {runtime_call UncommonTrapBlob}
  0x000001e5e76798e4: 4424 28e8 

  0x000001e5e76798e8: ; ImmutableOopMap {[32]=Oop [40]=NarrowOop }
                      ;*ifeq {reexecute=1 rethrow=0 return_oop=0}
                      ; - (reexecute) org.jetbrains.skia.impl.Stats::onDeallocated@9 (line 20)
                      ; - org.jetbrains.skia.impl.Managed$CleanerThunk::run@90 (line 32)
                      ; - org.jetbrains.skia.impl.CleanableImpl::clean@15 (line 83)
  0x000001e5e76798e8: 94aa 46ff 

  0x000001e5e76798ec: ;   {other}
  0x000001e5e76798ec: 0f1f 8400 | 5c0b 000b | 498b d749 | ba10 44dd | 79f9 7f00 | 0041 ffd2 

  0x000001e5e7679904: ;   {other}
  0x000001e5e7679904: 0f1f 8400 | 0000 0000 | e9dc f8ff | ffba c6ff | ffff 4889 | 4424 f88b | 4424 3889 | 4424 3048 
  0x000001e5e7679924: 8b44 24f8 | 4489 5c24 

  0x000001e5e767992c: ;   {runtime_call UncommonTrapBlob}
  0x000001e5e767992c: 3866 90e8 

  0x000001e5e7679930: ; ImmutableOopMap {rbp=NarrowOop [32]=Oop [48]=NarrowOop [56]=NarrowOop }
                      ;*invokeinterface setNext {reexecute=0 rethrow=0 return_oop=0}
                      ; - org.jetbrains.skia.impl.CleanableImpl::remove@51 (line 104)
                      ; - org.jetbrains.skia.impl.CleanableImpl::clean@1 (line 81)
  0x000001e5e7679930: 4caa 46ff 

  0x000001e5e7679934: ;   {other}
  0x000001e5e7679934: 0f1f 8400 | a40b 000c 

  0x000001e5e767993c: ;   {oop(a 'kotlin/SynchronizedLazyImpl'{0x0000000709d55548})}
  0x000001e5e767993c: 49ba 4855 | d509 0700 | 0000 458b | 5a10 4585 | db0f 84a7 | fdff ff4d | 8b57 2849 | 8bcb 48c1 
  0x000001e5e767995c: e103 4d85 | d20f 842f | 0100 004d | 8b5f 384b | 894c 13f8 | 4983 c2f8 | 4d89 5728 | e97d fdff 
  0x000001e5e767997c: ;   {oop(a 'kotlin/SynchronizedLazyImpl'{0x0000000709d55548})}
  0x000001e5e767997c: ff49 ba48 | 55d5 0907 | 0000 0045 | 8b5a 0c45 | 85db 0f84 | c5fd ffff | 4d8b 5728 | 498b cb48 
  0x000001e5e767999c: c1e1 034d | 85d2 0f84 | 0b01 0000 | 4d8b 5f38 | 4b89 4c13 | f849 83c2 | f84d 8957 | 28e9 9bfd 
  0x000001e5e76799bc: ffff 4d8b | 5758 4d8b | 5f48 f083 | 4424 c000 | 4180 3800 | 0f84 72fd | ffff 4588 | 204d 85db 
  0x000001e5e76799dc: 7520 498b | c849 8bd7 | 49ba f043 | dd79 f97f | 0000 41ff 

  0x000001e5e76799f0: ;   {other}
  0x000001e5e76799f0: d20f 1f84 | 0000 0000 | 00e9 4afd | ffff 4f89 | 441a f849 | 83c3 f84d | 895f 48e9 | 38fd ffff 
  0x000001e5e7679a10: 498b d749 | ba10 44dd | 79f9 7f00 | 0041 ffd2 

  0x000001e5e7679a20: ;   {other}
  0x000001e5e7679a20: 0f1f 8400 | 0000 0000 | e936 f7ff | ffba f6ff | ffff 488b 

  0x000001e5e7679a34: ;   {runtime_call UncommonTrapBlob}
  0x000001e5e7679a34: ef66 90e8 

  0x000001e5e7679a38: ; ImmutableOopMap {rbp=Oop }
                      ;*monitorenter {reexecute=0 rethrow=0 return_oop=0}
                      ; - kotlin.SynchronizedLazyImpl::getValue@20 (line 81)
                      ; - org.jetbrains.skiko.Logger::getLoggerImpl@5 (line 116)
                      ; - org.jetbrains.skia.impl.Managed$CleanerThunk::run@7 (line 149)
                      ; - org.jetbrains.skia.impl.CleanableImpl::clean@15 (line 83)
  0x000001e5e7679a38: 44a9 46ff 

  0x000001e5e7679a3c: ;   {other}
  0x000001e5e7679a3c: 0f1f 8400 | ac0c 000d | 4c89 5c24 | 2048 8bef | 498b d34c | 8d44 2450 

  0x000001e5e7679a54: ;   {runtime_call _complete_monitor_locking_Java}
  0x000001e5e7679a54: 6666 90e8 

  0x000001e5e7679a58: ; ImmutableOopMap {rbp=Oop [32]=Oop }
                      ;*monitorenter {reexecute=0 rethrow=0 return_oop=0}
                      ; - kotlin.SynchronizedLazyImpl::getValue@20 (line 81)
                      ; - org.jetbrains.skiko.Logger::getLoggerImpl@5 (line 116)
                      ; - org.jetbrains.skia.impl.Managed$CleanerThunk::run@7 (line 149)
                      ; - org.jetbrains.skia.impl.CleanableImpl::clean@15 (line 83)
  0x000001e5e7679a58: 2419 53ff 

  0x000001e5e7679a5c: ;   {other}
  0x000001e5e7679a5c: 0f1f 8400 | cc0c 000e | 488b fd4c | 8b5c 2420 | e9a3 f9ff | ff49 8bcb | 488d 5424 | 504d 8bc7 
  0x000001e5e7679a7c: 49ba b038 | 1f7a f97f | 0000 41ff 

  0x000001e5e7679a88: ;   {other}
  0x000001e5e7679a88: d20f 1f84 | 0000 0000 | 00e9 38fa | ffff 498b | d749 ba10 | 44dd 79f9 | 7f00 0041 

  0x000001e5e7679aa4: ;   {other}
  0x000001e5e7679aa4: ffd2 0f1f | 8400 0000 | 0000 e947 | fcff ff49 | 8bd7 49ba | 1044 dd79 | f97f 0000 

  0x000001e5e7679ac0: ;   {other}
  0x000001e5e7679ac0: 41ff d20f | 1f84 0000 | 0000 00e9 | 89fc ffff | bade ffff | ff48 897c 

  0x000001e5e7679ad8: ;   {runtime_call UncommonTrapBlob}
  0x000001e5e7679ad8: 2420 90e8 

  0x000001e5e7679adc: ; ImmutableOopMap {rbp=NarrowOop [32]=Oop }
                      ;*checkcast {reexecute=0 rethrow=0 return_oop=0}
                      ; - org.jetbrains.skiko.Logger::getLoggerImpl@10 (line 116)
                      ; - org.jetbrains.skia.impl.Managed$CleanerThunk::run@7 (line 149)
                      ; - org.jetbrains.skia.impl.CleanableImpl::clean@15 (line 83)
  0x000001e5e7679adc: a0a8 46ff 

  0x000001e5e7679ae0: ;   {other}
  0x000001e5e7679ae0: 0f1f 8400 | 500d 000f | baf6 ffff 

  0x000001e5e7679aec: ;   {runtime_call UncommonTrapBlob}
  0x000001e5e7679aec: ff66 90e8 

  0x000001e5e7679af0: ; ImmutableOopMap {}
                      ;*invokeinterface run {reexecute=0 rethrow=0 return_oop=0}
                      ; - org.jetbrains.skia.impl.CleanableImpl::clean@15 (line 83)
  0x000001e5e7679af0: 8ca8 46ff 

  0x000001e5e7679af4: ;   {other}
  0x000001e5e7679af4: 0f1f 8400 | 640d 0010 | baf4 ffff | ff48 8bef 

  0x000001e5e7679b04: ;   {runtime_call UncommonTrapBlob}
  0x000001e5e7679b04: 6666 90e8 

  0x000001e5e7679b08: ; ImmutableOopMap {rbp=Oop }
                      ;*checkcast {reexecute=0 rethrow=0 return_oop=0}
                      ; - org.jetbrains.skiko.Logger::getLoggerImpl@10 (line 116)
                      ; - org.jetbrains.skia.impl.Managed$CleanerThunk::run@7 (line 149)
                      ; - org.jetbrains.skia.impl.CleanableImpl::clean@15 (line 83)
  0x000001e5e7679b08: 74a8 46ff 

  0x000001e5e7679b0c: ;   {other}
  0x000001e5e7679b0c: 0f1f 8400 | 7c0d 0011 | ba45 ffff | ff48 8b6c | 2420 4889 | 4424 f88b | 4424 3889 | 4424 2848 
  0x000001e5e7679b2c: 8b44 24f8 | 4489 4c24 

  0x000001e5e7679b34: ;   {runtime_call UncommonTrapBlob}
  0x000001e5e7679b34: 3466 90e8 

  0x000001e5e7679b38: ; ImmutableOopMap {rbp=Oop [40]=NarrowOop [52]=NarrowOop }
                      ;*ifnull {reexecute=1 rethrow=0 return_oop=0}
                      ; - (reexecute) org.jetbrains.skia.impl.CleanableImpl::remove@23 (line 103)
                      ; - org.jetbrains.skia.impl.CleanableImpl::clean@1 (line 81)
  0x000001e5e7679b38: 44a8 46ff 

  0x000001e5e7679b3c: ;   {other}
  0x000001e5e7679b3c: 0f1f 8400 | ac0d 0012 | ba45 ffff | ff48 8b6c | 2420 4889 | 4424 f88b | 4424 3889 | 4424 2848 
  0x000001e5e7679b5c: 8b44 24f8 | 4489 5c24 

  0x000001e5e7679b64: ;   {runtime_call UncommonTrapBlob}
  0x000001e5e7679b64: 3466 90e8 

  0x000001e5e7679b68: ; ImmutableOopMap {rbp=Oop [40]=NarrowOop [52]=NarrowOop }
                      ;*ifnull {reexecute=1 rethrow=0 return_oop=0}
                      ; - (reexecute) org.jetbrains.skia.impl.CleanableImpl::remove@44 (line 104)
                      ; - org.jetbrains.skia.impl.CleanableImpl::clean@1 (line 81)
  0x000001e5e7679b68: 14a8 46ff 

  0x000001e5e7679b6c: ;   {other}
  0x000001e5e7679b6c: 0f1f 8400 | dc0d 0013 | 488b d8eb | 0348 8bd8 | 4c8b 5c24 | 2848 8d44 | 2450 4883 | 3800 0f84 
  0x000001e5e7679b8c: 7900 0000 | 4d8b 1341 | f6c2 020f | 8462 0000 | 0049 83ba | 8600 0000 | 0074 0949 | ff8a 8600 
  0x000001e5e7679bac: 0000 eb4b | 498b 8296 | 0000 0049 | 0b82 8e00 | 0000 750a | 49c7 423e | 0000 0000 | eb3d 4983 
  0x000001e5e7679bcc: ba9e 0000 | 0000 7422 | 4833 c049 | c742 3e00 | 0000 00f0 | 8304 2400 | 4983 ba9e | 0000 0000 
  0x000001e5e7679bec: 750d f04d | 0fb1 7a3e | 7505 83c8 | 01eb 0ca8 | 00eb 084c | 8b10 f04d | 0fb1 1375 | 0a49 ff8f 
  0x000001e5e7679c0c: 5005 0000 | 4533 d275 | 1748 8bd3 | eb08 488b | d0eb 0348 | 8bd0 4883 

  0x000001e5e7679c24: ;   {runtime_call _rethrow_Java}
  0x000001e5e7679c24: c460 5de9 | d4da 52ff | 498b cb48 | 8d54 2450 | 4d8b c749 | bab0 381f | 7af9 7f00 | 0041 ffd2 
  0x000001e5e7679c44: ;   {other}
  0x000001e5e7679c44: 0f1f 8400 | 0000 0000 

  0x000001e5e7679c4c: ;   {internal_word}
  0x000001e5e7679c4c: ebc7 49ba | 8d93 67e7 | e501 0000 | 4d89 9768 

  0x000001e5e7679c5c: ;   {runtime_call SafepointBlob}
  0x000001e5e7679c5c: 0400 00e9 | 1cb8 46ff 

  0x000001e5e7679c64: ;   {runtime_call StubRoutines (final stubs)}
  0x000001e5e7679c64: e877 c844 | ffe9 acf3 | ffff f4f4 
[Stub Code]
  0x000001e5e7679c70: ;   {no_reloc}
  0x000001e5e7679c70: 48bb 0000 | 0000 0000 

  0x000001e5e7679c78: ;   {runtime_call nmethod}
  0x000001e5e7679c78: 0000 e9fb 

  0x000001e5e7679c7c: ;   {static_stub}
  0x000001e5e7679c7c: ffff ff48 | bb00 0000 | 0000 0000 

  0x000001e5e7679c88: ;   {runtime_call nmethod}
  0x000001e5e7679c88: 00e9 fbff 

  0x000001e5e7679c8c: ;   {static_stub}
  0x000001e5e7679c8c: ffff 48bb | 0000 0000 | 0000 0000 

  0x000001e5e7679c98: ;   {runtime_call nmethod}
  0x000001e5e7679c98: e9fb ffff 

  0x000001e5e7679c9c: ;   {runtime_call ExceptionBlob}
  0x000001e5e7679c9c: ffe9 deb7 | 52ff e800 | 0000 0048 | 832c 2405 

  0x000001e5e7679cac: ;   {runtime_call DeoptimizationBlob}
  0x000001e5e7679cac: e96f aa46 | fff4 f4f4 | f4f4 f4f4 
[/MachCode]


Compiled method (c2) 152293 9850       4       org.jetbrains.skia.impl.Managed::close (124 bytes)
 total in heap  [0x000001e5e76a6790,0x000001e5e76a6bb8] = 1064
 relocation     [0x000001e5e76a68f0,0x000001e5e76a6928] = 56
 main code      [0x000001e5e76a6940,0x000001e5e76a6aa0] = 352
 stub code      [0x000001e5e76a6aa0,0x000001e5e76a6ac8] = 40
 oops           [0x000001e5e76a6ac8,0x000001e5e76a6ad0] = 8
 metadata       [0x000001e5e76a6ad0,0x000001e5e76a6af8] = 40
 scopes data    [0x000001e5e76a6af8,0x000001e5e76a6b20] = 40
 scopes pcs     [0x000001e5e76a6b20,0x000001e5e76a6b80] = 96
 dependencies   [0x000001e5e76a6b80,0x000001e5e76a6b90] = 16
 handler table  [0x000001e5e76a6b90,0x000001e5e76a6ba8] = 24
 nul chk table  [0x000001e5e76a6ba8,0x000001e5e76a6bb8] = 16

[Constant Pool (empty)]

[MachCode]
[Entry Point]
  # {method} {0x000001e5f8463f68} 'close' '()V' in 'org/jetbrains/skia/impl/Managed'
  #           [sp+0x50]  (sp of caller)
  0x000001e5e76a6940: 448b 5208 | 49bb 0000 | 0080 e501 | 0000 4d03 | d349 3bc2 

  0x000001e5e76a6954: ;   {runtime_call ic_miss_stub}
  0x000001e5e76a6954: 0f85 267e | 43ff 6690 | 0f1f 4000 
[Verified Entry Point]
  0x000001e5e76a6960: 8984 2400 | 80ff ff55 | 4883 ec40 | 4181 7f20 | 0f00 0000 | 0f85 1c01 | 0000 4889 | 5424 204c 
  0x000001e5e76a6980: 8b52 104d | 85d2 0f84 | ad00 0000 | 8b6a 0c45 | 8b5c ec08 

  0x000001e5e76a6994: ;   {metadata('org/jetbrains/skia/impl/CleanableImpl')}
  0x000001e5e76a6994: 4181 fbb8 | a629 0275 | 6b49 8d14 

  0x000001e5e76a69a0: ;   {optimized virtual_call}
  0x000001e5e76a69a0: ec66 90e8 

  0x000001e5e76a69a4: ; ImmutableOopMap {[32]=Oop }
                      ;*invokeinterface clean {reexecute=0 rethrow=0 return_oop=0}
                      ; - org.jetbrains.skia.impl.Managed::close@108 (line 20)
  0x000001e5e76a69a4: 5826 fdff 

  0x000001e5e76a69a8: ;   {other}
  0x000001e5e76a69a8: 0f1f 8400 | 1802 0000 | 4180 7f40 | 0075 204c | 8b54 2420 | 4589 620c | 4d89 6210 | 4883 c440 
  0x000001e5e76a69c8: ;   {poll_return}
  0x000001e5e76a69c8: 5d49 3ba7 | 5004 0000 | 0f87 aa00 | 0000 c34c | 8b54 2420 | 458b 5a0c | 4585 db74 | d24d 8b57 
  0x000001e5e76a69e8: 2849 8bcb | 48c1 e103 | 4d85 d274 | 274d 8b5f | 384b 894c | 13f8 4983 | c2f8 4d89 | 5728 ebaf 
  0x000001e5e76a6a08: bade ffff 

  0x000001e5e76a6a0c: ;   {runtime_call UncommonTrapBlob}
  0x000001e5e76a6a0c: ff66 90e8 

  0x000001e5e76a6a10: ; ImmutableOopMap {rbp=NarrowOop [32]=Oop }
                      ;*invokeinterface clean {reexecute=0 rethrow=0 return_oop=0}
                      ; - org.jetbrains.skia.impl.Managed::close@108 (line 20)
  0x000001e5e76a6a10: 6cd9 43ff 

  0x000001e5e76a6a14: ;   {other}
  0x000001e5e76a6a14: 0f1f 8400 | 8402 0001 | 498b d749 | ba10 44dd | 79f9 7f00 | 0041 ffd2 

  0x000001e5e76a6a2c: ;   {other}
  0x000001e5e76a6a2c: 0f1f 8400 | 0000 0000 | e97e ffff | ff45 33db | 4d3b dabd | ffff ffff | 7c08 400f | 95c5 400f 
  0x000001e5e76a6a4c: b6ed ba45 

  0x000001e5e76a6a50: ;   {runtime_call UncommonTrapBlob}
  0x000001e5e76a6a50: ffff ffe8 

  0x000001e5e76a6a54: ; ImmutableOopMap {[32]=Oop }
                      ;*ifne {reexecute=1 rethrow=0 return_oop=0}
                      ; - (reexecute) org.jetbrains.skia.impl.Managed::close@6 (line 15)
  0x000001e5e76a6a54: 28d9 43ff 

  0x000001e5e76a6a58: ;   {other}
  0x000001e5e76a6a58: 0f1f 8400 | c802 0002 | 488b d048 | 83c4 405d 

  0x000001e5e76a6a68: ;   {runtime_call _rethrow_Java}
  0x000001e5e76a6a68: e993 0c50 | ffba 45ff 

  0x000001e5e76a6a70: ;   {runtime_call UncommonTrapBlob}
  0x000001e5e76a6a70: ffff 90e8 

  0x000001e5e76a6a74: ; ImmutableOopMap {rbp=NarrowOop [32]=Oop }
                      ;*ifnonnull {reexecute=1 rethrow=0 return_oop=0}
                      ; - (reexecute) org.jetbrains.skia.impl.Managed::close@55 (line 17)
  0x000001e5e76a6a74: 08d9 43ff 

  0x000001e5e76a6a78: ;   {other}
  0x000001e5e76a6a78: 0f1f 8400 | e802 0003 

  0x000001e5e76a6a80: ;   {internal_word}
  0x000001e5e76a6a80: 49ba c969 | 6ae7 e501 | 0000 4d89 | 9768 0400 

  0x000001e5e76a6a90: ;   {runtime_call SafepointBlob}
  0x000001e5e76a6a90: 00e9 eae9 

  0x000001e5e76a6a94: ;   {runtime_call StubRoutines (final stubs)}
  0x000001e5e76a6a94: 43ff e845 | fa41 ffe9 | dafe ffff 
[Stub Code]
  0x000001e5e76a6aa0: ;   {no_reloc}
  0x000001e5e76a6aa0: 48bb 0000 | 0000 0000 

  0x000001e5e76a6aa8: ;   {runtime_call nmethod}
  0x000001e5e76a6aa8: 0000 e9fb 

  0x000001e5e76a6aac: ;   {runtime_call ExceptionBlob}
  0x000001e5e76a6aac: ffff ffe9 | cce9 4fff 
[Deopt Handler Code]
  0x000001e5e76a6ab4: e800 0000 | 0048 832c 

  0x000001e5e76a6abc: ;   {runtime_call DeoptimizationBlob}
  0x000001e5e76a6abc: 2405 e95d | dc43 fff4 | f4f4 f4f4 
[/MachCode]


---------------  P R O C E S S  ---------------

Threads class SMR info:
_java_thread_list=0x000001e5fb70c210, length=31, elements={
0x000001e5d9ea3de0, 0x000001e5f689a2f0, 0x000001e5f689e8c0, 0x000001e5f68a1430,
0x000001e5f68a5990, 0x000001e5f68a6780, 0x000001e5f68a71e0, 0x000001e5f68b16f0,
0x000001e5f68b6990, 0x000001e5f68c0f30, 0x000001e5fb1be6b0, 0x000001e5fb1bf3d0,
0x000001e5fb1c0780, 0x000001e5fb1bfa60, 0x000001e5fb1c00f0, 0x000001e5fb1c14a0,
0x000001e5fb1be020, 0x000001e5fbd4bf50, 0x000001e5fbd4cc70, 0x000001e5fbd4d300,
0x000001e5fbd4d990, 0x000001e5fbd4aba0, 0x000001e5fbd4f3d0, 0x000001e5fbd514a0,
0x000001e5fbd50e10, 0x000001e5fbd500f0, 0x000001e5fbd4ed40, 0x000001e5fdd4faa0,
0x000001e5c46e3270, 0x000001e5c46dd000, 0x000001e5fc44e650
}

Java Threads: ( => current thread )
  0x000001e5d9ea3de0 JavaThread "main"                              [_thread_blocked, id=37100, stack(0x0000009c69d00000,0x0000009c69e00000) (1024K)]
  0x000001e5f689a2f0 JavaThread "Common-Cleaner"             daemon [_thread_blocked, id=12640, stack(0x0000009c6a500000,0x0000009c6a600000) (1024K)]
  0x000001e5f689e8c0 JavaThread "Reference Handler"          daemon [_thread_blocked, id=10260, stack(0x0000009c6a600000,0x0000009c6a700000) (1024K)]
  0x000001e5f68a1430 JavaThread "Finalizer"                  daemon [_thread_blocked, id=23720, stack(0x0000009c6a700000,0x0000009c6a800000) (1024K)]
  0x000001e5f68a5990 JavaThread "Signal Dispatcher"          daemon [_thread_blocked, id=12132, stack(0x0000009c6a800000,0x0000009c6a900000) (1024K)]
  0x000001e5f68a6780 JavaThread "Attach Listener"            daemon [_thread_blocked, id=22760, stack(0x0000009c6a900000,0x0000009c6aa00000) (1024K)]
  0x000001e5f68a71e0 JavaThread "Service Thread"             daemon [_thread_blocked, id=15188, stack(0x0000009c6aa00000,0x0000009c6ab00000) (1024K)]
  0x000001e5f68b16f0 JavaThread "Monitor Deflation Thread"   daemon [_thread_blocked, id=18168, stack(0x0000009c6ab00000,0x0000009c6ac00000) (1024K)]
  0x000001e5f68b6990 JavaThread "C2 CompilerThread0"         daemon [_thread_blocked, id=6964, stack(0x0000009c6ac00000,0x0000009c6ad00000) (1024K)]
  0x000001e5f68c0f30 JavaThread "C1 CompilerThread0"         daemon [_thread_blocked, id=10968, stack(0x0000009c6ad00000,0x0000009c6ae00000) (1024K)]
  0x000001e5fb1be6b0 JavaThread "DevTools: Stderr"           daemon [_thread_in_native, id=29020, stack(0x0000009c6b000000,0x0000009c6b100000) (1024K)]
  0x000001e5fb1bf3d0 JavaThread "Hot Reload Main"            daemon [_thread_blocked, id=12832, stack(0x0000009c6af00000,0x0000009c6b000000) (1024K)]
  0x000001e5fb1c0780 JavaThread "Orchestration IO: Writer"   daemon [_thread_blocked, id=24868, stack(0x0000009c6b600000,0x0000009c6b700000) (1024K)]
  0x000001e5fb1bfa60 JavaThread "Orchestration IO: Reader"   daemon [_thread_in_native, id=14888, stack(0x0000009c6b700000,0x0000009c6b800000) (1024K)]
  0x000001e5fb1c00f0 JavaThread "Logger"                     daemon [_thread_blocked, id=22404, stack(0x0000009c6b800000,0x0000009c6b900000) (1024K)]
  0x000001e5fb1c14a0 JavaThread "Notification Thread"        daemon [_thread_blocked, id=39628, stack(0x0000009c6b900000,0x0000009c6ba00000) (1024K)]
  0x000001e5fb1be020 JavaThread "Compose Runtime Analyzer"   daemon [_thread_blocked, id=30652, stack(0x0000009c6ba00000,0x0000009c6bb00000) (1024K)]
  0x000001e5fbd4bf50 JavaThread "Java2D Disposer"            daemon [_thread_blocked, id=30212, stack(0x0000009c6bc00000,0x0000009c6bd00000) (1024K)]
  0x000001e5fbd4cc70 JavaThread "AWT-Shutdown"                      [_thread_blocked, id=17372, stack(0x0000009c6bd00000,0x0000009c6be00000) (1024K)]
  0x000001e5fbd4d300 JavaThread "AWT-Windows"                daemon [_thread_in_native, id=28392, stack(0x0000009c6be00000,0x0000009c6bf00000) (1024K)]
=>0x000001e5fbd4d990 JavaThread "AWT-EventQueue-0"                  [_thread_in_native, id=16824, stack(0x0000009c6bf00000,0x0000009c6c000000) (1024K)]
  0x000001e5fbd4aba0 JavaThread "DefaultDispatcher-worker-1" daemon [_thread_blocked, id=15964, stack(0x0000009c6c200000,0x0000009c6c300000) (1024K)]
  0x000001e5fbd4f3d0 JavaThread "DefaultDispatcher-worker-2" daemon [_thread_blocked, id=17824, stack(0x0000009c6c300000,0x0000009c6c400000) (1024K)]
  0x000001e5fbd514a0 JavaThread "DefaultDispatcher-worker-3" daemon [_thread_blocked, id=23240, stack(0x0000009c6c400000,0x0000009c6c500000) (1024K)]
  0x000001e5fbd50e10 JavaThread "TimerQueue"                 daemon [_thread_blocked, id=7912, stack(0x0000009c6c500000,0x0000009c6c600000) (1024K)]
  0x000001e5fbd500f0 JavaThread "kotlinx.coroutines.DefaultExecutor" daemon [_thread_blocked, id=13896, stack(0x0000009c6c700000,0x0000009c6c800000) (1024K)]
  0x000001e5fbd4ed40 JavaThread "Reference Cleaner"          daemon [_thread_blocked, id=20892, stack(0x0000009c6c600000,0x0000009c6c700000) (1024K)]
  0x000001e5fdd4faa0 JavaThread "DefaultDispatcher-worker-4" daemon [_thread_blocked, id=4844, stack(0x0000009c6d100000,0x0000009c6d200000) (1024K)]
  0x000001e5c46e3270 JavaThread "skiko-dispatcher-to-block-on" daemon [_thread_blocked, id=4616, stack(0x0000009c6d200000,0x0000009c6d300000) (1024K)]
  0x000001e5c46dd000 JavaThread "skiko-dispatcher-to-block-on" daemon [_thread_blocked, id=37844, stack(0x0000009c69a00000,0x0000009c69b00000) (1024K)]
  0x000001e5fc44e650 JavaThread "C2 CompilerThread1"         daemon [_thread_blocked, id=23144, stack(0x0000009c69b00000,0x0000009c69c00000) (1024K)]
Total: 31

Other Threads:
  0x000001e5f687bae0 VMThread "VM Thread"                           [id=23856, stack(0x0000009c6a400000,0x0000009c6a500000) (1024K)]
  0x000001e5f6866820 WatcherThread "VM Periodic Task Thread"        [id=17424, stack(0x0000009c6a300000,0x0000009c6a400000) (1024K)]
  0x000001e5da088f00 WorkerThread "GC Thread#0"                     [id=20024, stack(0x0000009c69e00000,0x0000009c69f00000) (1024K)]
  0x000001e5fb766d70 WorkerThread "GC Thread#1"                     [id=19888, stack(0x0000009c6b100000,0x0000009c6b200000) (1024K)]
  0x000001e5fba72d50 WorkerThread "GC Thread#2"                     [id=28732, stack(0x0000009c6b200000,0x0000009c6b300000) (1024K)]
  0x000001e5fba73100 WorkerThread "GC Thread#3"                     [id=636, stack(0x0000009c6b300000,0x0000009c6b400000) (1024K)]
  0x000001e5fba734b0 WorkerThread "GC Thread#4"                     [id=10112, stack(0x0000009c6b400000,0x0000009c6b500000) (1024K)]
  0x000001e5fba73860 WorkerThread "GC Thread#5"                     [id=38624, stack(0x0000009c6b500000,0x0000009c6b600000) (1024K)]
  0x000001e5fbedc460 WorkerThread "GC Thread#6"                     [id=17996, stack(0x0000009c6c000000,0x0000009c6c100000) (1024K)]
  0x000001e5fb6219a0 WorkerThread "GC Thread#7"                     [id=33348, stack(0x0000009c6c100000,0x0000009c6c200000) (1024K)]
  0x000001e5da09a550 ConcurrentGCThread "G1 Main Marker"            [id=28772, stack(0x0000009c69f00000,0x0000009c6a000000) (1024K)]
  0x000001e5da09b710 WorkerThread "G1 Conc#0"                       [id=29352, stack(0x0000009c6a000000,0x0000009c6a100000) (1024K)]
  0x000001e5fdbb6ea0 WorkerThread "G1 Conc#1"                       [id=10384, stack(0x0000009c6bb00000,0x0000009c6bc00000) (1024K)]
  0x000001e5f6737c50 ConcurrentGCThread "G1 Refine#0"               [id=28680, stack(0x0000009c6a100000,0x0000009c6a200000) (1024K)]
  0x000001e5f6739490 ConcurrentGCThread "G1 Service"                [id=2668, stack(0x0000009c6a200000,0x0000009c6a300000) (1024K)]
Total: 15

Threads with active compile tasks:
Total: 0

VM state: not at safepoint (normal execution)

VM Mutex/Monitor currently owned by a thread: None

Heap address: 0x0000000707200000, size: 3982 MB, Compressed Oops mode: Zero based, Oop shift amount: 3

CDS archive(s) mapped at: [0x000001e580000000-0x000001e581c20000-0x000001e581c20000), size 29491200, SharedBaseAddress: 0x000001e580000000, ArchiveRelocationMode: 1.
Compressed class space mapped at: 0x000001e582000000-0x000001e5c2000000, reserved size: 1073741824
Narrow klass base: 0x000001e580000000, Narrow klass shift: 0, Narrow klass range: 0x100000000

GC Precious Log:
 CardTable entry size: 512
 Card Set container configuration: InlinePtr #cards 4 size 8 Array Of Cards #cards 16 size 48 Howl #buckets 8 coarsen threshold 3686 Howl Bitmap #cards 512 size 80 coarsen threshold 460 Card regions per heap region 1 cards per card region 4096
 CPUs: 8 total, 8 available
 Memory: 15927M
 Large Page Support: Disabled
 NUMA Support: Disabled
 Compressed Oops: Enabled (Zero based)
 Heap Region Size: 2M
 Heap Min Capacity: 8M
 Heap Initial Capacity: 250M
 Heap Max Capacity: 3982M
 Pre-touch: Disabled
 Parallel Workers: 8
 Concurrent Workers: 2
 Concurrent Refinement Workers: 8
 Periodic GC: Disabled

Heap:
 garbage-first heap   total 270336K, used 144560K [0x0000000707200000, 0x0000000800000000)
  region size 2048K, 3 young (6144K), 1 survivors (2048K)
 Metaspace       used 49410K, committed 50048K, reserved 1114112K
  class space    used 5081K, committed 5376K, reserved 1048576K

Heap Regions: E=young(eden), S=young(survivor), O=old, HS=humongous(starts), HC=humongous(continues), CS=collection set, F=free, TAMS=top-at-mark-start, PB=parsable bottom
|   0|0x0000000707200000, 0x0000000707400000, 0x0000000707400000|100%|HS|  |TAMS 0x0000000707200000| PB 0x0000000707200000| Complete 
|   1|0x0000000707400000, 0x00000007075ffff0, 0x0000000707600000| 99%| O|  |TAMS 0x0000000707400000| PB 0x0000000707400000| Untracked 
|   2|0x0000000707600000, 0x00000007077ff588, 0x0000000707800000| 99%| O|  |TAMS 0x0000000707600000| PB 0x0000000707600000| Untracked 
|   3|0x0000000707800000, 0x0000000707a00000, 0x0000000707a00000|100%| O|  |TAMS 0x0000000707800000| PB 0x0000000707800000| Untracked 
|   4|0x0000000707a00000, 0x0000000707bffff0, 0x0000000707c00000| 99%| O|  |TAMS 0x0000000707a00000| PB 0x0000000707a00000| Untracked 
|   5|0x0000000707c00000, 0x0000000707e00000, 0x0000000707e00000|100%| O|  |TAMS 0x0000000707c00000| PB 0x0000000707c00000| Untracked 
|   6|0x0000000707e00000, 0x0000000708000000, 0x0000000708000000|100%| O|  |TAMS 0x0000000707e00000| PB 0x0000000707e00000| Untracked 
|   7|0x0000000708000000, 0x0000000708200000, 0x0000000708200000|100%| O|  |TAMS 0x0000000708000000| PB 0x0000000708000000| Untracked 
|   8|0x0000000708200000, 0x0000000708400000, 0x0000000708400000|100%| O|  |TAMS 0x0000000708200000| PB 0x0000000708200000| Untracked 
|   9|0x0000000708400000, 0x00000007085ffff0, 0x0000000708600000| 99%| O|  |TAMS 0x0000000708400000| PB 0x0000000708400000| Untracked 
|  10|0x0000000708600000, 0x0000000708800000, 0x0000000708800000|100%| O|  |TAMS 0x0000000708600000| PB 0x0000000708600000| Untracked 
|  11|0x0000000708800000, 0x0000000708a00000, 0x0000000708a00000|100%| O|  |TAMS 0x0000000708800000| PB 0x0000000708800000| Untracked 
|  12|0x0000000708a00000, 0x0000000708bffff8, 0x0000000708c00000| 99%| O|  |TAMS 0x0000000708a00000| PB 0x0000000708a00000| Untracked 
|  13|0x0000000708c00000, 0x0000000708dffff0, 0x0000000708e00000| 99%| O|  |TAMS 0x0000000708c00000| PB 0x0000000708c00000| Untracked 
|  14|0x0000000708e00000, 0x0000000708fffff0, 0x0000000709000000| 99%| O|  |TAMS 0x0000000708e00000| PB 0x0000000708e00000| Untracked 
|  15|0x0000000709000000, 0x00000007091fed58, 0x0000000709200000| 99%| O|  |TAMS 0x0000000709000000| PB 0x0000000709000000| Untracked 
|  16|0x0000000709200000, 0x00000007093fffc0, 0x0000000709400000| 99%| O|  |TAMS 0x0000000709200000| PB 0x0000000709200000| Untracked 
|  17|0x0000000709400000, 0x00000007095fffe8, 0x0000000709600000| 99%| O|  |TAMS 0x0000000709400000| PB 0x0000000709400000| Untracked 
|  18|0x0000000709600000, 0x00000007097fffe8, 0x0000000709800000| 99%| O|  |TAMS 0x0000000709600000| PB 0x0000000709600000| Untracked 
|  19|0x0000000709800000, 0x00000007099fffc8, 0x0000000709a00000| 99%| O|  |TAMS 0x0000000709800000| PB 0x0000000709800000| Untracked 
|  20|0x0000000709a00000, 0x0000000709bf35d0, 0x0000000709c00000| 97%| O|  |TAMS 0x0000000709a00000| PB 0x0000000709a00000| Untracked 
|  21|0x0000000709c00000, 0x0000000709e00000, 0x0000000709e00000|100%| O|  |TAMS 0x0000000709c00000| PB 0x0000000709c00000| Untracked 
|  22|0x0000000709e00000, 0x0000000709ffffe8, 0x000000070a000000| 99%| O|  |TAMS 0x0000000709e00000| PB 0x0000000709e00000| Untracked 
|  23|0x000000070a000000, 0x000000070a1f91c8, 0x000000070a200000| 98%| O|  |TAMS 0x000000070a000000| PB 0x000000070a000000| Untracked 
|  24|0x000000070a200000, 0x000000070a3e9bf8, 0x000000070a400000| 95%| O|  |TAMS 0x000000070a200000| PB 0x000000070a200000| Untracked 
|  25|0x000000070a400000, 0x000000070a4759f0, 0x000000070a600000| 22%| O|Cm|TAMS 0x000000070a400000| PB 0x000000070a400000| Complete 
|  26|0x000000070a600000, 0x000000070a7b0700, 0x000000070a800000| 84%| O|  |TAMS 0x000000070a600000| PB 0x000000070a600000| Untracked 
|  27|0x000000070a800000, 0x000000070a9fffe8, 0x000000070aa00000| 99%| O|  |TAMS 0x000000070a800000| PB 0x000000070a800000| Untracked 
|  28|0x000000070aa00000, 0x000000070abfffe0, 0x000000070ac00000| 99%| O|  |TAMS 0x000000070aa00000| PB 0x000000070aa00000| Untracked 
|  29|0x000000070ac00000, 0x000000070adffff8, 0x000000070ae00000| 99%| O|  |TAMS 0x000000070ac00000| PB 0x000000070ac00000| Untracked 
|  30|0x000000070ae00000, 0x000000070af618e8, 0x000000070b000000| 69%| O|  |TAMS 0x000000070ae00000| PB 0x000000070ae00000| Untracked 
|  31|0x000000070b000000, 0x000000070b0cdd68, 0x000000070b200000| 40%| O|  |TAMS 0x000000070b000000| PB 0x000000070b000000| Untracked 
|  32|0x000000070b200000, 0x000000070b305a38, 0x000000070b400000| 51%| O|  |TAMS 0x000000070b200000| PB 0x000000070b200000| Untracked 
|  33|0x000000070b400000, 0x000000070b600000, 0x000000070b600000|100%|HS|  |TAMS 0x000000070b400000| PB 0x000000070b400000| Complete 
|  34|0x000000070b600000, 0x000000070b7ffff8, 0x000000070b800000| 99%| O|  |TAMS 0x000000070b600000| PB 0x000000070b600000| Untracked 
|  35|0x000000070b800000, 0x000000070ba00000, 0x000000070ba00000|100%|HS|  |TAMS 0x000000070b800000| PB 0x000000070b800000| Complete 
|  36|0x000000070ba00000, 0x000000070bc00000, 0x000000070bc00000|100%|HS|  |TAMS 0x000000070ba00000| PB 0x000000070ba00000| Complete 
|  37|0x000000070bc00000, 0x000000070bdfff98, 0x000000070be00000| 99%| O|  |TAMS 0x000000070bc00000| PB 0x000000070bc00000| Untracked 
|  38|0x000000070be00000, 0x000000070c000000, 0x000000070c000000|100%|HS|  |TAMS 0x000000070be00000| PB 0x000000070be00000| Complete 
|  39|0x000000070c000000, 0x000000070c200000, 0x000000070c200000|100%|HS|  |TAMS 0x000000070c000000| PB 0x000000070c000000| Complete 
|  40|0x000000070c200000, 0x000000070c400000, 0x000000070c400000|100%|HS|  |TAMS 0x000000070c200000| PB 0x000000070c200000| Complete 
|  41|0x000000070c400000, 0x000000070c5fffb0, 0x000000070c600000| 99%| O|  |TAMS 0x000000070c400000| PB 0x000000070c400000| Untracked 
|  42|0x000000070c600000, 0x000000070c800000, 0x000000070c800000|100%|HS|  |TAMS 0x000000070c600000| PB 0x000000070c600000| Complete 
|  43|0x000000070c800000, 0x000000070ca00000, 0x000000070ca00000|100%|HC|  |TAMS 0x000000070c800000| PB 0x000000070c800000| Complete 
|  44|0x000000070ca00000, 0x000000070cc00000, 0x000000070cc00000|100%|HS|  |TAMS 0x000000070ca00000| PB 0x000000070ca00000| Complete 
|  45|0x000000070cc00000, 0x000000070cce73f0, 0x000000070ce00000| 45%| O|  |TAMS 0x000000070cc00000| PB 0x000000070cc00000| Untracked 
|  46|0x000000070ce00000, 0x000000070d000000, 0x000000070d000000|100%|HS|  |TAMS 0x000000070ce00000| PB 0x000000070ce00000| Complete 
|  47|0x000000070d000000, 0x000000070d000000, 0x000000070d200000|  0%| F|  |TAMS 0x000000070d000000| PB 0x000000070d000000| Untracked 
|  48|0x000000070d200000, 0x000000070d200000, 0x000000070d400000|  0%| F|  |TAMS 0x000000070d200000| PB 0x000000070d200000| Untracked 
|  49|0x000000070d400000, 0x000000070d600000, 0x000000070d600000|100%|HS|  |TAMS 0x000000070d400000| PB 0x000000070d400000| Complete 
|  50|0x000000070d600000, 0x000000070d800000, 0x000000070d800000|100%|HC|  |TAMS 0x000000070d600000| PB 0x000000070d600000| Complete 
|  51|0x000000070d800000, 0x000000070d800000, 0x000000070da00000|  0%| F|  |TAMS 0x000000070d800000| PB 0x000000070d800000| Untracked 
|  52|0x000000070da00000, 0x000000070da00000, 0x000000070dc00000|  0%| F|  |TAMS 0x000000070da00000| PB 0x000000070da00000| Untracked 
|  53|0x000000070dc00000, 0x000000070dc00000, 0x000000070de00000|  0%| F|  |TAMS 0x000000070dc00000| PB 0x000000070dc00000| Untracked 
|  54|0x000000070de00000, 0x000000070e000000, 0x000000070e000000|100%|HS|  |TAMS 0x000000070de00000| PB 0x000000070de00000| Complete 
|  55|0x000000070e000000, 0x000000070e200000, 0x000000070e200000|100%|HC|  |TAMS 0x000000070e000000| PB 0x000000070e000000| Complete 
|  56|0x000000070e200000, 0x000000070e400000, 0x000000070e400000|100%|HS|  |TAMS 0x000000070e200000| PB 0x000000070e200000| Complete 
|  57|0x000000070e400000, 0x000000070e600000, 0x000000070e600000|100%|HC|  |TAMS 0x000000070e400000| PB 0x000000070e400000| Complete 
|  58|0x000000070e600000, 0x000000070e800000, 0x000000070e800000|100%|HC|  |TAMS 0x000000070e600000| PB 0x000000070e600000| Complete 
|  59|0x000000070e800000, 0x000000070ea00000, 0x000000070ea00000|100%|HC|  |TAMS 0x000000070e800000| PB 0x000000070e800000| Complete 
|  60|0x000000070ea00000, 0x000000070ec00000, 0x000000070ec00000|100%|HC|  |TAMS 0x000000070ea00000| PB 0x000000070ea00000| Complete 
|  61|0x000000070ec00000, 0x000000070ec00000, 0x000000070ee00000|  0%| F|  |TAMS 0x000000070ec00000| PB 0x000000070ec00000| Untracked 
|  62|0x000000070ee00000, 0x000000070effffe0, 0x000000070f000000| 99%| O|  |TAMS 0x000000070ee00000| PB 0x000000070ee00000| Untracked 
|  63|0x000000070f000000, 0x000000070f000000, 0x000000070f200000|  0%| F|  |TAMS 0x000000070f000000| PB 0x000000070f000000| Untracked 
|  64|0x000000070f200000, 0x000000070f200000, 0x000000070f400000|  0%| F|  |TAMS 0x000000070f200000| PB 0x000000070f200000| Untracked 
|  65|0x000000070f400000, 0x000000070f400000, 0x000000070f600000|  0%| F|  |TAMS 0x000000070f400000| PB 0x000000070f400000| Untracked 
|  66|0x000000070f600000, 0x000000070f600000, 0x000000070f800000|  0%| F|  |TAMS 0x000000070f600000| PB 0x000000070f600000| Untracked 
|  67|0x000000070f800000, 0x000000070f800000, 0x000000070fa00000|  0%| F|  |TAMS 0x000000070f800000| PB 0x000000070f800000| Untracked 
|  68|0x000000070fa00000, 0x000000070fa00000, 0x000000070fc00000|  0%| F|  |TAMS 0x000000070fa00000| PB 0x000000070fa00000| Untracked 
|  69|0x000000070fc00000, 0x000000070fc00000, 0x000000070fe00000|  0%| F|  |TAMS 0x000000070fc00000| PB 0x000000070fc00000| Untracked 
|  70|0x000000070fe00000, 0x000000070fe00000, 0x0000000710000000|  0%| F|  |TAMS 0x000000070fe00000| PB 0x000000070fe00000| Untracked 
|  71|0x0000000710000000, 0x0000000710000000, 0x0000000710200000|  0%| F|  |TAMS 0x0000000710000000| PB 0x0000000710000000| Untracked 
|  72|0x0000000710200000, 0x0000000710200000, 0x0000000710400000|  0%| F|  |TAMS 0x0000000710200000| PB 0x0000000710200000| Untracked 
|  73|0x0000000710400000, 0x0000000710400000, 0x0000000710600000|  0%| F|  |TAMS 0x0000000710400000| PB 0x0000000710400000| Untracked 
|  74|0x0000000710600000, 0x0000000710600000, 0x0000000710800000|  0%| F|  |TAMS 0x0000000710600000| PB 0x0000000710600000| Untracked 
|  75|0x0000000710800000, 0x0000000710800000, 0x0000000710a00000|  0%| F|  |TAMS 0x0000000710800000| PB 0x0000000710800000| Untracked 
|  76|0x0000000710a00000, 0x0000000710a00000, 0x0000000710c00000|  0%| F|  |TAMS 0x0000000710a00000| PB 0x0000000710a00000| Untracked 
|  77|0x0000000710c00000, 0x0000000710c00000, 0x0000000710e00000|  0%| F|  |TAMS 0x0000000710c00000| PB 0x0000000710c00000| Untracked 
|  78|0x0000000710e00000, 0x0000000710e00000, 0x0000000711000000|  0%| F|  |TAMS 0x0000000710e00000| PB 0x0000000710e00000| Untracked 
|  79|0x0000000711000000, 0x0000000711000000, 0x0000000711200000|  0%| F|  |TAMS 0x0000000711000000| PB 0x0000000711000000| Untracked 
|  80|0x0000000711200000, 0x0000000711200000, 0x0000000711400000|  0%| F|  |TAMS 0x0000000711200000| PB 0x0000000711200000| Untracked 
|  81|0x0000000711400000, 0x0000000711600000, 0x0000000711600000|100%|HS|  |TAMS 0x0000000711400000| PB 0x0000000711400000| Complete 
|  82|0x0000000711600000, 0x0000000711800000, 0x0000000711800000|100%|HC|  |TAMS 0x0000000711600000| PB 0x0000000711600000| Complete 
|  83|0x0000000711800000, 0x0000000711a00000, 0x0000000711a00000|100%|HC|  |TAMS 0x0000000711800000| PB 0x0000000711800000| Complete 
|  84|0x0000000711a00000, 0x0000000711c00000, 0x0000000711c00000|100%|HC|  |TAMS 0x0000000711a00000| PB 0x0000000711a00000| Complete 
|  85|0x0000000711c00000, 0x0000000711e00000, 0x0000000711e00000|100%|HC|  |TAMS 0x0000000711c00000| PB 0x0000000711c00000| Complete 
|  86|0x0000000711e00000, 0x0000000711e00000, 0x0000000712000000|  0%| F|  |TAMS 0x0000000711e00000| PB 0x0000000711e00000| Untracked 
|  87|0x0000000712000000, 0x0000000712000000, 0x0000000712200000|  0%| F|  |TAMS 0x0000000712000000| PB 0x0000000712000000| Untracked 
|  88|0x0000000712200000, 0x0000000712200000, 0x0000000712400000|  0%| F|  |TAMS 0x0000000712200000| PB 0x0000000712200000| Untracked 
|  89|0x0000000712400000, 0x0000000712400000, 0x0000000712600000|  0%| F|  |TAMS 0x0000000712400000| PB 0x0000000712400000| Untracked 
|  90|0x0000000712600000, 0x0000000712600000, 0x0000000712800000|  0%| F|  |TAMS 0x0000000712600000| PB 0x0000000712600000| Untracked 
|  91|0x0000000712800000, 0x0000000712800000, 0x0000000712a00000|  0%| F|  |TAMS 0x0000000712800000| PB 0x0000000712800000| Untracked 
|  92|0x0000000712a00000, 0x0000000712a00000, 0x0000000712c00000|  0%| F|  |TAMS 0x0000000712a00000| PB 0x0000000712a00000| Untracked 
|  93|0x0000000712c00000, 0x0000000712c00000, 0x0000000712e00000|  0%| F|  |TAMS 0x0000000712c00000| PB 0x0000000712c00000| Untracked 
|  94|0x0000000712e00000, 0x0000000713000000, 0x0000000713000000|100%|HS|  |TAMS 0x0000000712e00000| PB 0x0000000712e00000| Complete 
|  95|0x0000000713000000, 0x0000000713200000, 0x0000000713200000|100%|HC|  |TAMS 0x0000000713000000| PB 0x0000000713000000| Complete 
|  96|0x0000000713200000, 0x0000000713400000, 0x0000000713400000|100%|HC|  |TAMS 0x0000000713200000| PB 0x0000000713200000| Complete 
|  97|0x0000000713400000, 0x0000000713600000, 0x0000000713600000|100%|HC|  |TAMS 0x0000000713400000| PB 0x0000000713400000| Complete 
|  98|0x0000000713600000, 0x0000000713600000, 0x0000000713800000|  0%| F|  |TAMS 0x0000000713600000| PB 0x0000000713600000| Untracked 
|  99|0x0000000713800000, 0x0000000713800000, 0x0000000713a00000|  0%| F|  |TAMS 0x0000000713800000| PB 0x0000000713800000| Untracked 
| 100|0x0000000713a00000, 0x0000000713a00000, 0x0000000713c00000|  0%| F|  |TAMS 0x0000000713a00000| PB 0x0000000713a00000| Untracked 
| 101|0x0000000713c00000, 0x0000000713c00000, 0x0000000713e00000|  0%| F|  |TAMS 0x0000000713c00000| PB 0x0000000713c00000| Untracked 
| 102|0x0000000713e00000, 0x0000000713e00000, 0x0000000714000000|  0%| F|  |TAMS 0x0000000713e00000| PB 0x0000000713e00000| Untracked 
| 103|0x0000000714000000, 0x0000000714000000, 0x0000000714200000|  0%| F|  |TAMS 0x0000000714000000| PB 0x0000000714000000| Untracked 
| 104|0x0000000714200000, 0x0000000714200000, 0x0000000714400000|  0%| F|  |TAMS 0x0000000714200000| PB 0x0000000714200000| Untracked 
| 105|0x0000000714400000, 0x0000000714400000, 0x0000000714600000|  0%| F|  |TAMS 0x0000000714400000| PB 0x0000000714400000| Untracked 
| 106|0x0000000714600000, 0x0000000714600000, 0x0000000714800000|  0%| F|  |TAMS 0x0000000714600000| PB 0x0000000714600000| Untracked 
| 107|0x0000000714800000, 0x0000000714800000, 0x0000000714a00000|  0%| F|  |TAMS 0x0000000714800000| PB 0x0000000714800000| Untracked 
| 108|0x0000000714a00000, 0x0000000714c00000, 0x0000000714c00000|100%|HS|  |TAMS 0x0000000714a00000| PB 0x0000000714a00000| Complete 
| 109|0x0000000714c00000, 0x0000000714e00000, 0x0000000714e00000|100%|HC|  |TAMS 0x0000000714c00000| PB 0x0000000714c00000| Complete 
| 110|0x0000000714e00000, 0x0000000714e00000, 0x0000000715000000|  0%| F|  |TAMS 0x0000000714e00000| PB 0x0000000714e00000| Untracked 
| 111|0x0000000715000000, 0x0000000715000000, 0x0000000715200000|  0%| F|  |TAMS 0x0000000715000000| PB 0x0000000715000000| Untracked 
| 112|0x0000000715200000, 0x0000000715200000, 0x0000000715400000|  0%| F|  |TAMS 0x0000000715200000| PB 0x0000000715200000| Untracked 
| 113|0x0000000715400000, 0x0000000715400000, 0x0000000715600000|  0%| F|  |TAMS 0x0000000715400000| PB 0x0000000715400000| Untracked 
| 114|0x0000000715600000, 0x0000000715600000, 0x0000000715800000|  0%| F|  |TAMS 0x0000000715600000| PB 0x0000000715600000| Untracked 
| 115|0x0000000715800000, 0x0000000715800000, 0x0000000715a00000|  0%| F|  |TAMS 0x0000000715800000| PB 0x0000000715800000| Untracked 
| 116|0x0000000715a00000, 0x0000000715a00000, 0x0000000715c00000|  0%| F|  |TAMS 0x0000000715a00000| PB 0x0000000715a00000| Untracked 
| 124|0x0000000716a00000, 0x0000000716a00000, 0x0000000716c00000|  0%| F|  |TAMS 0x0000000716a00000| PB 0x0000000716a00000| Untracked 
|1977|0x00000007fe400000, 0x00000007fe400000, 0x00000007fe600000|  0%| F|  |TAMS 0x00000007fe400000| PB 0x00000007fe400000| Untracked 
|1978|0x00000007fe600000, 0x00000007fe600000, 0x00000007fe800000|  0%| F|  |TAMS 0x00000007fe600000| PB 0x00000007fe600000| Untracked 
|1979|0x00000007fe800000, 0x00000007fe800000, 0x00000007fea00000|  0%| F|  |TAMS 0x00000007fe800000| PB 0x00000007fe800000| Untracked 
|1980|0x00000007fea00000, 0x00000007fea00000, 0x00000007fec00000|  0%| F|  |TAMS 0x00000007fea00000| PB 0x00000007fea00000| Untracked 
|1981|0x00000007fec00000, 0x00000007fed15800, 0x00000007fee00000| 54%| S|CS|TAMS 0x00000007fec00000| PB 0x00000007fec00000| Complete 
|1982|0x00000007fee00000, 0x00000007fee00000, 0x00000007ff000000|  0%| F|  |TAMS 0x00000007fee00000| PB 0x00000007fee00000| Untracked 
|1983|0x00000007ff000000, 0x00000007ff000000, 0x00000007ff200000|  0%| F|  |TAMS 0x00000007ff000000| PB 0x00000007ff000000| Untracked 
|1984|0x00000007ff200000, 0x00000007ff200000, 0x00000007ff400000|  0%| F|  |TAMS 0x00000007ff200000| PB 0x00000007ff200000| Untracked 
|1985|0x00000007ff400000, 0x00000007ff600000, 0x00000007ff600000|100%| E|  |TAMS 0x00000007ff400000| PB 0x00000007ff400000| Complete 
|1986|0x00000007ff600000, 0x00000007ff800000, 0x00000007ff800000|100%| E|CS|TAMS 0x00000007ff600000| PB 0x00000007ff600000| Complete 
|1987|0x00000007ff800000, 0x00000007ffa00000, 0x00000007ffa00000|100%| O|  |TAMS 0x00000007ff800000| PB 0x00000007ff800000| Untracked 
|1988|0x00000007ffa00000, 0x00000007ffc00000, 0x00000007ffc00000|100%| O|  |TAMS 0x00000007ffa00000| PB 0x00000007ffa00000| Untracked 
|1989|0x00000007ffc00000, 0x00000007ffe00000, 0x00000007ffe00000|100%| O|  |TAMS 0x00000007ffc00000| PB 0x00000007ffc00000| Untracked 
|1990|0x00000007ffe00000, 0x0000000800000000, 0x0000000800000000|100%| O|  |TAMS 0x00000007ffe00000| PB 0x00000007ffe00000| Untracked 

Card table byte_map: [0x000001e5ef7a0000,0x000001e5eff70000] _byte_map_base: 0x000001e5ebf67000

Marking Bits: (CMBitMap*) 0x000001e5da089520
 Bits: [0x000001e5eff70000, 0x000001e5f3da8000)

Polling page: 0x000001e5da0e0000

Metaspace:

Usage:
  Non-class:     43.29 MB used.
      Class:      4.96 MB used.
       Both:     48.25 MB used.

Virtual space:
  Non-class space:       64.00 MB reserved,      43.62 MB ( 68%) committed,  1 nodes.
      Class space:        1.00 GB reserved,       5.25 MB ( <1%) committed,  1 nodes.
             Both:        1.06 GB reserved,      48.88 MB (  4%) committed. 

Chunk freelists:
   Non-Class:  4.04 MB
       Class:  10.61 MB
        Both:  14.65 MB

MaxMetaspaceSize: unlimited
CompressedClassSpaceSize: 1.00 GB
Initial GC threshold: 21.00 MB
Current GC threshold: 81.50 MB
CDS: on
 - commit_granule_bytes: 65536.
 - commit_granule_words: 8192.
 - virtual_space_node_default_size: 8388608.
 - enlarge_chunks_in_place: 1.
 - use_allocation_guard: 0.


Internal statistics:

num_allocs_failed_limit: 9.
num_arena_births: 826.
num_arena_deaths: 0.
num_vsnodes_births: 2.
num_vsnodes_deaths: 0.
num_space_committed: 782.
num_space_uncommitted: 0.
num_chunks_returned_to_freelist: 9.
num_chunks_taken_from_freelist: 2470.
num_chunk_merges: 6.
num_chunk_splits: 1806.
num_chunks_enlarged: 1447.
num_inconsistent_stats: 0.

CodeHeap 'non-profiled nmethods': size=120000Kb used=6110Kb max_used=7699Kb free=113889Kb
 bounds [0x000001e5e7030000, 0x000001e5e77c0000, 0x000001e5ee560000]
CodeHeap 'profiled nmethods': size=120000Kb used=11992Kb max_used=18035Kb free=108007Kb
 bounds [0x000001e5df560000, 0x000001e5e0700000, 0x000001e5e6a90000]
CodeHeap 'non-nmethods': size=5760Kb used=2786Kb max_used=2840Kb free=2973Kb
 bounds [0x000001e5e6a90000, 0x000001e5e6d60000, 0x000001e5e7030000]
CodeCache: size=245760Kb, used=20888Kb, max_used=28574Kb, free=224869Kb
 total_blobs=8314, nmethods=6493, adapters=1725, full_count=0
Compilation: enabled, stopped_count=0, restarted_count=0

Compilation events (20 events):
Event: 151.744 Thread 0x000001e5f68c0f30 nmethod 10514 0x000001e5df5b1d90 code [0x000001e5df5b2040, 0x000001e5df5b2ca8]
Event: 151.744 Thread 0x000001e5f68c0f30 10515       3       org.jetbrains.compose.reload.core.CoroutinesKt$withThread$lambda$0$$inlined$Continuation$1::resumeWith (15 bytes)
Event: 151.744 Thread 0x000001e5f68c0f30 nmethod 10515 0x000001e5df5fa310 code [0x000001e5df5fa4c0, 0x000001e5df5fa6a0]
Event: 151.745 Thread 0x000001e5f68b6990 nmethod 10511 0x000001e5e7077e90 code [0x000001e5e7078040, 0x000001e5e70783e0]
Event: 151.745 Thread 0x000001e5f68b6990 10516       4       java.lang.Integer::compare (20 bytes)
Event: 151.745 Thread 0x000001e5f68b6990 nmethod 10516 0x000001e5e708c090 code [0x000001e5e708c200, 0x000001e5e708c280]
Event: 151.746 Thread 0x000001e5f68c0f30 10517       3       kotlin.collections.builders.MapBuilder::putRehash (74 bytes)
Event: 151.747 Thread 0x000001e5f68c0f30 nmethod 10517 0x000001e5df57cd10 code [0x000001e5df57cf00, 0x000001e5df57d448]
Event: 151.747 Thread 0x000001e5f68c0f30 10518       3       org.jetbrains.compose.reload.core.CoroutinesKt$withThread$1::invokeSuspend (27 bytes)
Event: 151.747 Thread 0x000001e5f68c0f30 nmethod 10518 0x000001e5df60bb90 code [0x000001e5df60bd40, 0x000001e5df60bf08]
Event: 151.747 Thread 0x000001e5f68c0f30 10519       1       java.time.format.DateTimeFormatter::getDecimalStyle (5 bytes)
Event: 151.747 Thread 0x000001e5f68c0f30 nmethod 10519 0x000001e5e7090f10 code [0x000001e5e70910a0, 0x000001e5e7091170]
Event: 151.747 Thread 0x000001e5f68c0f30 10520       1       java.time.format.DecimalStyle::getZeroDigit (5 bytes)
Event: 151.747 Thread 0x000001e5f68c0f30 nmethod 10520 0x000001e5e7097810 code [0x000001e5e70979a0, 0x000001e5e7097a70]
Event: 151.750 Thread 0x000001e5f68c0f30 10521       3       java.util.concurrent.atomic.AtomicBoolean::get (13 bytes)
Event: 151.751 Thread 0x000001e5f68c0f30 nmethod 10521 0x000001e5df57df10 code [0x000001e5df57e0a0, 0x000001e5df57e200]
Event: 151.751 Thread 0x000001e5f68c0f30 10522       3       org.jetbrains.compose.reload.orchestration.OrchestrationFrame::<init> (27 bytes)
Event: 151.752 Thread 0x000001e5f68c0f30 nmethod 10522 0x000001e5df6dc010 code [0x000001e5df6dc2c0, 0x000001e5df6dce08]
Event: 151.776 Thread 0x000001e5f68c0f30 10523       1       org.jetbrains.compose.reload.orchestration.OrchestrationMessage$LogMessage::getLevel (5 bytes)
Event: 151.776 Thread 0x000001e5f68c0f30 nmethod 10523 0x000001e5e709d110 code [0x000001e5e709d2a0, 0x000001e5e709d370]

GC Heap History (20 events):
Event: 5.928 GC heap before
{Heap before GC invocations=14 (full 0):
 garbage-first heap   total 161792K, used 139665K [0x0000000707200000, 0x0000000800000000)
  region size 2048K, 16 young (32768K), 1 survivors (2048K)
 Metaspace       used 44659K, committed 45184K, reserved 1114112K
  class space    used 4784K, committed 4992K, reserved 1048576K
}
Event: 5.929 GC heap after
{Heap after GC invocations=15 (full 0):
 garbage-first heap   total 161792K, used 93144K [0x0000000707200000, 0x0000000800000000)
  region size 2048K, 2 young (4096K), 2 survivors (4096K)
 Metaspace       used 44659K, committed 45184K, reserved 1114112K
  class space    used 4784K, committed 4992K, reserved 1048576K
}
Event: 5.975 GC heap before
{Heap before GC invocations=15 (full 0):
 garbage-first heap   total 161792K, used 146392K [0x0000000707200000, 0x0000000800000000)
  region size 2048K, 23 young (47104K), 2 survivors (4096K)
 Metaspace       used 44660K, committed 45184K, reserved 1114112K
  class space    used 4784K, committed 4992K, reserved 1048576K
}
Event: 5.977 GC heap after
{Heap after GC invocations=16 (full 0):
 garbage-first heap   total 161792K, used 96600K [0x0000000707200000, 0x0000000800000000)
  region size 2048K, 3 young (6144K), 3 survivors (6144K)
 Metaspace       used 44660K, committed 45184K, reserved 1114112K
  class space    used 4784K, committed 4992K, reserved 1048576K
}
Event: 5.978 GC heap before
{Heap before GC invocations=16 (full 0):
 garbage-first heap   total 161792K, used 96600K [0x0000000707200000, 0x0000000800000000)
  region size 2048K, 4 young (8192K), 3 survivors (6144K)
 Metaspace       used 44660K, committed 45184K, reserved 1114112K
  class space    used 4784K, committed 4992K, reserved 1048576K
}
Event: 5.979 GC heap after
{Heap after GC invocations=17 (full 0):
 garbage-first heap   total 204800K, used 94642K [0x0000000707200000, 0x0000000800000000)
  region size 2048K, 1 young (2048K), 1 survivors (2048K)
 Metaspace       used 44660K, committed 45184K, reserved 1114112K
  class space    used 4784K, committed 4992K, reserved 1048576K
}
Event: 6.231 GC heap before
{Heap before GC invocations=18 (full 0):
 garbage-first heap   total 245760K, used 242098K [0x0000000707200000, 0x0000000800000000)
  region size 2048K, 26 young (53248K), 1 survivors (2048K)
 Metaspace       used 44771K, committed 45248K, reserved 1114112K
  class space    used 4790K, committed 4992K, reserved 1048576K
}
Event: 6.236 GC heap after
{Heap after GC invocations=19 (full 0):
 garbage-first heap   total 253952K, used 119573K [0x0000000707200000, 0x0000000800000000)
  region size 2048K, 4 young (8192K), 4 survivors (8192K)
 Metaspace       used 44771K, committed 45248K, reserved 1114112K
  class space    used 4790K, committed 4992K, reserved 1048576K
}
Event: 6.350 GC heap before
{Heap before GC invocations=19 (full 0):
 garbage-first heap   total 253952K, used 250645K [0x0000000707200000, 0x0000000800000000)
  region size 2048K, 24 young (49152K), 4 survivors (8192K)
 Metaspace       used 44775K, committed 45248K, reserved 1114112K
  class space    used 4790K, committed 4992K, reserved 1048576K
}
Event: 6.355 GC heap after
{Heap after GC invocations=20 (full 0):
 garbage-first heap   total 268288K, used 138047K [0x0000000707200000, 0x0000000800000000)
  region size 2048K, 3 young (6144K), 3 survivors (6144K)
 Metaspace       used 44775K, committed 45248K, reserved 1114112K
  class space    used 4790K, committed 4992K, reserved 1048576K
}
Event: 6.359 GC heap before
{Heap before GC invocations=20 (full 0):
 garbage-first heap   total 268288K, used 144191K [0x0000000707200000, 0x0000000800000000)
  region size 2048K, 7 young (14336K), 3 survivors (6144K)
 Metaspace       used 44775K, committed 45248K, reserved 1114112K
  class space    used 4790K, committed 4992K, reserved 1048576K
}
Event: 6.360 GC heap after
{Heap after GC invocations=21 (full 0):
 garbage-first heap   total 268288K, used 139033K [0x0000000707200000, 0x0000000800000000)
  region size 2048K, 3 young (6144K), 3 survivors (6144K)
 Metaspace       used 44775K, committed 45248K, reserved 1114112K
  class space    used 4790K, committed 4992K, reserved 1048576K
}
Event: 32.714 GC heap before
{Heap before GC invocations=22 (full 0):
 garbage-first heap   total 268288K, used 247577K [0x0000000707200000, 0x0000000800000000)
  region size 2048K, 44 young (90112K), 3 survivors (6144K)
 Metaspace       used 48391K, committed 48960K, reserved 1114112K
  class space    used 5006K, committed 5248K, reserved 1048576K
}
Event: 32.719 GC heap after
{Heap after GC invocations=23 (full 0):
 garbage-first heap   total 270336K, used 166069K [0x0000000707200000, 0x0000000800000000)
  region size 2048K, 6 young (12288K), 6 survivors (12288K)
 Metaspace       used 48391K, committed 48960K, reserved 1114112K
  class space    used 5006K, committed 5248K, reserved 1048576K
}
Event: 33.435 GC heap before
{Heap before GC invocations=23 (full 0):
 garbage-first heap   total 270336K, used 202933K [0x0000000707200000, 0x0000000800000000)
  region size 2048K, 23 young (47104K), 6 survivors (12288K)
 Metaspace       used 48703K, committed 49280K, reserved 1114112K
  class space    used 5031K, committed 5248K, reserved 1048576K
}
Event: 33.473 GC heap after
{Heap after GC invocations=24 (full 1):
 garbage-first heap   total 270336K, used 137114K [0x0000000707200000, 0x0000000800000000)
  region size 2048K, 0 young (0K), 0 survivors (0K)
 Metaspace       used 48703K, committed 49280K, reserved 1114112K
  class space    used 5031K, committed 5248K, reserved 1048576K
}
Event: 63.484 GC heap before
{Heap before GC invocations=24 (full 1):
 garbage-first heap   total 270336K, used 161690K [0x0000000707200000, 0x0000000800000000)
  region size 2048K, 13 young (26624K), 0 survivors (0K)
 Metaspace       used 48948K, committed 49472K, reserved 1114112K
  class space    used 5047K, committed 5248K, reserved 1048576K
}
Event: 63.515 GC heap after
{Heap after GC invocations=25 (full 2):
 garbage-first heap   total 270336K, used 137306K [0x0000000707200000, 0x0000000800000000)
  region size 2048K, 0 young (0K), 0 survivors (0K)
 Metaspace       used 48948K, committed 49472K, reserved 1114112K
  class space    used 5047K, committed 5248K, reserved 1048576K
}
Event: 150.356 GC heap before
{Heap before GC invocations=25 (full 2):
 garbage-first heap   total 270336K, used 145498K [0x0000000707200000, 0x0000000800000000)
  region size 2048K, 5 young (10240K), 0 survivors (0K)
 Metaspace       used 49292K, committed 49984K, reserved 1114112K
  class space    used 5075K, committed 5376K, reserved 1048576K
}
Event: 150.357 GC heap after
{Heap after GC invocations=26 (full 2):
 garbage-first heap   total 270336K, used 138416K [0x0000000707200000, 0x0000000800000000)
  region size 2048K, 1 young (2048K), 1 survivors (2048K)
 Metaspace       used 49292K, committed 49984K, reserved 1114112K
  class space    used 5075K, committed 5376K, reserved 1048576K
}

Dll operation events (4 events):
Event: 0.015 Loaded shared library C:\Users\Anant.gupta\.jdks\jbr-21.0.11\bin\java.dll
Event: 0.043 Loaded shared library C:\Users\Anant.gupta\.jdks\jbr-21.0.11\bin\jsvml.dll
Event: 0.059 Loaded shared library C:\Users\Anant.gupta\.jdks\jbr-21.0.11\bin\zip.dll
Event: 1.070 Loaded shared library C:\Users\Anant.gupta\.jdks\jbr-21.0.11\bin\verify.dll

Deoptimization events (20 events):
Event: 150.353 Thread 0x000001e5fbd4d990 Uncommon trap: trap_request=0xffffff45 fr.pc=0x000001e5e7525d5c relative=0x0000000000003a7c
Event: 150.353 Thread 0x000001e5fbd4d990 Uncommon trap: reason=unstable_if action=reinterpret pc=0x000001e5e7525d5c method=java.awt.EventQueue.coalesceEvent(Ljava/awt/AWTEvent;I)Z @ 16 c2
Event: 150.353 Thread 0x000001e5fbd4d990 DEOPT PACKING pc=0x000001e5e7525d5c sp=0x0000009c6bffe9d0
Event: 150.353 Thread 0x000001e5fbd4d990 DEOPT UNPACKING pc=0x000001e5e6ae4422 sp=0x0000009c6bffe808 mode 2
Event: 150.409 Thread 0x000001e5fbd4d990 Uncommon trap: trap_request=0xffffff45 fr.pc=0x000001e5e70cec54 relative=0x00000000000004d4
Event: 150.409 Thread 0x000001e5fbd4d990 Uncommon trap: reason=unstable_if action=reinterpret pc=0x000001e5e70cec54 method=kotlinx.coroutines.channels.BufferedChannel$BufferedChannelIterator.hasNext(Lkotlin/coroutines/Continuation;)Ljava/lang/Object; @ 192 c2
Event: 150.409 Thread 0x000001e5fbd4d990 DEOPT PACKING pc=0x000001e5e70cec54 sp=0x0000009c6bffea50
Event: 150.409 Thread 0x000001e5fbd4d990 DEOPT UNPACKING pc=0x000001e5e6ae4422 sp=0x0000009c6bffe9c8 mode 2
Event: 151.714 Thread 0x000001e5fb1c0780 Uncommon trap: trap_request=0xffffff45 fr.pc=0x000001e5e760a5e0 relative=0x0000000000001060
Event: 151.714 Thread 0x000001e5fb1c0780 Uncommon trap: reason=unstable_if action=reinterpret pc=0x000001e5e760a5e0 method=kotlinx.coroutines.CancellableContinuationImpl.tryResume()Z @ 30 c2
Event: 151.714 Thread 0x000001e5fb1c0780 DEOPT PACKING pc=0x000001e5e760a5e0 sp=0x0000009c6b6ff240
Event: 151.714 Thread 0x000001e5fb1c0780 DEOPT UNPACKING pc=0x000001e5e6ae4422 sp=0x0000009c6b6fefe0 mode 2
Event: 151.714 Thread 0x000001e5fb1bf3d0 Uncommon trap: trap_request=0xffffff45 fr.pc=0x000001e5e75df590 relative=0x00000000000001b0
Event: 151.714 Thread 0x000001e5fb1bf3d0 Uncommon trap: reason=unstable_if action=reinterpret pc=0x000001e5e75df590 method=kotlinx.coroutines.CancellableContinuationImpl.trySuspend()Z @ 30 c2
Event: 151.714 Thread 0x000001e5fb1bf3d0 DEOPT PACKING pc=0x000001e5e75df590 sp=0x0000009c6affe7b0
Event: 151.714 Thread 0x000001e5fb1bf3d0 DEOPT UNPACKING pc=0x000001e5e6ae4422 sp=0x0000009c6affe680 mode 2
Event: 151.731 Thread 0x000001e5fb1bfa60 Uncommon trap: trap_request=0xffffff45 fr.pc=0x000001e5e75e379c relative=0x000000000000007c
Event: 151.731 Thread 0x000001e5fb1bfa60 Uncommon trap: reason=unstable_if action=reinterpret pc=0x000001e5e75e379c method=kotlinx.coroutines.CancellableContinuationImpl.tryResume()Z @ 30 c2
Event: 151.731 Thread 0x000001e5fb1bfa60 DEOPT PACKING pc=0x000001e5e75e379c sp=0x0000009c6b7ff060
Event: 151.731 Thread 0x000001e5fb1bfa60 DEOPT UNPACKING pc=0x000001e5e6ae4422 sp=0x0000009c6b7fefb8 mode 2

Classes loaded (20 events):
Event: 66.238 Loading class javax/swing/JWindow done
Event: 66.238 Loading class javax/swing/Popup$HeavyWeightWindow done
Event: 150.351 Loading class java/util/WeakHashMap$EntrySet
Event: 150.351 Loading class java/util/WeakHashMap$EntrySet done
Event: 150.352 Loading class java/util/WeakHashMap$EntryIterator
Event: 150.352 Loading class java/util/WeakHashMap$EntryIterator done
Event: 150.353 Loading class javax/swing/RepaintManager$DisplayChangedRunnable
Event: 150.353 Loading class javax/swing/RepaintManager$DisplayChangedRunnable done
Event: 150.355 Loading class java/awt/image/DataBufferByte
Event: 150.356 Loading class java/awt/image/DataBufferByte done
Event: 150.358 Loading class java/awt/image/PixelInterleavedSampleModel
Event: 150.358 Loading class java/awt/image/ComponentSampleModel
Event: 150.359 Loading class java/awt/image/ComponentSampleModel done
Event: 150.359 Loading class java/awt/image/PixelInterleavedSampleModel done
Event: 150.359 Loading class sun/awt/image/ByteInterleavedRaster
Event: 150.360 Loading class sun/awt/image/ByteComponentRaster
Event: 150.360 Loading class sun/awt/image/ByteComponentRaster done
Event: 150.360 Loading class sun/awt/image/ByteInterleavedRaster done
Event: 150.362 Loading class sun/awt/image/BytePackedRaster
Event: 150.363 Loading class sun/awt/image/BytePackedRaster done

Classes unloaded (0 events):
No events

Classes redefined (0 events):
No events

Internal exceptions (20 events):
Event: 9.986 Thread 0x000001e5fbd4d990 Exception <a 'java/lang/NoSuchMethodError'{0x0000000713a28258}: 'java.lang.Object java.lang.invoke.DirectMethodHandle$Holder.newInvokeSpecial(java.lang.Object, java.lang.Object, long, java.lang.Object, java.lang.Object)'> (0x0000000713a28258) 
thrown [s\src\hotspot\share\interpreter\linkResolver.cpp, line 784]
Event: 9.986 Thread 0x000001e5fbd4d990 Exception <a 'java/lang/NoSuchMethodError'{0x0000000713a2c500}: 'java.lang.Object java.lang.invoke.DirectMethodHandle$Holder.invokeSpecial(java.lang.Object, java.lang.Object, java.lang.Object, long, java.lang.Object, java.lang.Object)'> (0x0000000713a2c500) 
thrown [s\src\hotspot\share\interpreter\linkResolver.cpp, line 784]
Event: 9.986 Thread 0x000001e5fbd4d990 Exception <a 'java/lang/NoSuchMethodError'{0x0000000713a2fff8}: 'java.lang.Object java.lang.invoke.Invokers$Holder.linkToTargetMethod(java.lang.Object, long, java.lang.Object, java.lang.Object, java.lang.Object)'> (0x0000000713a2fff8) 
thrown [s\src\hotspot\share\interpreter\linkResolver.cpp, line 784]
Event: 12.108 Thread 0x000001e5fbd4d990 Exception <a 'java/lang/NoSuchMethodError'{0x0000000713998200}: 'java.lang.Object java.lang.invoke.DirectMethodHandle$Holder.newInvokeSpecial(java.lang.Object, java.lang.Object, int, java.lang.Object, int)'> (0x0000000713998200) 
thrown [s\src\hotspot\share\interpreter\linkResolver.cpp, line 784]
Event: 12.108 Thread 0x000001e5fbd4d990 Exception <a 'java/lang/NoSuchMethodError'{0x000000071399c3f8}: 'java.lang.Object java.lang.invoke.DirectMethodHandle$Holder.invokeSpecial(java.lang.Object, java.lang.Object, java.lang.Object, int, java.lang.Object, int)'> (0x000000071399c3f8) 
thrown [s\src\hotspot\share\interpreter\linkResolver.cpp, line 784]
Event: 12.108 Thread 0x000001e5fbd4d990 Exception <a 'java/lang/NoSuchMethodError'{0x000000071399f908}: 'java.lang.Object java.lang.invoke.Invokers$Holder.linkToTargetMethod(java.lang.Object, int, java.lang.Object, int, java.lang.Object)'> (0x000000071399f908) 
thrown [s\src\hotspot\share\interpreter\linkResolver.cpp, line 784]
Event: 150.342 Thread 0x000001e5fbd4d990 Exception <a 'sun/java2d/InvalidPipeException'{0x00000007feeb3e38}: GDIWindowSurfaceData: bounds changed> (0x00000007feeb3e38) 
thrown [s\src\hotspot\share\prims\jni.cpp, line 572]
Event: 150.343 Thread 0x000001e5fbd4d990 Exception <a 'sun/java2d/InvalidPipeException'{0x00000007feeb4428}: GDIWindowSurfaceData: bounds changed> (0x00000007feeb4428) 
thrown [s\src\hotspot\share\prims\jni.cpp, line 572]
Event: 150.343 Thread 0x000001e5fbd4d990 Implicit null exception at 0x000001e5e733113d to 0x000001e5e73311b2
Event: 150.343 Thread 0x000001e5fbd4d990 Exception <a 'sun/java2d/InvalidPipeException'{0x00000007feeb4d18}: GDIWindowSurfaceData: bounds changed> (0x00000007feeb4d18) 
thrown [s\src\hotspot\share\prims\jni.cpp, line 572]
Event: 150.343 Thread 0x000001e5fbd4d990 Exception <a 'sun/java2d/InvalidPipeException'{0x00000007feeb53b0}: GDIWindowSurfaceData: bounds changed> (0x00000007feeb53b0) 
thrown [s\src\hotspot\share\prims\jni.cpp, line 572]
Event: 150.343 Thread 0x000001e5fbd4d990 Exception <a 'sun/java2d/InvalidPipeException'{0x00000007feeb59a0}: GDIWindowSurfaceData: bounds changed> (0x00000007feeb59a0) 
thrown [s\src\hotspot\share\prims\jni.cpp, line 572]
Event: 150.343 Thread 0x000001e5fbd4d990 Exception <a 'sun/java2d/InvalidPipeException'{0x00000007feeb6080}: GDIWindowSurfaceData: bounds changed> (0x00000007feeb6080) 
thrown [s\src\hotspot\share\prims\jni.cpp, line 572]
Event: 150.347 Thread 0x000001e5fbd4d990 Exception <a 'java/lang/NoSuchMethodError'{0x00000007feebbed0}: 'void java.lang.invoke.DirectMethodHandle$Holder.invokeInterface(java.lang.Object, java.lang.Object)'> (0x00000007feebbed0) 
thrown [s\src\hotspot\share\interpreter\linkResolver.cpp, line 784]
Event: 150.408 Thread 0x000001e5fbd4d990 Exception <a 'sun/java2d/InvalidPipeException'{0x00000007ff61e5b8}: GDIWindowSurfaceData: bounds changed> (0x00000007ff61e5b8) 
thrown [s\src\hotspot\share\prims\jni.cpp, line 572]
Event: 150.408 Thread 0x000001e5fbd4d990 Exception <a 'sun/java2d/InvalidPipeException'{0x00000007ff61eba8}: GDIWindowSurfaceData: bounds changed> (0x00000007ff61eba8) 
thrown [s\src\hotspot\share\prims\jni.cpp, line 572]
Event: 150.408 Thread 0x000001e5fbd4d990 Exception <a 'sun/java2d/InvalidPipeException'{0x00000007ff61f328}: GDIWindowSurfaceData: bounds changed> (0x00000007ff61f328) 
thrown [s\src\hotspot\share\prims\jni.cpp, line 572]
Event: 150.408 Thread 0x000001e5fbd4d990 Exception <a 'sun/java2d/InvalidPipeException'{0x00000007ff61f9d8}: GDIWindowSurfaceData: bounds changed> (0x00000007ff61f9d8) 
thrown [s\src\hotspot\share\prims\jni.cpp, line 572]
Event: 150.408 Thread 0x000001e5fbd4d990 Exception <a 'sun/java2d/InvalidPipeException'{0x00000007ff61ffc8}: GDIWindowSurfaceData: bounds changed> (0x00000007ff61ffc8) 
thrown [s\src\hotspot\share\prims\jni.cpp, line 572]
Event: 150.408 Thread 0x000001e5fbd4d990 Exception <a 'sun/java2d/InvalidPipeException'{0x00000007ff6206a8}: GDIWindowSurfaceData: bounds changed> (0x00000007ff6206a8) 
thrown [s\src\hotspot\share\prims\jni.cpp, line 572]

ZGC Phase Switch (0 events):
No events

VM Operations (20 events):
Event: 67.523 Executing safepoint VM operation: Cleanup
Event: 67.523 Executing safepoint VM operation: Cleanup done
Event: 146.034 Executing non-safepoint VM operation: HandshakeAllThreads (HandshakeForDeflation)
Event: 146.034 Executing non-safepoint VM operation: HandshakeAllThreads (HandshakeForDeflation) done
Event: 146.034 Executing non-safepoint VM operation: RendezvousGCThreads
Event: 146.034 Executing non-safepoint VM operation: RendezvousGCThreads done
Event: 148.049 Executing safepoint VM operation: Cleanup
Event: 148.049 Executing safepoint VM operation: Cleanup done
Event: 149.059 Executing safepoint VM operation: Cleanup
Event: 149.059 Executing safepoint VM operation: Cleanup done
Event: 150.351 Executing non-safepoint VM operation: HandshakeAllThreads (Deoptimize)
Event: 150.351 Executing non-safepoint VM operation: HandshakeAllThreads (Deoptimize) done
Event: 150.351 Executing safepoint VM operation: Cleanup
Event: 150.351 Executing safepoint VM operation: Cleanup done
Event: 150.356 Executing safepoint VM operation: G1TryInitiateConcMark (G1 Humongous Allocation)
Event: 150.357 Executing safepoint VM operation: G1TryInitiateConcMark (G1 Humongous Allocation) done
Event: 150.394 Executing safepoint VM operation: G1PauseRemark
Event: 150.398 Executing safepoint VM operation: G1PauseRemark done
Event: 150.410 Executing safepoint VM operation: G1PauseCleanup
Event: 150.410 Executing safepoint VM operation: G1PauseCleanup done

Memory protections (0 events):
No events

Nmethod flushes (20 events):
Event: 150.397 Thread 0x000001e5f687bae0 flushing  nmethod 0x000001e5e00c1490
Event: 150.397 Thread 0x000001e5f687bae0 flushing  nmethod 0x000001e5e00c4890
Event: 150.397 Thread 0x000001e5f687bae0 flushing  nmethod 0x000001e5e00c8890
Event: 150.397 Thread 0x000001e5f687bae0 flushing  nmethod 0x000001e5e00edb10
Event: 150.397 Thread 0x000001e5f687bae0 flushing  nmethod 0x000001e5e00ee910
Event: 150.397 Thread 0x000001e5f687bae0 flushing  nmethod 0x000001e5e00eee10
Event: 150.397 Thread 0x000001e5f687bae0 flushing  nmethod 0x000001e5e00f0910
Event: 150.397 Thread 0x000001e5f687bae0 flushing  nmethod 0x000001e5e00f0e10
Event: 150.397 Thread 0x000001e5f687bae0 flushing  nmethod 0x000001e5e00f2390
Event: 150.397 Thread 0x000001e5f687bae0 flushing  nmethod 0x000001e5e00f2f10
Event: 150.397 Thread 0x000001e5f687bae0 flushing  nmethod 0x000001e5e017d710
Event: 150.397 Thread 0x000001e5f687bae0 flushing  nmethod 0x000001e5e017e890
Event: 150.397 Thread 0x000001e5f687bae0 flushing  nmethod 0x000001e5e022cf90
Event: 150.397 Thread 0x000001e5f687bae0 flushing  nmethod 0x000001e5e0236b90
Event: 150.397 Thread 0x000001e5f687bae0 flushing  nmethod 0x000001e5e0239410
Event: 150.397 Thread 0x000001e5f687bae0 flushing  nmethod 0x000001e5e0322c10
Event: 150.397 Thread 0x000001e5f687bae0 flushing  nmethod 0x000001e5e0328a90
Event: 150.397 Thread 0x000001e5f687bae0 flushing  nmethod 0x000001e5e03cec90
Event: 150.397 Thread 0x000001e5f687bae0 flushing  nmethod 0x000001e5e0672790
Event: 150.397 Thread 0x000001e5f687bae0 flushing  nmethod 0x000001e5e06e8610

Events (20 events):
Event: 4.209 Thread 0x000001e5f68b6990 Thread added: 0x000001e5fe1ac2f0
Event: 4.223 Thread 0x000001e5f68c0f30 Thread added: 0x000001e5c3af9880
Event: 4.980 Loaded shared library C:\Users\Anant.gupta\AppData\Local\Temp\androidx_sqliteJni16119307449600189271.tmp
Event: 4.998 Thread 0x000001e5fbd4f3d0 Thread added: 0x000001e5fdd4faa0
Event: 5.374 Thread 0x000001e5fbd4d990 Thread added: 0x000001e5c46e3270
Event: 6.068 Loaded shared library C:\Users\Anant.gupta\AppData\Local\Temp\libzstd-jni-1.5.6-69748116996165737825.dll
Event: 6.574 Thread 0x000001e5c3af9880 Thread exited: 0x000001e5c3af9880
Event: 7.008 Thread 0x000001e5fe1ac2f0 Thread exited: 0x000001e5fe1ac2f0
Event: 8.291 Thread 0x000001e5f68c0f30 Thread added: 0x000001e5ffbd7c90
Event: 8.406 Thread 0x000001e5ffbd7c90 Thread exited: 0x000001e5ffbd7c90
Event: 9.970 Thread 0x000001e5f68c0f30 Thread added: 0x000001e5c39c81a0
Event: 10.667 Thread 0x000001e5c39c81a0 Thread exited: 0x000001e5c39c81a0
Event: 31.519 Thread 0x000001e5f68b6990 Thread added: 0x000001e5c39cd360
Event: 31.657 Thread 0x000001e5c39cd360 Thread exited: 0x000001e5c39cd360
Event: 32.806 Thread 0x000001e5f68b6990 Thread added: 0x000001e5c39c9ce0
Event: 32.806 Thread 0x000001e5f68b6990 Thread added: 0x000001e5c39cb150
Event: 33.513 Thread 0x000001e5c39cb150 Thread exited: 0x000001e5c39cb150
Event: 34.505 Thread 0x000001e5c39c9ce0 Thread exited: 0x000001e5c39c9ce0
Event: 149.715 Thread 0x000001e5fbd4d990 Thread added: 0x000001e5c46dd000
Event: 151.737 Thread 0x000001e5f68c0f30 Thread added: 0x000001e5fc44e650


Dynamic libraries:
0x00007ff6657c0000 - 0x00007ff6657ca000 	C:\Users\Anant.gupta\.jdks\jbr-21.0.11\bin\java.exe
0x00007ffa3f100000 - 0x00007ffa3f366000 	C:\Windows\SYSTEM32\ntdll.dll
0x00007ffa3e820000 - 0x00007ffa3e8e9000 	C:\Windows\System32\KERNEL32.DLL
0x00007ffa3c560000 - 0x00007ffa3c95e000 	C:\Windows\System32\KERNELBASE.dll
0x00007ffa3cc10000 - 0x00007ffa3cd5c000 	C:\Windows\System32\ucrtbase.dll
0x00007ffa240e0000 - 0x00007ffa240fe000 	C:\Users\Anant.gupta\.jdks\jbr-21.0.11\bin\VCRUNTIME140.dll
0x00007ffa2a2b0000 - 0x00007ffa2a2c8000 	C:\Users\Anant.gupta\.jdks\jbr-21.0.11\bin\jli.dll
0x00007ffa3cf80000 - 0x00007ffa3d147000 	C:\Windows\System32\USER32.dll
0x00007ffa3c4a0000 - 0x00007ffa3c4c7000 	C:\Windows\System32\win32u.dll
0x00007ffa3ce30000 - 0x00007ffa3ce5b000 	C:\Windows\System32\GDI32.dll
0x00007ffa1fcd0000 - 0x00007ffa1ff62000 	C:\Windows\WinSxS\amd64_microsoft.windows.common-controls_6595b64144ccf1df_6.0.26100.8875_none_3e0d5d42e32fe9dd\COMCTL32.dll
0x00007ffa3cae0000 - 0x00007ffa3cc0a000 	C:\Windows\System32\gdi32full.dll
0x00007ffa3df90000 - 0x00007ffa3e039000 	C:\Windows\System32\msvcrt.dll
0x00007ffa3c970000 - 0x00007ffa3ca13000 	C:\Windows\System32\msvcp_win.dll
0x00007ffa3df50000 - 0x00007ffa3df82000 	C:\Windows\System32\IMM32.DLL
0x00007ffa2a8a0000 - 0x00007ffa2a8ac000 	C:\Users\Anant.gupta\.jdks\jbr-21.0.11\bin\vcruntime140_1.dll
0x00007ffa0d340000 - 0x00007ffa0d3c9000 	C:\Users\Anant.gupta\.jdks\jbr-21.0.11\bin\msvcp140.dll
0x00007ff979aa0000 - 0x00007ff97a86e000 	C:\Users\Anant.gupta\.jdks\jbr-21.0.11\bin\server\jvm.dll
0x00007ffa3dad0000 - 0x00007ffa3db87000 	C:\Windows\System32\ADVAPI32.dll
0x00007ffa3e040000 - 0x00007ffa3e0ea000 	C:\Windows\System32\sechost.dll
0x00007ffa3e5a0000 - 0x00007ffa3e6b8000 	C:\Windows\System32\RPCRT4.dll
0x00007ffa3dba0000 - 0x00007ffa3dc20000 	C:\Windows\System32\WS2_32.dll
0x00007ffa3c1a0000 - 0x00007ffa3c1fe000 	C:\Windows\SYSTEM32\POWRPROF.dll
0x00007ffa28c50000 - 0x00007ffa28c86000 	C:\Windows\SYSTEM32\WINMM.dll
0x00007ffa21960000 - 0x00007ffa2196b000 	C:\Windows\SYSTEM32\VERSION.dll
0x00007ffa3c180000 - 0x00007ffa3c194000 	C:\Windows\SYSTEM32\UMPDC.dll
0x00007ffa3afe0000 - 0x00007ffa3affb000 	C:\Windows\SYSTEM32\kernel.appcore.dll
0x00007ffa2a410000 - 0x00007ffa2a41a000 	C:\Users\Anant.gupta\.jdks\jbr-21.0.11\bin\jimage.dll
0x00007ffa39ae0000 - 0x00007ffa39d22000 	C:\Windows\SYSTEM32\DBGHELP.DLL
0x00007ffa3ed10000 - 0x00007ffa3f093000 	C:\Windows\System32\combase.dll
0x00007ffa3dd70000 - 0x00007ffa3de49000 	C:\Windows\System32\OLEAUT32.dll
0x00007ffa0cec0000 - 0x00007ffa0cefb000 	C:\Windows\SYSTEM32\dbgcore.DLL
0x00007ffa3cd70000 - 0x00007ffa3ce1c000 	C:\Windows\System32\bcryptPrimitives.dll
0x00007ffa29a50000 - 0x00007ffa29a60000 	C:\Users\Anant.gupta\.jdks\jbr-21.0.11\bin\instrument.dll
0x00007ffa223c0000 - 0x00007ffa223e1000 	C:\Users\Anant.gupta\.jdks\jbr-21.0.11\bin\java.dll
0x00007ffa3d150000 - 0x00007ffa3d8e2000 	C:\Windows\System32\SHELL32.dll
0x00007ffa39d80000 - 0x00007ffa3a612000 	C:\Windows\SYSTEM32\windows.storage.dll
0x00007ffa3e720000 - 0x00007ffa3e817000 	C:\Windows\System32\SHCORE.dll
0x00007ffa3ce60000 - 0x00007ffa3cec7000 	C:\Windows\System32\shlwapi.dll
0x00007ffa3c240000 - 0x00007ffa3c269000 	C:\Windows\SYSTEM32\profapi.dll
0x00007ff9f2930000 - 0x00007ff9f2a07000 	C:\Users\Anant.gupta\.jdks\jbr-21.0.11\bin\jsvml.dll
0x00007ffa234d0000 - 0x00007ffa234e8000 	C:\Users\Anant.gupta\.jdks\jbr-21.0.11\bin\zip.dll
0x00007ffa22950000 - 0x00007ffa22961000 	C:\Users\Anant.gupta\.jdks\jbr-21.0.11\bin\net.dll
0x00007ffa357f0000 - 0x00007ffa35917000 	C:\Windows\SYSTEM32\WINHTTP.dll
0x00007ffa3b5b0000 - 0x00007ffa3b61c000 	C:\Windows\system32\mswsock.dll
0x00007ffa223a0000 - 0x00007ffa223b6000 	C:\Users\Anant.gupta\.jdks\jbr-21.0.11\bin\nio.dll
0x00007ffa3b8b0000 - 0x00007ffa3b8cb000 	C:\Windows\SYSTEM32\CRYPTSP.dll
0x00007ffa3af40000 - 0x00007ffa3af79000 	C:\Windows\system32\rsaenh.dll
0x00007ffa3b670000 - 0x00007ffa3b6a2000 	C:\Windows\SYSTEM32\USERENV.dll
0x00007ffa3c210000 - 0x00007ffa3c23a000 	C:\Windows\SYSTEM32\bcrypt.dll
0x00007ffa3b8d0000 - 0x00007ffa3b8dc000 	C:\Windows\SYSTEM32\CRYPTBASE.dll
0x00007ffa3a980000 - 0x00007ffa3a9b3000 	C:\Windows\SYSTEM32\IPHLPAPI.DLL
0x00007ffa3db90000 - 0x00007ffa3db9a000 	C:\Windows\System32\NSI.dll
0x00007ffa29870000 - 0x00007ffa29879000 	C:\Users\Anant.gupta\.jdks\jbr-21.0.11\bin\extnet.dll
0x00007ffa22ef0000 - 0x00007ffa22f00000 	C:\Users\Anant.gupta\.jdks\jbr-21.0.11\bin\verify.dll
0x00007ff9d5a50000 - 0x00007ff9d5bee000 	C:\Users\Anant.gupta\.jdks\jbr-21.0.11\bin\awt.dll
0x00007ffa392f0000 - 0x00007ffa3931f000 	C:\Windows\SYSTEM32\dwmapi.dll
0x00007ff9f1c70000 - 0x00007ff9f1ce3000 	C:\Windows\SYSTEM32\OLEACC.dll
0x00007ffa219f0000 - 0x00007ffa21a34000 	C:\Users\Anant.gupta\.jdks\jbr-21.0.11\bin\nvdaControllerClient64.dll
0x00007ffa38dd0000 - 0x00007ffa38e70000 	C:\Windows\SYSTEM32\apphelp.dll
0x00007ffa39030000 - 0x00007ffa390d9000 	C:\Windows\system32\uxtheme.dll
0x00007ffa3e8f0000 - 0x00007ffa3ea4d000 	C:\Windows\System32\MSCTF.dll
0x00007ffa3eab0000 - 0x00007ffa3ec49000 	C:\Windows\System32\ole32.dll
0x00007ffa38ea0000 - 0x00007ffa38ec9000 	C:\Windows\system32\Wtsapi32.dll
0x00007ffa3c320000 - 0x00007ffa3c498000 	C:\Windows\System32\CRYPT32.dll
0x00007ffa3b2b0000 - 0x00007ffa3b2f9000 	C:\Windows\SYSTEM32\SspiCli.dll
0x00007ffa3bf10000 - 0x00007ffa3bf71000 	C:\Windows\SYSTEM32\WINSTA.dll
0x00007ff99d180000 - 0x00007ff99d28c000 	C:\Windows\system32\opengl32.dll
0x00007ff9a1250000 - 0x00007ff9a127d000 	C:\Windows\SYSTEM32\GLU32.dll
0x00007ffa39330000 - 0x00007ffa39376000 	C:\Windows\SYSTEM32\dxcore.dll
0x00007ffa229a0000 - 0x00007ffa229ae000 	C:\Users\Anant.gupta\.jdks\jbr-21.0.11\bin\sunmscapi.dll
0x00007ffa3baf0000 - 0x00007ffa3bb20000 	C:\Windows\SYSTEM32\ncrypt.dll
0x00007ffa3baa0000 - 0x00007ffa3badf000 	C:\Windows\SYSTEM32\NTASN1.dll
0x00007ff976b50000 - 0x00007ff9778c5000 	C:\Users\Anant.gupta\.skiko\skiko-windows-x64-3ce1b2621ce4905333064341568d0e9493efc0d4971a63b096261c774bc6e5a8\skiko-windows-x64.dll
0x00007ffa36620000 - 0x00007ffa36726000 	C:\Windows\SYSTEM32\PROPSYS.dll
0x00007ffa373f0000 - 0x00007ffa37657000 	C:\Windows\SYSTEM32\dwrite.dll
0x00007ff9fb1d0000 - 0x00007ff9fb3aa000 	C:\Windows\WinSxS\amd64_microsoft.windows.gdiplus_6595b64144ccf1df_1.1.26100.8875_none_6ef850283dc263ab\gdiplus.dll
0x00007ffa05480000 - 0x00007ffa0550b000 	C:\Users\Anant.gupta\.jdks\jbr-21.0.11\bin\freetype.dll
0x00007ff9e91a0000 - 0x00007ff9e929c000 	C:\Users\Anant.gupta\.jdks\jbr-21.0.11\bin\fontmanager.dll
0x00007ffa3dc30000 - 0x00007ffa3dcde000 	C:\Windows\System32\clbcatq.dll
0x00007ffa36fc0000 - 0x00007ffa371ed000 	C:\Windows\SYSTEM32\WindowsCodecs.dll
0x00007ffa11410000 - 0x00007ffa1146d000 	C:\Windows\system32\dataexchange.dll
0x00007ffa2ab00000 - 0x00007ffa2ad4f000 	C:\Windows\system32\twinapi.appcore.dll
0x00007ffa22170000 - 0x00007ffa22177000 	C:\Users\Anant.gupta\.jdks\jbr-21.0.11\bin\jawt.dll
0x00007ffa39160000 - 0x00007ffa3929e000 	C:\Windows\SYSTEM32\Dxgi.dll
0x00007ffa35060000 - 0x00007ffa350bf000 	C:\Windows\SYSTEM32\directxdatabasehelper.dll
0x00007ffa3be80000 - 0x00007ffa3bed1000 	C:\Windows\SYSTEM32\cfgmgr32.dll
0x00007ffa17270000 - 0x00007ffa17293000 	C:\Windows\SYSTEM32\D3D12.dll
0x00007ff9af1b0000 - 0x00007ff9af507000 	C:\Windows\SYSTEM32\D3D12Core.dll
0x00007ff9cb3c0000 - 0x00007ff9cb443000 	C:\Windows\System32\DriverStore\FileRepository\iigd_dch.inf_amd64_91e2ecfda1c56615\igdext64.dll
0x00007ffa17fb0000 - 0x00007ffa18028000 	C:\Windows\System32\DriverStore\FileRepository\iigd_dch.inf_amd64_91e2ecfda1c56615\igd12umd64.dll
0x00007ff9569b0000 - 0x00007ff959107000 	C:\Windows\System32\DriverStore\FileRepository\iigd_dch.inf_amd64_91e2ecfda1c56615\igd12um64xe2.dll
0x00007ffa38cf0000 - 0x00007ffa38da2000 	C:\Windows\System32\DriverStore\FileRepository\iigd_dch.inf_amd64_91e2ecfda1c56615\IntelControlLib.dll
0x00007ffa37ca0000 - 0x00007ffa37f00000 	C:\Windows\SYSTEM32\d3d11.dll
0x00007ffa2cae0000 - 0x00007ffa31c93000 	C:\Windows\System32\DriverStore\FileRepository\iigd_dch.inf_amd64_91e2ecfda1c56615\igc64.dll
0x00007ffa2ca40000 - 0x00007ffa2cad2000 	C:\Windows\System32\DriverStore\FileRepository\iigd_dch.inf_amd64_91e2ecfda1c56615\igdgmm2_64.dll
0x00007ffa2c440000 - 0x00007ffa2c7ca000 	C:\Windows\System32\DriverStore\FileRepository\iigd_dch.inf_amd64_91e2ecfda1c56615\igdgmm64.dll
0x00007ffa2c390000 - 0x00007ffa2c3b3000 	C:\Windows\System32\DriverStore\FileRepository\iigd_dch.inf_amd64_91e2ecfda1c56615\igdgmmstaging_64.dll
0x00007ff9f1800000 - 0x00007ff9f189e000 	C:\Windows\System32\DriverStore\FileRepository\iigd_dch.inf_amd64_91e2ecfda1c56615\UniversalAdapter64.dll
0x00007ff9d1680000 - 0x00007ff9d175f000 	C:\Windows\SYSTEM32\D3DSCache.dll
0x00007ff9c6cb0000 - 0x00007ff9c702d000 	C:\Windows\System32\DriverStore\FileRepository\iigd_dch.inf_amd64_91e2ecfda1c56615\igd12dxva64.dll
0x00007ffa3e110000 - 0x00007ffa3e597000 	C:\Windows\System32\SETUPAPI.dll
0x00007ffa262a0000 - 0x00007ffa27842000 	C:\Windows\System32\DriverStore\FileRepository\iigd_dch.inf_amd64_91e2ecfda1c56615\igddxvacommon64.dll
0x00007ffa24340000 - 0x00007ffa26292000 	C:\Windows\System32\DriverStore\FileRepository\iigd_dch.inf_amd64_91e2ecfda1c56615\media_bin_64.dll
0x00007ffa24310000 - 0x00007ffa24338000 	C:\Windows\System32\DriverStore\FileRepository\iigd_dch.inf_amd64_91e2ecfda1c56615\igdinfo64.dll
0x00007ff9d1370000 - 0x00007ff9d151f000 	C:\Users\Anant.gupta\AppData\Local\Temp\androidx_sqliteJni16119307449600189271.tmp
0x00007ffa37f60000 - 0x00007ffa3817f000 	C:\Windows\SYSTEM32\dcomp.dll
0x00007ffa36b10000 - 0x00007ffa36b29000 	C:\Windows\SYSTEM32\Microsoft.Internal.WarpPal.dll
0x00007ffa36b30000 - 0x00007ffa36faf000 	C:\Windows\SYSTEM32\d3dcompiler_47.dll
0x00007ffa14e90000 - 0x00007ffa14fd7000 	C:\Windows\SYSTEM32\textinputframework.dll
0x00007ffa38690000 - 0x00007ffa387b5000 	C:\Windows\SYSTEM32\CoreMessaging.dll
0x00007ffa34900000 - 0x00007ffa34be4000 	C:\Windows\SYSTEM32\CoreUIComponents.dll
0x00007ffa35590000 - 0x00007ffa356fa000 	C:\Windows\SYSTEM32\wintypes.dll
0x00007ff9e1470000 - 0x00007ff9e1590000 	C:\Users\Anant.gupta\AppData\Local\Temp\libzstd-jni-1.5.6-69748116996165737825.dll

JVMTI agents:
C:\Users\Anant.gupta\.gradle\caches\modules-2\files-2.1\org.jetbrains.compose.hot-reload\hot-reload-agent\1.1.1\15bff959a6459c2786e055fba794266fade25ade\hot-reload-agent-1.1.1.jar path:C:\Users\Anant.gupta\.jdks\jbr-21.0.11\bin\instrument.dll, loaded, initialized, instrumentlib options:none

dbghelp: loaded successfully - version: 4.0.5 - missing functions: none
symbol engine: initialized successfully - sym options: 0x614 - pdb path: .;C:\Users\Anant.gupta\.jdks\jbr-21.0.11\bin;C:\Windows\SYSTEM32;C:\Windows\WinSxS\amd64_microsoft.windows.common-controls_6595b64144ccf1df_6.0.26100.8875_none_3e0d5d42e32fe9dd;C:\Users\Anant.gupta\.jdks\jbr-21.0.11\bin\server;C:\Users\Anant.gupta\.skiko\skiko-windows-x64-3ce1b2621ce4905333064341568d0e9493efc0d4971a63b096261c774bc6e5a8;C:\Windows\WinSxS\amd64_microsoft.windows.gdiplus_6595b64144ccf1df_1.1.26100.8875_none_6ef850283dc263ab;C:\Windows\System32\DriverStore\FileRepository\iigd_dch.inf_amd64_91e2ecfda1c56615;C:\Users\Anant.gupta\AppData\Local\Temp

VM Arguments:
jvm_args: -Dcompose.reload.argfile=C:\Users\Anant.gupta\IdeaProjects\KNet\desktopApp\build\run\main\main.argfile -Dcompose.reload.build.continuous=false -Dcompose.reload.build.warmup=true -Dcompose.reload.buildSystem=Gradle -Dcompose.reload.devToolsClasspath=C:\Users\Anant.gupta\.gradle\caches\modules-2\files-2.1\org.jetbrains.compose.hot-reload\hot-reload-devtools\1.1.1\bc27016efe338fc35c213cac2349d477adc08095\hot-reload-devtools-1.1.1.jar;C:\Users\Anant.gupta\.gradle\caches\modules-2\files-2.1\org.jetbrains.compose.hot-reload\hot-reload-devtools-api\1.1.1\78295e7e36c6e1258d87e238865978a1a980da99\hot-reload-devtools-api-1.1.1.jar;C:\Users\Anant.gupta\.gradle\caches\modules-2\files-2.1\org.jetbrains.compose.hot-reload\hot-reload-orchestration\1.1.1\7b5f9ed6f49115dd0ab30a91bd22214f101d23f\hot-reload-orchestration-1.1.1.jar;C:\Users\Anant.gupta\.gradle\caches\modules-2\files-2.1\org.jetbrains.compose.hot-reload\hot-reload-core\1.1.1\f31266b5813648696560864a541a2fe784a0a671\hot-reload-core-1.1.1.jar;C:\Users\Anant.gupta\.gradle\caches\modules-2\files-2.1\org.jetbrains.compose.hot-reload\hot-reload-runtime-api-jvm\1.1.1\61c13a79480c55140cbd9fe1ca651d86efcbee7\hot-reload-runtime-api-jvm-1.1.1.jar;C:\Users\Anant.gupta\.gradle\caches\modules-2\files-2.1\org.jetbrains.compose.desktop\desktop-jvm\1.10.0\42facd9840309ac4eb841a986c5d1b97d2780471\desktop-jvm-1.10.0.jar;C:\Users\Anant.gupta\.gradle\caches\modules-2\files-2.1\org.jetbrains.compose.components\components-resources-desktop\1.10.0\c6115b607f77e9d033de360f989850d3824bf112\library-desktop-1.10.0.jar;C:\Users\Anant.gupta\.gradle\caches\modules-2\files-2.1\io.sellmair\evas-compose-jvm\1.4.0\a89b78f345d4a21a29c295820e4aa931aec1b93b\evas-compose-jvm-1.4.0.jar;C:\Users\Anant.gupta\.gradle\caches\modules-2\files-2.1\io.sellmair\evas-jvm\1.4.0\3c6955af5c56c65290575b2b998ec166c5079de4\evas-jvm-1.4.0.jar;C:\Users\Anant.gupta\.gradle\caches\modules-2\files-2.1\org.jetbrains.skiko\skiko-awt-runtime-windows-x64\0.9.37.3\2f9bb0ad1dd10255bea3b0099940b7163bf40da7\skiko-awt-runtime-windows-x64-0.9.37.3.jar;C:\Users\Anant.gupta\.gradle\caches\modules-2\files-2.1\org.jetbrains.compose.material3\material3-desktop\1.9.0\19004c4eb3dc6618eb66a076bbe3d7e1a2e7b-Dcompose.reload.devToolsDetached=false -Dcompose.reload.devToolsEnabled=true -Dcompose.reload.devToolsHeadless=false -Dcompose.reload.devToolsTransparencyEnabled=true -Dcompose.reload.dirtyResolveDepthLimit=5 -Dcompose.reload.effectsEnabled=true -Dcompose.reload.isActive=true -Dcompose.reload.launchMode=GradleBlocking -Dcompose.reload.logLevel=Info -Dcompose.reload.logStdout=false -Dcompose.reload.mainClass=com.devuloopers.knet.MainKt -Dcompose.reload.pidFile=C:\Users\Anant.gupta\IdeaProjects\KNet\desktopApp\build\run\main\main.pid -Dcompose.reload.staticsReinitializeMode=AllDirty -Dcompose.reload.virtualMethodResolveEnabled=true -Dgradle.build.project=:desktopApp -Dgradle.build.root=C:\Users\Anant.gupta\IdeaProjects\KNet -Dgradle.build.task=hotReloadMain -Dgradle.offline.mode=false -Dorg.gradle.java.home=C:\Users\Anant.gupta\.gradle\jdks\azul_systems__inc_-21-amd64-windows.2 -XX:+IgnoreUnrecognizedVMOptions -XX:+AllowEnhancedClassRedefinition -javaagent:C:\Users\Anant.gupta\.gradle\caches\modules-2\files-2.1\org.jetbrains.compose.hot-reload\hot-reload-agent\1.1.1\15bff959a6459c2786e055fba794266fade25ade\hot-reload-agent-1.1.1.jar -Dfile.encoding=UTF-8 -Duser.country=US -Duser.language=en -Duser.variant 
java_command: com.devuloopers.knet.MainKt
java_class_path (initial): C:\Users\Anant.gupta\.gradle\.tmp\gradle-javaexec-classpath12815701925260875152.jar
Launcher Type: SUN_STANDARD

[Global flags]
     bool AllowEnhancedClassRedefinition           = true                                      {product} {command line}
     intx CICompilerCount                          = 4                                         {product} {ergonomic}
     uint ConcGCThreads                            = 2                                         {product} {ergonomic}
     uint G1ConcRefinementThreads                  = 8                                         {product} {ergonomic}
   size_t G1HeapRegionSize                         = 2097152                                   {product} {ergonomic}
    uintx GCDrainStackTargetSize                   = 64                                        {product} {ergonomic}
     bool IgnoreUnrecognizedVMOptions              = true                                      {product} {command line}
   size_t InitialHeapSize                          = 262144000                                 {product} {ergonomic}
   size_t MarkStackSize                            = 4194304                                   {product} {ergonomic}
   size_t MaxHeapSize                              = 4175429632                                {product} {ergonomic}
   size_t MaxNewSize                               = 2503999488                                {product} {ergonomic}
   size_t MinHeapDeltaBytes                        = 2097152                                   {product} {ergonomic}
   size_t MinHeapSize                              = 8388608                                   {product} {ergonomic}
    uintx NonNMethodCodeHeapSize                   = 5839372                                {pd product} {ergonomic}
    uintx NonProfiledCodeHeapSize                  = 122909434                              {pd product} {ergonomic}
    uintx ProfiledCodeHeapSize                     = 122909434                              {pd product} {ergonomic}
    uintx ReservedCodeCacheSize                    = 251658240                              {pd product} {ergonomic}
     bool SegmentedCodeCache                       = true                                      {product} {ergonomic}
   size_t SoftMaxHeapSize                          = 4175429632                             {manageable} {ergonomic}
     bool UseCompressedOops                        = true                           {product lp64_product} {ergonomic}
     bool UseG1GC                                  = true                                      {product} {ergonomic}
     bool UseLargePagesIndividualAllocation        = false                                  {pd product} {ergonomic}

Logging:
Log output configuration:
 #0: stdout all=warning uptime,level,tags foldmultilines=false
 #1: stderr all=off uptime,level,tags foldmultilines=false

Release file:
JAVA_VERSION="21.0.11" 
MODULES="java.base java.compiler java.datatransfer java.xml java.prefs java.desktop java.instrument java.logging java.management java.security.sasl java.naming java.rmi java.management.rmi java.net.http java.scripting java.security.jgss java.transaction.xa java.sql java.sql.rowset java.xml.crypto java.se java.smartcardio jdk.accessibility jdk.internal.jvmstat jdk.attach jdk.charsets jdk.internal.opt jdk.zipfs jdk.compiler jdk.crypto.ec jdk.crypto.cryptoki jdk.crypto.mscapi jdk.dynalink jdk.internal.ed jdk.editpad jdk.hotspot.agent jdk.httpserver jdk.incubator.vector jdk.internal.le jdk.internal.vm.ci jdk.internal.vm.compiler jdk.internal.vm.compiler.management jdk.jartool jdk.javadoc jdk.jcmd jdk.management jdk.management.agent jdk.jconsole jdk.jdeps jdk.jdwp.agent jdk.jdi jdk.jfr jdk.jlink jdk.jpackage jdk.jshell jdk.jsobject jdk.jstatd jdk.localedata jdk.management.jfr jdk.naming.dns jdk.naming.rmi jdk.net jdk.nio.mapmode jdk.random jdk.sctp jdk.security.auth jdk.security.jgss jdk.unsupported jdk.unsupported.desktop jdk.xml.dom" 
IMPLEMENTOR="JetBrains s.r.o." 
IMPLEMENTOR_VERSION="JBRSDK-21.0.11+1-1163.116-nomod" 
JAVA_RUNTIME_VERSION="21.0.11+1-b1163.116" 
LIBC="default" 
OS_ARCH="x86_64" 
OS_NAME="Windows" 
SOURCE=".:git:cf1f197170a0+" 

Environment Variables:
JAVA_HOME=C:\Users\Anant.gupta\scoop\apps\openjdk\current
PATH=C:\Windows\system32;C:\Windows;C:\Windows\System32\Wbem;C:\Windows\System32\WindowsPowerShell\v1.0\;C:\Windows\System32\OpenSSH\;C:\Program Files\Git\cmd;C:\Users\Anant.gupta\.jdks\openjdk-26.0.1\bin;;C:\Program Files\Docker\Docker\resources\bin;C:\Program Files\nodejs\;C:\Users\Anant.gupta\AppData\Local\Programs\Python\Python314\Scripts\;C:\Users\Anant.gupta\AppData\Local\Programs\Python\Python314\;C:\Users\Anant.gupta\scoop\apps\kobweb\current\bin;C:\Users\Anant.gupta\scoop\apps\openjdk\current\bin;C:\Users\Anant.gupta\scoop\shims;C:\Users\Anant.gupta\AppData\Local\Microsoft\WindowsApps;C:\Users\Anant.gupta\AppData\Local\Programs\Ollama;C:\Users\Anant.gupta\AppData\Local\Programs\Microsoft VS Code\bin;C:\Users\Anant.gupta\AppData\Local\Programs\cursor\resources\app\bin;C:\Program Files\JetBrains\IntelliJ IDEA 2026.1.3\bin;C:\Program Files\mitmproxy\bin;C:\Users\Anant.gupta\AppData\Local\Programs\Antigravity IDE\bin;C:\Users\Anant.gupta\AppData\Roaming\npm;C:\Users\Anant.gupta\.lmstudio\bin
USERNAME=Anant.gupta
OS=Windows_NT
PROCESSOR_IDENTIFIER=Intel64 Family 6 Model 189 Stepping 1, GenuineIntel
TMP=C:\Users\ANANT~1.GUP\AppData\Local\Temp
TEMP=C:\Users\ANANT~1.GUP\AppData\Local\Temp




Periodic native trim disabled

JNI global refs:
JNI global refs: 154, weak refs: 18

JNI global refs memory usage: 2099, weak refs: 833

Process memory usage:
Resident Set Size: 618060K (3% of 16310076K total physical memory with 1104944K free physical memory)

OOME stack traces (most recent first):
Classloader memory used:
Loader jdk.internal.loader.ClassLoaders$AppClassLoader                                 : 38869K
Loader bootstrap                                                                       : 10373K
Loader jdk.internal.loader.ClassLoaders$PlatformClassLoader                            : 148K
Loader jdk.internal.reflect.DelegatingClassLoader                                      : 20488B

---------------  S Y S T E M  ---------------

OS:
 Windows 11 , 64 bit Build 26100 (10.0.26100.8875)
OS uptime: 9 days 22:29 hours
Hyper-V role detected

CPU: total 8 (initial active 8) (8 cores per cpu, 1 threads per core) family 6 model 189 stepping 1 microcode 0x125, cx8, cmov, fxsr, mmx, 3dnowpref, sse, sse2, sse3, ssse3, sse4.1, sse4.2, popcnt, lzcnt, tsc, tscinvbit, avx, avx2, aes, erms, clmul, bmi1, bmi2, adx, sha, fma, vzeroupper, clflush, clflushopt, clwb, hv, serialize, rdtscp, rdpid, fsrm, f16c, cet_ibt, cet_ss
Processor Information for processor 0
  Max Mhz: 2100, Current Mhz: 2100, Mhz Limit: 2100
Processor Information for processor 1
  Max Mhz: 2100, Current Mhz: 2100, Mhz Limit: 2100
Processor Information for processor 2
  Max Mhz: 2100, Current Mhz: 2100, Mhz Limit: 2100
Processor Information for processor 3
  Max Mhz: 2100, Current Mhz: 2100, Mhz Limit: 2100
Processor Information for processor 4
  Max Mhz: 2100, Current Mhz: 2100, Mhz Limit: 2100
Processor Information for processor 5
  Max Mhz: 2100, Current Mhz: 2000, Mhz Limit: 2100
Processor Information for processor 6
  Max Mhz: 2100, Current Mhz: 2000, Mhz Limit: 2100
Processor Information for processor 7
  Max Mhz: 2100, Current Mhz: 2000, Mhz Limit: 2100

Memory: 4k page, system-wide physical 15927M (1108M free)
TotalPageFile size 43767M (AvailPageFile size 13579M)
current process WorkingSet (physical memory assigned to process): 603M, peak: 606M
current process commit charge ("private bytes"): 619M, peak: 630M

vm_info: OpenJDK 64-Bit Server VM (21.0.11+1-b1163.116) for windows-amd64 JRE (21.0.11+1-b1163.116), built on 2026-04-30 by "builduser" with MS VC++ 17.14 (VS2022)

END.
