#
# A fatal error has been detected by the Java Runtime Environment:
#
#  EXCEPTION_ACCESS_VIOLATION (0xc0000005) at pc=0x00007ff972fb6b4c, pid=24324, tid=15880
#
# JRE version: OpenJDK Runtime Environment JBR-21.0.11+1-1163.116-nomod (21.0.11+1) (build 21.0.11+1-b1163.116)
# Java VM: OpenJDK 64-Bit Server VM JBR-21.0.11+1-1163.116-nomod (21.0.11+1-b1163.116, mixed mode, sharing, tiered, compressed oops, compressed class ptrs, g1 gc, windows-amd64)
# Problematic frame:
# C  [skiko-windows-x64.dll+0x4d6b4c]
#
# No core dump will be written. Minidumps are not enabled by default on client versions of Windows
#
# If you would like to submit a bug report, please visit:
#   https://youtrack.jetbrains.com/issues/JBR
# The crash happened outside the Java Virtual Machine in native code.
# See problematic frame for where to report the bug.
#

---------------  S U M M A R Y ------------

Command Line: -Xmx256M -XX:MaxGCPauseMillis=42 --enable-native-access=ALL-UNNAMED -Dcompose.reload.launchMode=GradleBlocking -Dgradle.offline.mode=false -Dcompose.reload.pidFile=C:\Users\Anant.gupta\IdeaProjects\KNet\desktopApp\build\run\main\main.pid -Dcompose.reload.devToolsHeadless=false -Dcompose.reload.devToolsTransparencyEnabled=true -Dcompose.reload.logStdout=false -Dgradle.build.root=C:\Users\Anant.gupta\IdeaProjects\KNet -Dcompose.reload.buildSystem=Gradle -Dcompose.reload.logLevel=Info -Dgradle.build.project=:desktopApp -Dgradle.build.task=hotReloadMain -Dorg.gradle.java.home=C:\Users\Anant.gupta\.gradle\jdks\azul_systems__inc_-21-amd64-windows.2 -Dcompose.reload.build.warmup=true -Dcompose.reload.devToolsEnabled=true -Dcompose.reload.devToolsDetached=false -Dcompose.reload.build.continuous=false -Dcompose.reload.argfile=C:\Users\Anant.gupta\IdeaProjects\KNet\desktopApp\build\run\main\main.argfile -Dcompose.reload.mainClass=com.devuloopers.knet.MainKt org.jetbrains.compose.devtools.Main

Host: Intel(R) Core(TM) Ultra 5 226V, 8 cores, 15G,  Windows 11 , 64 bit Build 26100 (10.0.26100.8875)
Time: Sun Jul 26 02:05:18 2026 India Standard Time elapsed time: 151.543576 seconds (0d 0h 2m 31s)

---------------  T H R E A D  ---------------

Current thread (0x0000018ceee62ba0):  JavaThread "AWT-EventQueue-0"        [_thread_in_native, id=15880, stack(0x00000021e2e00000,0x00000021e2f00000) (1024K)]

Stack: [0x00000021e2e00000,0x00000021e2f00000],  sp=0x00000021e2efdfb0,  free space=1015k
Native frames: (J=compiled Java code, j=interpreted, Vv=VM code, C=native code)
C  [skiko-windows-x64.dll+0x4d6b4c]

Java frames: (J=compiled Java code, j=interpreted, Vv=VM code)
J 4374  org.jetbrains.skia.impl.Managed._nInvokeFinalizer(JJ)V (0 bytes) @ 0x0000018cdf45879c [0x0000018cdf458740+0x000000000000005c]
J 5678 c2 org.jetbrains.skia.impl.CleanableImpl.clean()V (21 bytes) @ 0x0000018cdf5dd640 [0x0000018cdf5dd340+0x0000000000000300]
J 4872 c1 org.jetbrains.skia.impl.Managed.close()V (124 bytes) @ 0x0000018cd82042a4 [0x0000018cd8203800+0x0000000000000aa4]
j  org.jetbrains.skiko.context.ContextHandler.dispose()V+12
j  org.jetbrains.skiko.redrawer.Direct3DRedrawer.dispose()V+21
j  org.jetbrains.skiko.SkiaLayer.redrawerManager$lambda$7(Lorg/jetbrains/skiko/SkiaLayer;Lorg/jetbrains/skiko/GraphicsApi;Lorg/jetbrains/skiko/redrawer/Redrawer;)Lorg/jetbrains/skiko/redrawer/Redrawer;+19
j  org.jetbrains.skiko.SkiaLayer$$Lambda+0x0000018c821ad5e8.invoke(Ljava/lang/Object;Ljava/lang/Object;)Ljava/lang/Object;+12
j  org.jetbrains.skiko.redrawer.RedrawerManager.findNextWorkingRenderApi(Z)V+53
j  org.jetbrains.skiko.redrawer.RedrawerManager.findNextWorkingRenderApi$default(Lorg/jetbrains/skiko/redrawer/RedrawerManager;ZILjava/lang/Object;)V+10
J 5654 c2 org.jetbrains.skiko.redrawer.Direct3DRedrawer.draw(Lkotlin/coroutines/Continuation;)Ljava/lang/Object; (558 bytes) @ 0x0000018cdf5c46d0 [0x0000018cdf5c33e0+0x00000000000012f0]
J 4938 c1 org.jetbrains.skiko.redrawer.Direct3DRedrawer$draw$1.invokeSuspend(Ljava/lang/Object;)Ljava/lang/Object; (28 bytes) @ 0x0000018cd82330bc [0x0000018cd8232fc0+0x00000000000000fc]
J 1960 c2 kotlin.coroutines.jvm.internal.BaseContinuationImpl.resumeWith(Ljava/lang/Object;)V (124 bytes) @ 0x0000018cdf34ca54 [0x0000018cdf34c9c0+0x0000000000000094]
j  kotlinx.coroutines.DispatchedTask.run()V+279
J 5055 c2 java.awt.EventQueue.dispatchEvent(Ljava/awt/AWTEvent;)V java.desktop@21.0.11 (80 bytes) @ 0x0000018cdf4abe48 [0x0000018cdf4ab800+0x0000000000000648]
J 5164 c2 java.awt.EventDispatchThread.pumpOneEventForFilters(I)V java.desktop@21.0.11 (106 bytes) @ 0x0000018cdf4bf474 [0x0000018cdf4bf120+0x0000000000000354]
j  java.awt.EventDispatchThread.pumpEventsForFilter(ILjava/awt/Conditional;Ljava/awt/EventFilter;)V+35 java.desktop@21.0.11
j  java.awt.EventDispatchThread.pumpEventsForFilter(Ljava/awt/Conditional;Ljava/awt/EventFilter;)V+4 java.desktop@21.0.11
j  java.awt.WaitDispatchSupport$2.run()V+59 java.desktop@21.0.11
j  java.awt.WaitDispatchSupport$4.run()Ljava/lang/Void;+4 java.desktop@21.0.11
j  java.awt.WaitDispatchSupport$4.run()Ljava/lang/Object;+1 java.desktop@21.0.11
J 1534 c1 java.security.AccessController.executePrivileged(Ljava/security/PrivilegedAction;Ljava/security/AccessControlContext;Ljava/lang/Class;)Ljava/lang/Object; java.base@21.0.11 (65 bytes) @ 0x0000018cd7a96d44 [0x0000018cd7a96be0+0x0000000000000164]
j  java.security.AccessController.doPrivileged(Ljava/security/PrivilegedAction;)Ljava/lang/Object;+5 java.base@21.0.11
j  java.awt.WaitDispatchSupport.enter()Z+266 java.desktop@21.0.11
j  java.awt.Dialog.show()V+225 java.desktop@21.0.11
j  java.awt.Component.show(Z)V+5 java.desktop@21.0.11
j  java.awt.Component.setVisible(Z)V+2 java.desktop@21.0.11
j  java.awt.Window.setVisible(Z)V+2 java.desktop@21.0.11
j  java.awt.Dialog.setVisible(Z)V+2 java.desktop@21.0.11
j  androidx.compose.ui.awt.AwtWindow_desktopKt$AwtWindow$4$1$showJob$1.invokeSuspend(Ljava/lang/Object;)Ljava/lang/Object;+43
J 1960 c2 kotlin.coroutines.jvm.internal.BaseContinuationImpl.resumeWith(Ljava/lang/Object;)V (124 bytes) @ 0x0000018cdf34ca54 [0x0000018cdf34c9c0+0x0000000000000094]
J 1925 c1 kotlinx.coroutines.DispatchedTask.run()V (387 bytes) @ 0x0000018cd7bcb4f4 [0x0000018cd7bc9f20+0x00000000000015d4]
J 1933 c1 java.awt.event.InvocationEvent.dispatch()V java.desktop@21.0.11 (69 bytes) @ 0x0000018cd7bd3d34 [0x0000018cd7bd3b20+0x0000000000000214]
j  java.awt.EventQueue.dispatchEventImpl(Ljava/awt/AWTEvent;Ljava/lang/Object;)V+21 java.desktop@21.0.11
J 1924 c1 java.awt.EventQueue$4.run()Ljava/lang/Void; java.desktop@21.0.11 (60 bytes) @ 0x0000018cd7bc952c [0x0000018cd7bc9400+0x000000000000012c]
J 2005 c1 java.awt.EventQueue.dispatchEvent(Ljava/awt/AWTEvent;)V java.desktop@21.0.11 (80 bytes) @ 0x0000018cd7c0bdd4 [0x0000018cd7c0b840+0x0000000000000594]
j  java.awt.EventDispatchThread.pumpOneEventForFilters(I)V+81 java.desktop@21.0.11
j  java.awt.EventDispatchThread.pumpEventsForFilter(ILjava/awt/Conditional;Ljava/awt/EventFilter;)V+35 java.desktop@21.0.11
j  java.awt.EventDispatchThread.pumpEventsForHierarchy(ILjava/awt/Conditional;Ljava/awt/Component;)V+11 java.desktop@21.0.11
j  java.awt.EventDispatchThread.pumpEvents(ILjava/awt/Conditional;)V+4 java.desktop@21.0.11
j  java.awt.EventDispatchThread.pumpEvents(Ljava/awt/Conditional;)V+3 java.desktop@21.0.11
j  java.awt.EventDispatchThread.run()V+18 java.desktop@21.0.11
v  ~StubRoutines::call_stub 0x0000018cded1100d

siginfo: EXCEPTION_ACCESS_VIOLATION (0xc0000005), reading address 0x0000000000000000


Registers:
RAX=0x0000374818029c43, RBX=0x0000018cf4040c30, RCX=0x0000000000000000, RDX=0x0000000000000001
RSP=0x00000021e2efdfb0, RBP=0x0000000000000001, RSI=0x0000018cf36b6040, RDI=0x0000018ceeecbc90
R8 =0x0000018cf36b6390, R9 =0x00000021e2efe100, R10=0x00007ff97a76208f, R11=0x00000000f0678fb8
R12=0x0000000000000000, R13=0x00000021e2efe378, R14=0x00000021e2efe200, R15=0x0000018ceee62ba0
RIP=0x00007ff972fb6b4c, EFLAGS=0x0000000000010202

XMM[0]=0x0000000000000000 0x0000000000000000
XMM[1]=0x0000000000000000 0x0000000000000000
XMM[2]=0x0000000000000000 0x0000000000000000
XMM[3]=0x0000000000000000 0x0000000000000000
XMM[4]=0x0000000000000000 0x0000000000000000
XMM[5]=0x0000000000000000 0x0000000000000000
XMM[6]=0x0000000000000000 0x000000000206bac0
XMM[7]=0x0000000000000000 0x00000000f0356708
XMM[8]=0x0000000000000000 0x0000000000000000
XMM[9]=0x0000000000000000 0x0000000041000000
XMM[10]=0x0000000000000000 0x000000000ff1e67b
XMM[11]=0x0000000000000000 0x0e994fb2fa72a938
XMM[12]=0x0000000000000000 0x00000000ebd95986
XMM[13]=0x0000000000000000 0x0000000000000000
XMM[14]=0x0000000000000000 0x0000000000000000
XMM[15]=0x0000000000000000 0x0000000000000000
  MXCSR=0x00001fa7


Register to memory mapping:

RAX=0x0000374818029c43 is an unknown value
RBX=0x0000018cf4040c30 points into unknown readable memory: 0x00007ff97367d630 | 30 d6 67 73 f9 7f 00 00
RCX=0x0 is null
RDX=0x0000000000000001 is an unknown value
RSP=0x00000021e2efdfb0 is pointing into the stack for thread: 0x0000018ceee62ba0
RBP=0x0000000000000001 is an unknown value
RSI=0x0000018cf36b6040 points into unknown readable memory: 0x00007ff9736a3f38 | 38 3f 6a 73 f9 7f 00 00
RDI=0x0000018ceeecbc90 points into unknown readable memory: 0x00007ff9af4021e0 | e0 21 40 af f9 7f 00 00
R8 =0x0000018cf36b6390 points into unknown readable memory: 0x0000000000000000 | 00 00 00 00 00 00 00 00
R9 =0x00000021e2efe100 is pointing into the stack for thread: 0x0000018ceee62ba0
R10=0x00007ff97a76208f jvm.dll::DTraceMethodProbes + 0x0
R11=0x00000000f0678fb8 is an oop: org.jetbrains.skia.impl.Managed$CleanerThunk 
{0x00000000f0678fb8} - klass: 'org/jetbrains/skia/impl/Managed$CleanerThunk'
 - ---- fields (total size 4 words):
 - private 'className' 'Ljava/lang/String;' @12  "DirectContext"{0x00000000f0678fd8} (0xf0678fd8)
 - private 'ptr' 'J' @16  1704889060640 (0x0000018cf34e8d20)
 - private 'finalizerPtr' 'J' @24  140709347661616 (0x00007ff972af1730)
R12=0x0 is null
R13=0x00000021e2efe378 is pointing into the stack for thread: 0x0000018ceee62ba0
R14=0x00000021e2efe200 is pointing into the stack for thread: 0x0000018ceee62ba0
R15=0x0000018ceee62ba0 is a thread

Top of Stack: (sp=0x00000021e2efdfb0)
0x00000021e2efdfb0:   000000000206bac0 0000000000000000   ................
0x00000021e2efdfc0:   0000018cf4040c30 00000021e2efe100   0...........!...
0x00000021e2efdfd0:   0000018cf4040cc8 00007ff972fb1fb3   ...........r....
0x00000021e2efdfe0:   0000374818029c43 0000018cf4040c30   C...H7..0.......
0x00000021e2efdff0:   00000021e2efe100 0000018cf4040cc8   ....!...........
0x00000021e2efe000:   00000021e2efe200 00007ff972d478b2   ....!....x.r....
0x00000021e2efe010:   0000018c8231fd88 00007ff972d38501   ..1........r....
0x00000021e2efe020:   0000018ceee62ba0 0000000000000000   .+..............
0x00000021e2efe030:   0000000000000000 000037481802a3e3   ............H7..
0x00000021e2efe040:   00000000f04bd868 00000021e2efe210   h.K.........!...
0x00000021e2efe050:   00000021e2efe100 0000018cf4040c30   ....!...0.......
0x00000021e2efe060:   0000000000000000 00000021e2efe200   ............!...
0x00000021e2efe070:   0000018ceee62ba0 00007ff972d21f1a   .+.........r....
0x00000021e2efe080:   0000018ceee62ba0 00007ff972b7c737   .+......7..r....
0x00000021e2efe090:   00000021e2efe210 0000000000000001   ....!...........
0x00000021e2efe0a0:   0000018cf34e8d20 00000000f04bd868    .N.....h.K.....
0x00000021e2efe0b0:   0000000000000001 0000018cf34e8d20   ........ .N.....
0x00000021e2efe0c0:   00000021e2efe200 00007ff972b7c30b   ....!......r....
0x00000021e2efe0d0:   0000018ceee62ba0 00007ff979e8d8d2   .+.........y....
0x00000021e2efe0e0:   0000018ceae69020 0000018ce9bae6a8    ...............
0x00000021e2efe0f0:   0000000000000000 00007ff972b976fc   .........v.r....
0x00000021e2efe100:   0000000000000000 0000000000000000   ................
0x00000021e2efe110:   0000000000000000 0000000000000000   ................
0x00000021e2efe120:   0000000000000000 0000000000000000   ................
0x00000021e2efe130:   0000000000000000 0000000000000000   ................
0x00000021e2efe140:   0000000000000000 0000000000000000   ................
0x00000021e2efe150:   000037481802a323 0000000000000001   #...H7..........
0x00000021e2efe160:   0000018cf34e8d20 00007ff972b805e0    .N........r....
0x00000021e2efe170:   0000018ceee62ba0 00007ff979f3b46d   .+......m..y....
0x00000021e2efe180:   0000018c000000b6 0000018ceb275600   .........V'.....
0x00000021e2efe190:   0000000000000000 00000000f011abb0   ................
0x00000021e2efe1a0:   00000000f0678e18 0000018cdf458837   ..g.....7.E.....

Instructions: (pc=0x00007ff972fb6b4c)
0x00007ff972fb6a4c:   00 48 8b 0a 48 85 c9 74 06 48 8b 01 ff 50 10 48
0x00007ff972fb6a5c:   8b 0f 48 85 c9 74 06 48 8b 01 ff 50 10 48 89 f0
0x00007ff972fb6a6c:   48 83 c4 28 5f 5e c3 cc cc cc cc cc cc cc cc cc
0x00007ff972fb6a7c:   cc cc cc cc 56 48 83 ec 20 48 89 ce 8b 91 d8 03
0x00007ff972fb6a8c:   00 00 85 d2 74 1e 48 8b 4e 08 4c 8b 86 d0 03 00
0x00007ff972fb6a9c:   00 48 8b 01 ff 90 d0 00 00 00 c7 86 d8 03 00 00
0x00007ff972fb6aac:   00 00 00 00 48 8b 4e 08 48 8b 01 ff 50 48 85 c0
0x00007ff972fb6abc:   0f 99 c0 48 83 c4 20 5e c3 cc cc cc cc cc cc cc
0x00007ff972fb6acc:   cc cc cc cc 56 48 83 ec 20 8b 91 d8 03 00 00 85
0x00007ff972fb6adc:   d2 74 25 48 8b 41 08 4c 8b 81 d0 03 00 00 4c 8b
0x00007ff972fb6aec:   08 48 89 ce 48 89 c1 41 ff 91 d0 00 00 00 c7 86
0x00007ff972fb6afc:   d8 03 00 00 00 00 00 00 48 83 c4 20 5e c3 cc cc
0x00007ff972fb6b0c:   cc cc cc cc 41 56 56 57 53 48 83 ec 38 48 89 ce
0x00007ff972fb6b1c:   48 8b 05 9d 06 81 00 48 31 e0 48 89 44 24 30 80
0x00007ff972fb6b2c:   b9 40 03 00 00 00 74 78 48 89 d7 8b 96 d8 03 00
0x00007ff972fb6b3c:   00 85 d2 74 1e 48 8b 4e 08 4c 8b 86 d0 03 00 00
0x00007ff972fb6b4c:   48 8b 01 ff 90 d0 00 00 00 c7 86 d8 03 00 00 00
0x00007ff972fb6b5c:   00 00 00 48 8b 4e 08 48 8b 01 ff 50 48 85 c0 0f
0x00007ff972fb6b6c:   88 f6 00 00 00 48 8b 46 08 48 89 44 24 28 48 8b
0x00007ff972fb6b7c:   07 be 01 00 00 00 4c 8d 44 24 28 48 89 f9 ba 01
0x00007ff972fb6b8c:   00 00 00 ff 50 50 48 8b 4c 24 30 48 31 e1 48 3b
0x00007ff972fb6b9c:   0d 1f 06 81 00 0f 84 b4 00 00 00 e9 d1 00 00 00
0x00007ff972fb6bac:   48 63 86 e8 03 00 00 48 85 c0 0f 84 82 00 00 00
0x00007ff972fb6bbc:   48 8b 9e e0 03 00 00 4c 8d 34 c3 eb 24 4c 8d 47
0x00007ff972fb6bcc:   38 0f b6 57 30 48 8b 4f 28 ff d0 ba 40 00 00 00
0x00007ff972fb6bdc:   48 89 f9 e8 48 e3 54 00 48 83 c3 08 4c 39 f3 73
0x00007ff972fb6bec:   51 48 8b 3b 48 85 ff 74 ef f0 ff 0f 75 ea 48 8b
0x00007ff972fb6bfc:   47 20 48 85 c0 75 c6 48 8b 47 10 48 85 c0 74 0c
0x00007ff972fb6c0c:   48 8d 57 38 48 8b 4f 28 ff d0 eb bf 48 8b 47 18
0x00007ff972fb6c1c:   48 85 c0 74 0c 0f b6 57 30 48 8b 4f 28 ff d0 eb
0x00007ff972fb6c2c:   aa 48 8b 47 08 48 85 c0 74 a1 48 8b 4f 28 ff d0
0x00007ff972fb6c3c:   eb 99 c7 86 e8 03 00 00 00 00 00 00 31 f6 48 8b


Stack slot to memory mapping:

stack at sp + 0 slots: 33995456 is a compressed pointer to class: 0x0000018c8206bac0
java.awt.EventDispatchThread {0x0000018c8206bac8}
 - instance size:     16
 - klass size:        119
 - access:            synchronized 
 - flags:             rewritten has_nonstatic_fields has_localvariable_table 
 - state:             fully_initialized
 - name:              'java/awt/EventDispatchThread'
 - super:             'java/lang/Thread'
 - sub:               
 - arrays:            null
 - methods:           Array<T>(0x0000018cea208e88)
 - method ordering:   Array<T>(0x0000018c81a52818)
 - local interfaces:  Array<T>(0x0000018c80e4c210)
 - trans. interfaces: Array<T>(0x0000018c80e72138)
 - secondary supers: Array<T>(0x0000018c80e72138)
 - hash_slot:         61
 - bitmap:            0x0010000000000000
 - constants:         constant pool [310]/operands[20] {0x0000018cea2083d0} for 'java/awt/EventDispatchThread' cache=0x0000018cea20a420
 - class loader data:  loader data: 0x0000018ce98ad0c0 of 'bootstrap'
 - source file:       'EventDispatchThread.java'
 - inner classes:     Array<T>(0x0000018cea20a348)
 - nest members:     Array<T>(0x0000018cea20a388)
 - permitted subclasses:     Array<T>(0x0000018c80e4c198)
 - java mirror:       a 'java/lang/Class'{0x00000000f00f0630} = 'java/awt/EventDispatchThread'
 - vtable length      48  (start addr: 0x0000018c8206bcc0)
 - itable length      5 (start addr: 0x0000018c8206be40)
 - ---- static fields (1 words):
 - private static final 'eventLog' 'Lsun/util/logging/PlatformLogger;' @112 
 - private static final 'ANY_EVENT' 'I' @116 
 - ---- non-static fields (29 words):
 - 'threadLocalRandomProbe' 'I' @12 
 - private volatile 'eetop' 'J' @16 
 - private final 'tid' 'J' @24 
 - 'threadLocalRandomSeed' 'J' @32 
 - injected 'jvmti_thread_state' 'J' @40 
 - 'threadLocalRandomSecondarySeed' 'I' @48 
 - injected 'jvmti_VTMS_transition_disable_count' 'I' @52 
 - injected 'jfr_epoch' 'S' @56 
 - volatile 'interrupted' 'Z' @58 
 - injected 'jvmti_is_in_VTMS_transition' 'Z' @59 
 - private volatile 'name' 'Ljava/lang/String;' @60 
 - private volatile 'contextClassLoader' 'Ljava/lang/ClassLoader;' @64 
 - private 'inheritedAccessControlContext' 'Ljava/security/AccessControlContext;' @68 
 - private final 'holder' 'Ljava/lang/Thread$FieldHolder;' @72 
 - 'threadLocals' 'Ljava/lang/ThreadLocal$ThreadLocalMap;' @76 
 - 'inheritableThreadLocals' 'Ljava/lang/ThreadLocal$ThreadLocalMap;' @80 
 - private 'scopedValueBindings' 'Ljava/lang/Object;' @84 
 - final 'interruptLock' 'Ljava/lang/Object;' @88 
 - private volatile 'parkBlocker' 'Ljava/lang/Object;' @92 
 - volatile 'nioBlocker' 'Lsun/nio/ch/Interruptible;' @96 
 - private 'cont' 'Ljdk/internal/vm/Continuation;' @100 
 - private volatile 'uncaughtExceptionHandler' 'Ljava/lang/Thread$UncaughtExceptionHandler;' @104 
 - private 'container' 'Ljdk/internal/vm/ThreadContainer;' @108 
 - private volatile 'headStackableScopes' 'Ljdk/internal/vm/StackableScope;' @112 
 - private volatile 'doDispatch' 'Z' @116 
 - private 'theQueue' 'Ljava/awt/EventQueue;' @120 
 - private 'eventFilters' 'Ljava/util/ArrayList;' @124 
 - non-static oop maps: 60-112 120-124 
stack at sp + 1 slots: 0x0 is null
stack at sp + 2 slots: 0x0000018cf4040c30 points into unknown readable memory: 0x00007ff97367d630 | 30 d6 67 73 f9 7f 00 00
stack at sp + 3 slots: 0x00000021e2efe100 is pointing into the stack for thread: 0x0000018ceee62ba0
stack at sp + 4 slots: 0x0000018cf4040cc8 points into unknown readable memory: 0x0000018cf4040c30 | 30 0c 04 f4 8c 01 00 00
stack at sp + 5 slots: 0x00007ff972fb1fb3 skiko-windows-x64.dll
stack at sp + 6 slots: 0x0000374818029c43 is an unknown value
stack at sp + 7 slots: 0x0000018cf4040c30 points into unknown readable memory: 0x00007ff97367d630 | 30 d6 67 73 f9 7f 00 00


Compiled method (n/a) 151865 4374     n 0       org.jetbrains.skia.impl.Managed::_nInvokeFinalizer (native)
 total in heap  [0x0000018cdf458590,0x0000018cdf458968] = 984
 relocation     [0x0000018cdf4586f0,0x0000018cdf458728] = 56
 main code      [0x0000018cdf458740,0x0000018cdf45895b] = 539
 stub code      [0x0000018cdf45895b,0x0000018cdf458960] = 5
 oops           [0x0000018cdf458960,0x0000018cdf458968] = 8

[Constant Pool (empty)]

[MachCode]
[Entry Point]
  # {method} {0x0000018ceae691c8} '_nInvokeFinalizer' '(JJ)V' in 'org/jetbrains/skia/impl/Managed'
  # parm0:    rdx:rdx   = long
  # parm1:    r8:r8     = long
  #           [sp+0x70]  (sp of caller)
  0x0000018cdf458740: 448b 5208 | 49bb 0000 | 0080 8c01 | 0000 4d03 | d349 3bc2 | 0f84 0600 

  0x0000018cdf458758: ;   {runtime_call ic_miss_stub}
  0x0000018cdf458758: 0000 e921 | 6090 ff90 
[Verified Entry Point]
  0x0000018cdf458760: 8984 2400 | 80ff ff55 | 488b ec48 | 83ec 6090 | 4181 7f20 | 0500 0000 

  0x0000018cdf458778: ;   {runtime_call StubRoutines (final stubs)}
  0x0000018cdf458778: 7405 e821 | dd8e ff4d | 8bc8 4c8b 

  0x0000018cdf458784: ;   {oop(a 'java/lang/Class'{0x00000000f045b430} = 'org/jetbrains/skia/impl/Managed')}
  0x0000018cdf458784: c249 be30 | b445 f000 | 0000 004c | 8974 2450 | 4c8d 7424 | 5049 8bd6 

  0x0000018cdf45879c: ;   {internal_word}
  0x0000018cdf45879c: c5f8 7749 | ba9c 8745 | df8c 0100 | 004d 8997 | a803 0000 | 4989 a7a0 

  0x0000018cdf4587b4: ;   {external_word}
  0x0000018cdf4587b4: 0300 0049 | ba8f 2076 | 7af9 7f00 | 0041 803a | 000f 844e | 0000 0052 | 4150 4151 

  0x0000018cdf4587d0: ;   {metadata({method} {0x0000018ceae691c8} '_nInvokeFinalizer' '(JJ)V' in 'org/jetbrains/skia/impl/Managed')}
  0x0000018cdf4587d0: 48ba c091 | e6ea 8c01 | 0000 498b | cf48 83ec | 2040 f6c4 | 0f0f 8419 | 0000 0048 

  0x0000018cdf4587ec: ;   {runtime_call SharedRuntime::dtrace_method_exit}
  0x0000018cdf4587ec: 83ec 0848 | b880 4a1f | 7af9 7f00 | 00ff d048 | 83c4 08e9 | 0c00 0000 

  0x0000018cdf458804: ;   {runtime_call SharedRuntime::dtrace_method_exit}
  0x0000018cdf458804: 48b8 804a | 1f7a f97f | 0000 ffd0 | 4883 c420 | 4159 4158 | 5a49 8d8f | c003 0000 | 41c7 874c 
  0x0000018cdf458824: 0400 0004 

  0x0000018cdf458828: ;   {runtime_call}
  0x0000018cdf458828: 0000 0048 | b820 17af | 72f9 7f00 | 00ff d0c5 | f877 41c7 | 874c 0400 | 0005 0000 | 00f0 8344 
  0x0000018cdf458848: 24c0 0049 | 3baf 5004 | 0000 0f87 | 0e00 0000 | 4183 bf48 | 0400 0000 | 0f84 2300 | 0000 c5f8 
  0x0000018cdf458868: 7749 8bcf | 4c8b e448 | 83ec 2048 

  0x0000018cdf458874: ;   {runtime_call JavaThread::check_special_condition_for_native_trans}
  0x0000018cdf458874: 83e4 f048 | b8b0 21ea | 79f9 7f00 | 00ff d049 | 8be4 4d33 | e441 c787 | 4c04 0000 | 0800 0000 
  0x0000018cdf458894: 4183 bfc8 | 0400 0002 | 0f84 9400 

  0x0000018cdf4588a0: ;   {external_word}
  0x0000018cdf4588a0: 0000 49ba | 8f20 767a | f97f 0000 | 4180 3a00 | 0f84 4400 

  0x0000018cdf4588b4: ;   {metadata({method} {0x0000018ceae691c8} '_nInvokeFinalizer' '(JJ)V' in 'org/jetbrains/skia/impl/Managed')}
  0x0000018cdf4588b4: 0000 48ba | c091 e6ea | 8c01 0000 | 498b cf48 | 83ec 2040 | f6c4 0f0f | 8419 0000 | 0048 83ec 
  0x0000018cdf4588d4: ;   {runtime_call SharedRuntime::dtrace_method_exit}
  0x0000018cdf4588d4: 0848 b880 | 4a1f 7af9 | 7f00 00ff | d048 83c4 | 08e9 0c00 

  0x0000018cdf4588e8: ;   {runtime_call SharedRuntime::dtrace_method_exit}
  0x0000018cdf4588e8: 0000 48b8 | 804a 1f7a | f97f 0000 | ffd0 4883 | c420 49c7 | 87a0 0300 | 0000 0000 | 0049 c787 
  0x0000018cdf458908: a803 0000 | 0000 0000 | c5f8 7749 | 8b8f 3004 | 0000 c781 | 0001 0000 | 0000 0000 | c949 837f 
  0x0000018cdf458928: 0800 0f85 | 0100 0000 

  0x0000018cdf458930: ;   {runtime_call StubRoutines (initial stubs)}
  0x0000018cdf458930: c3e9 ca85 | 8bff c5f8 | 774c 8be4 | 4883 ec20 | 4883 e4f0 

  0x0000018cdf458944: ;   {runtime_call SharedRuntime::reguard_yellow_pages}
  0x0000018cdf458944: 48b8 a081 | 1f7a f97f | 0000 ffd0 | 498b e44d | 33e4 e947 | ffff fff4 | f4f4 f4f4 
[/MachCode]


Compiled method (c2) 151899 5678       4       org.jetbrains.skia.impl.CleanableImpl::clean (21 bytes)
 total in heap  [0x0000018cdf5dd110,0x0000018cdf5de3f8] = 4840
 relocation     [0x0000018cdf5dd270,0x0000018cdf5dd340] = 208
 main code      [0x0000018cdf5dd340,0x0000018cdf5ddee0] = 2976
 stub code      [0x0000018cdf5ddee0,0x0000018cdf5ddf28] = 72
 oops           [0x0000018cdf5ddf28,0x0000018cdf5ddf50] = 40
 metadata       [0x0000018cdf5ddf50,0x0000018cdf5ddfe0] = 144
 scopes data    [0x0000018cdf5ddfe0,0x0000018cdf5de1e8] = 520
 scopes pcs     [0x0000018cdf5de1e8,0x0000018cdf5de358] = 368
 dependencies   [0x0000018cdf5de358,0x0000018cdf5de378] = 32
 handler table  [0x0000018cdf5de378,0x0000018cdf5de3d8] = 96
 nul chk table  [0x0000018cdf5de3d8,0x0000018cdf5de3f8] = 32

[Constant Pool (empty)]

[MachCode]
[Entry Point]
  # {method} {0x0000018ceafacf10} 'clean' '()V' in 'org/jetbrains/skia/impl/CleanableImpl'
  #           [sp+0x70]  (sp of caller)
  0x0000018cdf5dd340: 448b 5208 | 49bb 0000 | 0080 8c01 | 0000 4d03 | d349 3bc2 

  0x0000018cdf5dd354: ;   {runtime_call ic_miss_stub}
  0x0000018cdf5dd354: 0f85 2614 | 78ff 6690 | 0f1f 4000 
[Verified Entry Point]
  0x0000018cdf5dd360: 8984 2400 | 80ff ff55 | 4883 ec60 | 4181 7f20 | 0500 0000 | 0f85 5a0b | 0000 4889 | 5424 2044 
  0x0000018cdf5dd380: 8b5a 2444 | 895c 2438 | 4585 db0f | 8416 0700 | 0049 8bfb | 488d 5c24 | 5048 8b07 | a802 0f85 
  0x0000018cdf5dd3a0: 2300 0000 | 4883 c801 | 4889 03f0 | 480f b11f | 0f84 3700 | 0000 482b | c448 2507 | f0ff ff48 
  0x0000018cdf5dd3c0: 8903 e924 | 0000 004c | 8bd0 4833 | c0f0 4d0f | b17a 3e48 | c703 0300 | 0000 7411 | 4c3b f875 
  0x0000018cdf5dd3e0: 1549 ff82 | 8600 0000 | 4833 c075 | 0949 ff87 | 5005 0000 | 33c0 0f85 | dc06 0000 | 4c8b 5424 
  0x0000018cdf5dd400: 2045 8b42 | 204d 8bd0 | 4c8b 5c24 | 204d 3bd3 | 0f84 f207 | 0000 458b | 5808 4c8b | 5424 2041 
  0x0000018cdf5dd420: ;   {metadata('org/jetbrains/skia/impl/CleanableImpl')}
  0x0000018cdf5dd420: 8b6a 1c41 | 81fb c04e | 2002 0f85 | d606 0000 | 498b d841 | 807f 4000 | 0f85 2b04 | 0000 896b 
  0x0000018cdf5dd440: 1c4c 8bd3 | 4c8b dd4d | 33da 49c1 | eb14 4d85 | db74 1e85 | ed74 1a49 | c1ea 0948 | b900 0039 
  0x0000018cdf5dd460: e68c 0100 | 0049 03ca | 8039 020f | 85ce 0400 | 004c 8b54 | 2420 458b | 421c 458b | 5008 4c8b 
  0x0000018cdf5dd480: 5c24 2041 

  0x0000018cdf5dd484: ;   {metadata('org/jetbrains/skia/impl/CleanableImpl')}
  0x0000018cdf5dd484: 8b6b 2041 | 81fa c04e | 2002 0f85 | 9c06 0000 | 498b d841 | 807f 4000 | 0f85 fa03 | 0000 896b 
  0x0000018cdf5dd4a4: 204c 8b54 | 2420 498b | f24c 8bd5 | 4c8b db4d | 33d3 49c1 | ea14 4d85 | d274 1e85 | ed74 1a49 
  0x0000018cdf5dd4c4: c1eb 0948 | b900 0039 | e68c 0100 | 0049 03cb | 8039 020f | 85b0 0400 | 0041 807f | 4000 0f85 
  0x0000018cdf5dd4e4: 1f04 0000 | 4180 7f40 | 000f 85dc | 0300 004c | 8b54 2420 | 4189 7220 | 4189 721c | 488d 4424 
  0x0000018cdf5dd504: 5048 8338 | 000f 8479 | 0000 004c | 8b17 41f6 | c202 0f84 | 6200 0000 | 4983 ba86 | 0000 0000 
  0x0000018cdf5dd524: 7409 49ff | 8a86 0000 | 00eb 4b49 | 8b82 9600 | 0000 490b | 828e 0000 | 0075 0a49 | c742 3e00 
  0x0000018cdf5dd544: 0000 00eb | 3d49 83ba | 9e00 0000 | 0074 2248 | 33c0 49c7 | 423e 0000 | 0000 f083 | 0424 0049 
  0x0000018cdf5dd564: 83ba 9e00 | 0000 0075 | 0df0 4d0f | b17a 3e75 | 0583 c801 | eb0c a800 | eb08 4c8b | 10f0 4c0f 
  0x0000018cdf5dd584: ;   {no_reloc}
  0x0000018cdf5dd584: b117 750a | 49ff 8f50 | 0500 0045 | 33d2 0f85 | c405 0000 | 488b 5424 

  0x0000018cdf5dd59c: ;   {optimized virtual_call}
  0x0000018cdf5dd59c: 2066 90e8 

  0x0000018cdf5dd5a0: ; ImmutableOopMap {[32]=Oop }
                      ;*invokevirtual clear0 {reexecute=0 rethrow=0 return_oop=0}
                      ; - java.lang.ref.Reference::clear@1 (line 398)
                      ; - org.jetbrains.skia.impl.CleanableImpl::clean@8 (line 82)
  0x0000018cdf5dd5a0: 9cbb ceff 

  0x0000018cdf5dd5a4: ;   {other}
  0x0000018cdf5dd5a4: 0f1f 8400 | 9404 0000 | 4c8b 5424 | 2041 8b6a | 2844 8b5d 

  0x0000018cdf5dd5b8: ;   {metadata('org/jetbrains/skia/impl/Managed$CleanerThunk')}
  0x0000018cdf5dd5b8: 0841 81fb | 684c 2002 | 0f85 bb05 | 0000 4c8b 

  0x0000018cdf5dd5c8: ;   {oop(a 'kotlin/SynchronizedLazyImpl'{0x00000000f04bd850})}
  0x0000018cdf5dd5c8: dd49 ba50 | d84b f000 | 0000 0045 

  0x0000018cdf5dd5d4: ;   {oop(a 'kotlin/UNINITIALIZED_VALUE'{0x00000000f027d2a0})}
  0x0000018cdf5dd5d4: 8b52 1041 | 81fa a0d2 | 27f0 747b | 4585 d20f | 84da 0400 | 0049 8bda | 448b 5308 

  0x0000018cdf5dd5f0: ;   {metadata('org/jetbrains/skiko/DefaultConsoleLogger')}
  0x0000018cdf5dd5f0: 4181 fa48 | 6d1b 020f | 8557 0700 | 000f b66b | 0c85 ed0f | 852f 0600 | 0045 8b43 | 0c45 85c0 
  0x0000018cdf5dd610: 0f84 3a06 

  0x0000018cdf5dd614: ;   {oop(a 'java/lang/Class'{0x00000000f04af950} = 'org/jetbrains/skia/impl/Stats')}
  0x0000018cdf5dd614: 0000 49ba | 50f9 4af0 | 0000 0000 | 410f b6aa | 8000 0000 | 85ed 0f85 | 3c06 0000 | 498b 5318 
  0x0000018cdf5dd634: 4d8b 4310 

  0x0000018cdf5dd638: ;   {static_call}
  0x0000018cdf5dd638: 6666 90e8 

  0x0000018cdf5dd63c: ; ImmutableOopMap {}
                      ;*invokestatic _nInvokeFinalizer {reexecute=0 rethrow=0 return_oop=0}
                      ; - org.jetbrains.skia.impl.Managed$Companion::_nInvokeFinalizer@2
                      ; - org.jetbrains.skia.impl.Managed$CleanerThunk::run@110 (line 34)
                      ; - org.jetbrains.skia.impl.CleanableImpl::clean@15 (line 83)
  0x0000018cdf5dd63c: 20b1 e7ff 

  0x0000018cdf5dd640: ;   {other}
  0x0000018cdf5dd640: 0f1f 8400 | 3005 0001 | 4883 c460 

  0x0000018cdf5dd64c: ;   {poll_return}
  0x0000018cdf5dd64c: 5d49 3ba7 | 5004 0000 | 0f87 6408 

  0x0000018cdf5dd658: ;   {oop(a 'kotlin/SynchronizedLazyImpl'{0x00000000f04bd850})}
  0x0000018cdf5dd658: 0000 c349 | ba50 d84b | f000 0000 | 0045 8b4a | 1445 85c9 | 0f84 1606 | 0000 4d8b | c148 8d5c 
  0x0000018cdf5dd678: 2450 498b | 00a8 020f | 8523 0000 | 0048 83c8 | 0148 8903 | f049 0fb1 | 180f 8437 | 0000 0048 
  0x0000018cdf5dd698: 2bc4 4825 | 07f0 ffff | 4889 03e9 | 2400 0000 | 4c8b d048 | 33c0 f04d | 0fb1 7a3e | 48c7 0303 
  0x0000018cdf5dd6b8: 0000 0074 | 114c 3bf8 | 7515 49ff | 8286 0000 | 0048 33c0 | 7509 49ff | 8750 0500 | 0033 c00f 
  0x0000018cdf5dd6d8: 85c3 0500 

  0x0000018cdf5dd6dc: ;   {oop(a 'kotlin/SynchronizedLazyImpl'{0x00000000f04bd850})}
  0x0000018cdf5dd6dc: 0049 ba50 | d84b f000 | 0000 0041 

  0x0000018cdf5dd6e8: ;   {oop(a 'kotlin/UNINITIALIZED_VALUE'{0x00000000f027d2a0})}
  0x0000018cdf5dd6e8: 8b6a 1081 | fda0 d227 | f00f 853e | 0600 004c | 8944 2428 | 4c89 5c24 | 2041 8b6a | 0c4c 8bd5 
  0x0000018cdf5dd708: 4c89 5424 | 3049 8bd2 

  0x0000018cdf5dd710: ;   {static_call}
  0x0000018cdf5dd710: 6666 90e8 

  0x0000018cdf5dd714: ; ImmutableOopMap {rbp=NarrowOop [32]=Oop [40]=Oop [48]=Oop }
                      ;*invokestatic checkNotNull {reexecute=0 rethrow=0 return_oop=0}
                      ; - kotlin.SynchronizedLazyImpl::getValue@48 (line 86)
                      ; - org.jetbrains.skiko.Logger::getLoggerImpl@5 (line 116)
                      ; - org.jetbrains.skia.impl.Managed$CleanerThunk::run@7 (line 149)
                      ; - org.jetbrains.skia.impl.CleanableImpl::clean@15 (line 83)
  0x0000018cdf5dd714: 6819 78ff 

  0x0000018cdf5dd718: ;   {other}
  0x0000018cdf5dd718: 0f1f 8400 | 0806 0002 | 488b 5424 | 3048 8b6c | 2420 6666 | 9048 b8ff | ffff ffff 

  0x0000018cdf5dd734: ;   {virtual_call}
  0x0000018cdf5dd734: ffff ffe8 

  0x0000018cdf5dd738: ; ImmutableOopMap {rbp=Oop [40]=Oop }
                      ;*invokeinterface invoke {reexecute=0 rethrow=0 return_oop=1}
                      ; - kotlin.SynchronizedLazyImpl::getValue@51 (line 86)
                      ; - org.jetbrains.skiko.Logger::getLoggerImpl@5 (line 116)
                      ; - org.jetbrains.skia.impl.Managed$CleanerThunk::run@7 (line 149)
                      ; - org.jetbrains.skia.impl.CleanableImpl::clean@15 (line 83)
  0x0000018cdf5dd738: 4416 78ff 

  0x0000018cdf5dd73c: ;   {other}
  0x0000018cdf5dd73c: 0f1f 8400 | 2c06 0003 | 488b d841 | 807f 4000 | 0f85 c602 | 0000 4c8b 

  0x0000018cdf5dd754: ;   {oop(a 'kotlin/SynchronizedLazyImpl'{0x00000000f04bd850})}
  0x0000018cdf5dd754: d349 bb50 | d84b f000 | 0000 0045 

  0x0000018cdf5dd760: ;   {oop(a 'kotlin/SynchronizedLazyImpl'{0x00000000f04bd850})}
  0x0000018cdf5dd760: 8953 1049 | ba50 d84b | f000 0000 | 004c 8bdb | 4d33 da49 | c1eb 144d | 85db 7420 | 4885 db74 
  0x0000018cdf5dd780: 1b49 c1ea | 0949 b800 | 0039 e68c | 0100 004d | 03c2 4180 | 3802 0f85 | b902 0000 | f083 4424 
  0x0000018cdf5dd7a0: c000 4180 | 7f40 000f | 852e 0200 

  0x0000018cdf5dd7ac: ;   {oop(a 'kotlin/SynchronizedLazyImpl'{0x00000000f04bd850})}
  0x0000018cdf5dd7ac: 0049 ba50 | d84b f000 | 0000 0045 | 8962 0c4c | 8b5c 2428 | 488d 4424 | 5048 8338 | 000f 8479 
  0x0000018cdf5dd7cc: 0000 004d | 8b13 41f6 | c202 0f84 | 6200 0000 | 4983 ba86 | 0000 0000 | 7409 49ff | 8a86 0000 
  0x0000018cdf5dd7ec: 00eb 4b49 | 8b82 9600 | 0000 490b | 828e 0000 | 0075 0a49 | c742 3e00 | 0000 00eb | 3d49 83ba 
  0x0000018cdf5dd80c: 9e00 0000 | 0074 2248 | 33c0 49c7 | 423e 0000 | 0000 f083 | 0424 0049 | 83ba 9e00 | 0000 0075 
  0x0000018cdf5dd82c: 0df0 4d0f | b17a 3e75 | 0583 c801 | eb0c a800 | eb08 4c8b | 10f0 4d0f | b113 750a | 49ff 8f50 
  0x0000018cdf5dd84c: 0500 0045 | 33d2 0f85 | 7e04 0000 | 4885 db0f | 845f 0200 | 004c 8bdd | e983 fdff | ff44 8b5b 
  0x0000018cdf5dd86c: 1c45 85db | 0f84 c8fb | ffff 4d8b | 5728 498b | cb4d 85d2 | 0f84 0e03 | 0000 4d8b | 5f38 4b89 
  0x0000018cdf5dd88c: 4c13 f849 | 83c2 f84d | 8957 28e9 | a2fb ffff | 448b 5320 | 4585 d20f | 84f9 fbff | ff4d 8b5f 
  0x0000018cdf5dd8ac: ;   {no_reloc}
  0x0000018cdf5dd8ac: 2849 8bca | 4d85 db0f | 8432 0300 | 004d 8b57 | 384b 894c | 1af8 4983 | c3f8 4d89 | 5f28 e9d3 
  0x0000018cdf5dd8cc: fbff ff4c | 8b54 2420 | 458b 5220 | 4585 d20f | 8412 fcff | ff4d 8b5f | 2849 8bca | 4d85 db0f 
  0x0000018cdf5dd8ec: 84c0 0200 | 004d 8b57 | 384b 894c | 1af8 4983 | c3f8 4d89 | 5f28 e9ec | fbff ff4c | 8b54 2420 
  0x0000018cdf5dd90c: 458b 521c | 4585 d20f | 84cf fbff | ff4d 8b5f | 2849 8bca | 4d85 db0f | 84a5 0200 | 004d 8b57 
  0x0000018cdf5dd92c: 384b 894c | 1af8 4983 | c3f8 4d89 | 5f28 e9a9 | fbff ff4d | 8b57 484d | 8b5f 58f0 | 8344 24c0 
  0x0000018cdf5dd94c: 0080 3900 | 0f84 1bfb | ffff 4488 | 214d 85d2 | 751d 498b | d749 baf0 | 43dd 79f9 | 7f00 0041 
  0x0000018cdf5dd96c: ;   {other}
  0x0000018cdf5dd96c: ffd2 0f1f | 8400 0000 | 0000 e9f6 | faff ff4b | 894c 13f8 | 4983 c2f8 | 4d89 5748 | e9e4 faff 
  0x0000018cdf5dd98c: ff4d 8b57 | 484d 8b5f | 58f0 8344 | 24c0 0080 | 3900 0f84 | 39fb ffff | 4488 214d | 85d2 751d 
  0x0000018cdf5dd9ac: 498b d749 | baf0 43dd | 79f9 7f00 | 0041 ffd2 

  0x0000018cdf5dd9bc: ;   {other}
  0x0000018cdf5dd9bc: 0f1f 8400 | 0000 0000 | e914 fbff | ff4b 894c | 13f8 4983 | c2f8 4d89 | 5748 e902 

  0x0000018cdf5dd9d8: ;   {oop(a 'kotlin/SynchronizedLazyImpl'{0x00000000f04bd850})}
  0x0000018cdf5dd9d8: fbff ff49 | ba50 d84b | f000 0000 | 0045 8b5a | 0c45 85db | 0f84 bbfd | ffff 4d8b | 5728 498b 
  0x0000018cdf5dd9f8: cb4d 85d2 | 0f84 f902 | 0000 4d8b | 5f38 4b89 | 4c13 f849 | 83c2 f84d | 8957 28e9 | 95fd ffff 
  0x0000018cdf5dda18: ;   {oop(a 'kotlin/SynchronizedLazyImpl'{0x00000000f04bd850})}
  0x0000018cdf5dda18: 49ba 50d8 | 4bf0 0000 | 0000 458b | 5a10 4585 | db0f 8423 | fdff ff4d | 8b57 2849 | 8bcb 4d85 
  0x0000018cdf5dda38: d20f 84d9 | 0200 004d | 8b5f 384b | 894c 13f8 | 4983 c2f8 | 4d89 5728 | e9fd fcff | ff4d 8b57 
  0x0000018cdf5dda58: 584d 8b5f | 48f0 8344 | 24c0 0041 | 8038 000f | 842f fdff | ff45 8820 | 4d85 db75 | 2049 8bc8 
  0x0000018cdf5dda78: 498b d749 | baf0 43dd | 79f9 7f00 | 0041 ffd2 

  0x0000018cdf5dda88: ;   {other}
  0x0000018cdf5dda88: 0f1f 8400 | 0000 0000 | e907 fdff | ff4f 8944 | 1af8 4983 | c3f8 4d89 | 5f48 e9f5 | fcff ffba 
  0x0000018cdf5ddaa8: f6ff ffff | 488b 6c24 

  0x0000018cdf5ddab0: ;   {runtime_call UncommonTrapBlob}
  0x0000018cdf5ddab0: 2066 90e8 

  0x0000018cdf5ddab4: ; ImmutableOopMap {rbp=Oop }
                      ;*monitorenter {reexecute=0 rethrow=0 return_oop=0}
                      ; - org.jetbrains.skia.impl.CleanableImpl::remove@6 (line 101)
                      ; - org.jetbrains.skia.impl.CleanableImpl::clean@1 (line 81)
  0x0000018cdf5ddab4: c868 78ff 

  0x0000018cdf5ddab8: ;   {other}
  0x0000018cdf5ddab8: 0f1f 8400 | a809 0004 | 4c8b ddba | f4ff ffff 

  0x0000018cdf5ddac8: ;   {runtime_call UncommonTrapBlob}
  0x0000018cdf5ddac8: 498b ebe8 

  0x0000018cdf5ddacc: ; ImmutableOopMap {rbp=Oop }
                      ;*checkcast {reexecute=0 rethrow=0 return_oop=0}
                      ; - org.jetbrains.skiko.Logger::getLoggerImpl@10 (line 116)
                      ; - org.jetbrains.skia.impl.Managed$CleanerThunk::run@7 (line 149)
                      ; - org.jetbrains.skia.impl.CleanableImpl::clean@15 (line 83)
  0x0000018cdf5ddacc: b068 78ff 

  0x0000018cdf5ddad0: ;   {other}
  0x0000018cdf5ddad0: 0f1f 8400 | c009 0005 | 488b d74c | 8d44 2450 | 488b 6c24 | 2048 897c | 2430 4889 

  0x0000018cdf5ddaec: ;   {runtime_call _complete_monitor_locking_Java}
  0x0000018cdf5ddaec: 7c24 40e8 

  0x0000018cdf5ddaf0: ; ImmutableOopMap {rbp=Oop [32]=Oop [48]=Oop [56]=NarrowOop [64]=Oop }
                      ;*monitorenter {reexecute=0 rethrow=0 return_oop=0}
                      ; - org.jetbrains.skia.impl.CleanableImpl::remove@6 (line 101)
                      ; - org.jetbrains.skia.impl.CleanableImpl::clean@1 (line 81)
  0x0000018cdf5ddaf0: 8cd8 84ff 

  0x0000018cdf5ddaf4: ;   {other}
  0x0000018cdf5ddaf4: 0f1f 8400 | e409 0006 | 488b 7c24 | 30e9 f6f8 | ffff bade | ffff ff48 | 8944 24f8 | 8b44 2438 
  0x0000018cdf5ddb14: 8944 2430 | 488b 4424 | f844 8944 

  0x0000018cdf5ddb20: ;   {runtime_call UncommonTrapBlob}
  0x0000018cdf5ddb20: 2438 90e8 

  0x0000018cdf5ddb24: ; ImmutableOopMap {rbp=NarrowOop [32]=Oop [48]=NarrowOop [56]=NarrowOop }
                      ;*invokeinterface setPrev {reexecute=0 rethrow=0 return_oop=0}
                      ; - org.jetbrains.skia.impl.CleanableImpl::remove@30 (line 103)
                      ; - org.jetbrains.skia.impl.CleanableImpl::clean@1 (line 81)
  0x0000018cdf5ddb24: 5868 78ff 

  0x0000018cdf5ddb28: ;   {other}
  0x0000018cdf5ddb28: 0f1f 8400 | 180a 0007 | bade ffff | ff48 8944 | 24f8 8b44 | 2438 8944 | 2430 488b | 4424 f844 
  0x0000018cdf5ddb48: 8944 2438 

  0x0000018cdf5ddb4c: ;   {runtime_call UncommonTrapBlob}
  0x0000018cdf5ddb4c: 6666 90e8 

  0x0000018cdf5ddb50: ; ImmutableOopMap {rbp=NarrowOop [32]=Oop [48]=NarrowOop [56]=NarrowOop }
                      ;*invokeinterface setNext {reexecute=0 rethrow=0 return_oop=0}
                      ; - org.jetbrains.skia.impl.CleanableImpl::remove@51 (line 104)
                      ; - org.jetbrains.skia.impl.CleanableImpl::clean@1 (line 81)
  0x0000018cdf5ddb50: 2c68 78ff 

  0x0000018cdf5ddb54: ;   {other}
  0x0000018cdf5ddb54: 0f1f 8400 | 440a 0008 | 488b cf48 | 8d54 2450 | 4d8b c749 | bab0 381f | 7af9 7f00 | 0041 ffd2 
  0x0000018cdf5ddb74: ;   {other}
  0x0000018cdf5ddb74: 0f1f 8400 | 0000 0000 | e917 faff | ffba deff 

  0x0000018cdf5ddb84: ;   {runtime_call UncommonTrapBlob}
  0x0000018cdf5ddb84: ffff 90e8 

  0x0000018cdf5ddb88: ; ImmutableOopMap {rbp=NarrowOop }
                      ;*invokeinterface run {reexecute=0 rethrow=0 return_oop=0}
                      ; - org.jetbrains.skia.impl.CleanableImpl::clean@15 (line 83)
  0x0000018cdf5ddb88: f467 78ff 

  0x0000018cdf5ddb8c: ;   {other}
  0x0000018cdf5ddb8c: 0f1f 8400 | 7c0a 0009 | 498b d749 | ba10 44dd | 79f9 7f00 | 0041 ffd2 

  0x0000018cdf5ddba4: ;   {other}
  0x0000018cdf5ddba4: 0f1f 8400 | 0000 0000 | e98d f8ff | ff49 8bd7 | 49ba 1044 | dd79 f97f | 0000 41ff 

  0x0000018cdf5ddbc0: ;   {other}
  0x0000018cdf5ddbc0: d20f 1f84 | 0000 0000 | 00e9 25f9 | ffff 498b | d749 ba10 | 44dd 79f9 | 7f00 0041 

  0x0000018cdf5ddbdc: ;   {other}
  0x0000018cdf5ddbdc: ffd2 0f1f | 8400 0000 | 0000 e9fd | f8ff ff49 | 8bd7 49ba | 1044 dd79 | f97f 0000 

  0x0000018cdf5ddbf8: ;   {other}
  0x0000018cdf5ddbf8: 41ff d20f | 1f84 0000 | 0000 00e9 | 9af8 ffff | ba45 ffff | ff48 8944 | 24f8 8b44 | 2438 8944 
  0x0000018cdf5ddc18: 2428 488b | 4424 f84c | 895c 2430 | 4489 4424 

  0x0000018cdf5ddc28: ;   {runtime_call UncommonTrapBlob}
  0x0000018cdf5ddc28: 3866 90e8 

  0x0000018cdf5ddc2c: ; ImmutableOopMap {[32]=Oop [40]=NarrowOop [48]=Oop [56]=NarrowOop }
                      ;*if_acmpeq {reexecute=1 rethrow=0 return_oop=0}
                      ; - (reexecute) org.jetbrains.skia.impl.CleanableImpl::remove@15 (line 102)
                      ; - org.jetbrains.skia.impl.CleanableImpl::clean@1 (line 81)
  0x0000018cdf5ddc2c: 5067 78ff 

  0x0000018cdf5ddc30: ;   {other}
  0x0000018cdf5ddc30: 0f1f 8400 | 200b 000a | ba45 ffff | ff4c 895c 

  0x0000018cdf5ddc40: ;   {runtime_call UncommonTrapBlob}
  0x0000018cdf5ddc40: 2420 90e8 

  0x0000018cdf5ddc44: ; ImmutableOopMap {[32]=Oop }
                      ;*ifeq {reexecute=1 rethrow=0 return_oop=0}
                      ; - (reexecute) org.jetbrains.skia.impl.Managed$CleanerThunk::run@15 (line 149)
                      ; - org.jetbrains.skia.impl.CleanableImpl::clean@15 (line 83)
  0x0000018cdf5ddc44: 3867 78ff 

  0x0000018cdf5ddc48: ;   {other}
  0x0000018cdf5ddc48: 0f1f 8400 | 380b 000b | ba45 ffff | ff49 8beb | 4489 4424 

  0x0000018cdf5ddc5c: ;   {runtime_call UncommonTrapBlob}
  0x0000018cdf5ddc5c: 2466 90e8 

  0x0000018cdf5ddc60: ; ImmutableOopMap {rbp=Oop [36]=NarrowOop }
                      ;*ifnonnull {reexecute=1 rethrow=0 return_oop=0}
                      ; - (reexecute) kotlin.jvm.internal.Intrinsics::checkNotNullParameter@1 (line 130)
                      ; - org.jetbrains.skia.impl.Stats::onDeallocated@3
                      ; - org.jetbrains.skia.impl.Managed$CleanerThunk::run@90 (line 32)
                      ; - org.jetbrains.skia.impl.CleanableImpl::clean@15 (line 83)
  0x0000018cdf5ddc60: 1c67 78ff 

  0x0000018cdf5ddc64: ;   {other}
  0x0000018cdf5ddc64: 0f1f 8400 | 540b 000c | ba45 ffff | ff4c 895c | 2420 4489 

  0x0000018cdf5ddc78: ;   {runtime_call UncommonTrapBlob}
  0x0000018cdf5ddc78: 4424 28e8 

  0x0000018cdf5ddc7c: ; ImmutableOopMap {[32]=Oop [40]=NarrowOop }
                      ;*ifeq {reexecute=1 rethrow=0 return_oop=0}
                      ; - (reexecute) org.jetbrains.skia.impl.Stats::onDeallocated@9 (line 20)
                      ; - org.jetbrains.skia.impl.Managed$CleanerThunk::run@90 (line 32)
                      ; - org.jetbrains.skia.impl.CleanableImpl::clean@15 (line 83)
  0x0000018cdf5ddc7c: 0067 78ff 

  0x0000018cdf5ddc80: ;   {other}
  0x0000018cdf5ddc80: 0f1f 8400 | 700b 000d | baf6 ffff | ff49 8beb 

  0x0000018cdf5ddc90: ;   {runtime_call UncommonTrapBlob}
  0x0000018cdf5ddc90: 6666 90e8 

  0x0000018cdf5ddc94: ; ImmutableOopMap {rbp=Oop }
                      ;*monitorenter {reexecute=0 rethrow=0 return_oop=0}
                      ; - kotlin.SynchronizedLazyImpl::getValue@20 (line 81)
                      ; - org.jetbrains.skiko.Logger::getLoggerImpl@5 (line 116)
                      ; - org.jetbrains.skia.impl.Managed$CleanerThunk::run@7 (line 149)
                      ; - org.jetbrains.skia.impl.CleanableImpl::clean@15 (line 83)
  0x0000018cdf5ddc94: e866 78ff 

  0x0000018cdf5ddc98: ;   {other}
  0x0000018cdf5ddc98: 0f1f 8400 | 880b 000e | 4c89 4424 | 2844 894c | 2420 498b | eb49 8bd0 | 4c8d 4424 

  0x0000018cdf5ddcb4: ;   {runtime_call _complete_monitor_locking_Java}
  0x0000018cdf5ddcb4: 5066 90e8 

  0x0000018cdf5ddcb8: ; ImmutableOopMap {rbp=Oop [32]=NarrowOop [40]=Oop }
                      ;*monitorenter {reexecute=0 rethrow=0 return_oop=0}
                      ; - kotlin.SynchronizedLazyImpl::getValue@20 (line 81)
                      ; - org.jetbrains.skiko.Logger::getLoggerImpl@5 (line 116)
                      ; - org.jetbrains.skia.impl.Managed$CleanerThunk::run@7 (line 149)
                      ; - org.jetbrains.skia.impl.CleanableImpl::clean@15 (line 83)
  0x0000018cdf5ddcb8: c4d6 84ff 

  0x0000018cdf5ddcbc: ;   {other}
  0x0000018cdf5ddcbc: 0f1f 8400 | ac0b 000f | 4c8b dd44 | 8b4c 2420 | 4c8b 4424 | 28e9 07fa | ffff 498b | cb48 8d54 
  0x0000018cdf5ddcdc: 2450 4d8b | c749 bab0 | 381f 7af9 | 7f00 0041 

  0x0000018cdf5ddcec: ;   {other}
  0x0000018cdf5ddcec: ffd2 0f1f | 8400 0000 | 0000 e95d | fbff ff49 | 8bd7 49ba | 1044 dd79 | f97f 0000 

  0x0000018cdf5ddd08: ;   {other}
  0x0000018cdf5ddd08: 41ff d20f | 1f84 0000 | 0000 00e9 | 95fa ffff | 498b d749 | ba10 44dd | 79f9 7f00 | 0041 ffd2 
  0x0000018cdf5ddd28: ;   {other}
  0x0000018cdf5ddd28: 0f1f 8400 | 0000 0000 | e91d faff | ffba 45ff | ffff 4c89 | 5c24 2044 | 894c 242c 

  0x0000018cdf5ddd44: ;   {runtime_call UncommonTrapBlob}
  0x0000018cdf5ddd44: 6666 90e8 

  0x0000018cdf5ddd48: ; ImmutableOopMap {rbp=NarrowOop [32]=Oop [44]=NarrowOop }
                      ;*if_acmpeq {reexecute=1 rethrow=0 return_oop=0}
                      ; - (reexecute) kotlin.SynchronizedLazyImpl::getValue@35 (line 83)
                      ; - org.jetbrains.skiko.Logger::getLoggerImpl@5 (line 116)
                      ; - org.jetbrains.skia.impl.Managed$CleanerThunk::run@7 (line 149)
                      ; - org.jetbrains.skia.impl.CleanableImpl::clean@15 (line 83)
  0x0000018cdf5ddd48: 3466 78ff 

  0x0000018cdf5ddd4c: ;   {other}
  0x0000018cdf5ddd4c: 0f1f 8400 | 3c0c 0010 | bade ffff | ff49 8beb | 4889 5c24 

  0x0000018cdf5ddd60: ;   {runtime_call UncommonTrapBlob}
  0x0000018cdf5ddd60: 2066 90e8 

  0x0000018cdf5ddd64: ; ImmutableOopMap {rbp=Oop [32]=Oop }
                      ;*checkcast {reexecute=0 rethrow=0 return_oop=0}
                      ; - org.jetbrains.skiko.Logger::getLoggerImpl@10 (line 116)
                      ; - org.jetbrains.skia.impl.Managed$CleanerThunk::run@7 (line 149)
                      ; - org.jetbrains.skia.impl.CleanableImpl::clean@15 (line 83)
  0x0000018cdf5ddd64: 1866 78ff 

  0x0000018cdf5ddd68: ;   {other}
  0x0000018cdf5ddd68: 0f1f 8400 | 580c 0011 | baf6 ffff 

  0x0000018cdf5ddd74: ;   {runtime_call UncommonTrapBlob}
  0x0000018cdf5ddd74: ff66 90e8 

  0x0000018cdf5ddd78: ; ImmutableOopMap {}
                      ;*invokeinterface run {reexecute=0 rethrow=0 return_oop=0}
                      ; - org.jetbrains.skia.impl.CleanableImpl::clean@15 (line 83)
  0x0000018cdf5ddd78: 0466 78ff 

  0x0000018cdf5ddd7c: ;   {other}
  0x0000018cdf5ddd7c: 0f1f 8400 | 6c0c 0012 | ba45 ffff | ff48 8b6c | 2420 4889 | 4424 f88b | 4424 3889 | 4424 2848 
  0x0000018cdf5ddd9c: 8b44 24f8 | 4489 4424 

  0x0000018cdf5ddda4: ;   {runtime_call UncommonTrapBlob}
  0x0000018cdf5ddda4: 3466 90e8 

  0x0000018cdf5ddda8: ; ImmutableOopMap {rbp=Oop [40]=NarrowOop [52]=NarrowOop }
                      ;*ifnull {reexecute=1 rethrow=0 return_oop=0}
                      ; - (reexecute) org.jetbrains.skia.impl.CleanableImpl::remove@23 (line 103)
                      ; - org.jetbrains.skia.impl.CleanableImpl::clean@1 (line 81)
  0x0000018cdf5ddda8: d465 78ff 

  0x0000018cdf5dddac: ;   {other}
  0x0000018cdf5dddac: 0f1f 8400 | 9c0c 0013 | ba45 ffff | ff48 8b6c | 2420 4889 | 4424 f88b | 4424 3889 | 4424 2848 
  0x0000018cdf5dddcc: 8b44 24f8 | 4489 4424 

  0x0000018cdf5dddd4: ;   {runtime_call UncommonTrapBlob}
  0x0000018cdf5dddd4: 3466 90e8 

  0x0000018cdf5dddd8: ; ImmutableOopMap {rbp=Oop [40]=NarrowOop [52]=NarrowOop }
                      ;*ifnull {reexecute=1 rethrow=0 return_oop=0}
                      ; - (reexecute) org.jetbrains.skia.impl.CleanableImpl::remove@44 (line 104)
                      ; - org.jetbrains.skia.impl.CleanableImpl::clean@1 (line 81)
  0x0000018cdf5dddd8: a465 78ff 

  0x0000018cdf5ddddc: ;   {other}
  0x0000018cdf5ddddc: 0f1f 8400 | cc0c 0014 | 488b d8eb | 0348 8bd8 | 4c8b 5c24 | 2848 8d44 | 2450 4883 | 3800 0f84 
  0x0000018cdf5dddfc: 7900 0000 | 4d8b 1341 | f6c2 020f | 8462 0000 | 0049 83ba | 8600 0000 | 0074 0949 | ff8a 8600 
  0x0000018cdf5dde1c: 0000 eb4b | 498b 8296 | 0000 0049 | 0b82 8e00 | 0000 750a | 49c7 423e | 0000 0000 | eb3d 4983 
  0x0000018cdf5dde3c: ba9e 0000 | 0000 7422 | 4833 c049 | c742 3e00 | 0000 00f0 | 8304 2400 | 4983 ba9e | 0000 0000 
  0x0000018cdf5dde5c: 750d f04d | 0fb1 7a3e | 7505 83c8 | 01eb 0ca8 | 00eb 084c | 8b10 f04d | 0fb1 1375 | 0a49 ff8f 
  0x0000018cdf5dde7c: 5005 0000 | 4533 d275 | 1748 8bd3 | eb08 488b | d0eb 0348 | 8bd0 4883 

  0x0000018cdf5dde94: ;   {runtime_call _rethrow_Java}
  0x0000018cdf5dde94: c460 5de9 | 6494 84ff | 498b cb48 | 8d54 2450 | 4d8b c749 | bab0 381f | 7af9 7f00 | 0041 ffd2 
  0x0000018cdf5ddeb4: ;   {other}
  0x0000018cdf5ddeb4: 0f1f 8400 | 0000 0000 

  0x0000018cdf5ddebc: ;   {internal_word}
  0x0000018cdf5ddebc: ebc7 49ba | 4dd6 5ddf | 8c01 0000 | 4d89 9768 

  0x0000018cdf5ddecc: ;   {runtime_call SafepointBlob}
  0x0000018cdf5ddecc: 0400 00e9 | ac75 78ff 

  0x0000018cdf5dded4: ;   {runtime_call StubRoutines (final stubs)}
  0x0000018cdf5dded4: e8c7 8576 | ffe9 9cf4 | ffff f4f4 
[Stub Code]
  0x0000018cdf5ddee0: ;   {no_reloc}
  0x0000018cdf5ddee0: 48bb 0000 | 0000 0000 

  0x0000018cdf5ddee8: ;   {runtime_call nmethod}
  0x0000018cdf5ddee8: 0000 e9fb 

  0x0000018cdf5ddeec: ;   {static_stub}
  0x0000018cdf5ddeec: ffff ff48 | bb00 0000 | 0000 0000 

  0x0000018cdf5ddef8: ;   {runtime_call nmethod}
  0x0000018cdf5ddef8: 00e9 fbff 

  0x0000018cdf5ddefc: ;   {static_stub}
  0x0000018cdf5ddefc: ffff 48bb | 0000 0000 | 0000 0000 

  0x0000018cdf5ddf08: ;   {runtime_call nmethod}
  0x0000018cdf5ddf08: e9fb ffff 

  0x0000018cdf5ddf0c: ;   {runtime_call ExceptionBlob}
  0x0000018cdf5ddf0c: ffe9 6e75 | 84ff e800 | 0000 0048 | 832c 2405 

  0x0000018cdf5ddf1c: ;   {runtime_call DeoptimizationBlob}
  0x0000018cdf5ddf1c: e9ff 6778 | fff4 f4f4 | f4f4 f4f4 
[/MachCode]


Compiled method (c1) 151937 4872       3       org.jetbrains.skia.impl.Managed::close (124 bytes)
 total in heap  [0x0000018cd8203410,0x0000018cd8205788] = 9080
 relocation     [0x0000018cd8203570,0x0000018cd8203800] = 656
 main code      [0x0000018cd8203800,0x0000018cd8204e40] = 5696
 stub code      [0x0000018cd8204e40,0x0000018cd8204f80] = 320
 oops           [0x0000018cd8204f80,0x0000018cd8204fa8] = 40
 metadata       [0x0000018cd8204fa8,0x0000018cd8205020] = 120
 scopes data    [0x0000018cd8205020,0x0000018cd8205348] = 808
 scopes pcs     [0x0000018cd8205348,0x0000018cd8205738] = 1008
 dependencies   [0x0000018cd8205738,0x0000018cd8205758] = 32
 nul chk table  [0x0000018cd8205758,0x0000018cd8205788] = 48

[Constant Pool (empty)]

[MachCode]
[Entry Point]
  # {method} {0x0000018ceae69028} 'close' '()V' in 'org/jetbrains/skia/impl/Managed'
  #           [sp+0xe0]  (sp of caller)
  0x0000018cd8203800: 448b 5208 | 49bb 0000 | 0080 8c01 | 0000 4d03 | d34c 3bd0 

  0x0000018cd8203814: ;   {runtime_call ic_miss_stub}
  0x0000018cd8203814: 0f85 66af | b506 660f | 1f44 0000 
[Verified Entry Point]
  0x0000018cd8203820: 8984 2400 | 80ff ff55 | 4881 ecd0 | 0000 0090 | 4181 7f20 | 0500 0000 

  0x0000018cd8203838: ;   {runtime_call StubRoutines (final stubs)}
  0x0000018cd8203838: 7405 e861 | 2cb4 0648 | 8994 2488 

  0x0000018cd8203844: ;   {metadata(method data for {method} {0x0000018ceae69028} 'close' '()V' in 'org/jetbrains/skia/impl/Managed')}
  0x0000018cd8203844: 0000 0048 | be80 0bb2 | eb8c 0100 | 008b becc | 0000 0083 | c702 89be | cc00 0000 | 81e7 fe07 
  0x0000018cd8203864: 0000 85ff | 0f84 8311 | 0000 488b 

  0x0000018cd8203870: ;   {metadata(method data for {method} {0x0000018ceae69028} 'close' '()V' in 'org/jetbrains/skia/impl/Managed')}
  0x0000018cd8203870: f248 bf80 | 0bb2 eb8c | 0100 0048 | 8387 1001 | 0000 0148 | 8b72 1048 | c7c7 0000 | 0000 483b 
  0x0000018cd8203890: ;   {metadata(method data for {method} {0x0000018ceae69028} 'close' '()V' in 'org/jetbrains/skia/impl/Managed')}
  0x0000018cd8203890: fe48 be80 | 0bb2 eb8c | 0100 0048 | c7c7 4801 | 0000 7507 | 48c7 c758 | 0100 0048 | 8b04 3e48 
  0x0000018cd82038b0: 8d40 0148 | 8904 3e0f | 8567 0300 | 0066 6690 

  0x0000018cd82038c0: ;   {no_reloc}
  0x0000018cd82038c0: e95c 1100 | 0000 0000 | 0000 498b | 87b8 0100 | 0048 8d78 | 2849 3bbf | c801 0000 | 0f87 4911 
  0x0000018cd82038e0: 0000 4989 | bfb8 0100 | 0048 c700 | 0100 0000 | 488b ca49 | ba00 0000 | 808c 0100 | 0049 2bca 
  0x0000018cd8203900: 8948 0848 | 33c9 8948 | 0c48 33c9 | 4889 4810 | 4889 4818 | 4889 4820 | 4889 8424 | 9000 0000 
  0x0000018cd8203920: ;   {no_reloc}
  0x0000018cd8203920: e922 1100 | 0000 0000 | 0000 498b | 87b8 0100 | 0048 8d78 | 1849 3bbf | c801 0000 | 0f87 0f11 
  0x0000018cd8203940: 0000 4989 | bfb8 0100 | 0048 c700 | 0100 0000 | 488b ca49 | ba00 0000 | 808c 0100 | 0049 2bca 
  0x0000018cd8203960: 8948 0848 | 33c9 8948 | 0c48 33c9 | 4889 4810 | 4889 8424 | 8000 0000 

  0x0000018cd8203978: ;   {metadata(method data for {method} {0x0000018ceae69028} 'close' '()V' in 'org/jetbrains/skia/impl/Managed')}
  0x0000018cd8203978: 4c8b c048 | ba80 0bb2 | eb8c 0100 | 0048 8382 | 6801 0000 

  0x0000018cd820398c: ;   {metadata(method data for {method} {0x0000018c80b32d30} '<init>' '()V' in 'java/lang/StringBuilder')}
  0x0000018cd820398c: 0149 b8e0 | c300 ea8c | 0100 0041 | 8b90 cc00 | 0000 83c2 | 0241 8990 | cc00 0000 | 81e2 feff 
  0x0000018cd82039ac: 1f00 85d2 | 0f84 a810 | 0000 4c8b 

  0x0000018cd82039b8: ;   {metadata(method data for {method} {0x0000018c80b32d30} '<init>' '()V' in 'java/lang/StringBuilder')}
  0x0000018cd82039b8: c048 bae0 | c300 ea8c | 0100 0048 | 8382 1001 | 0000 0141 | b810 0000 | 0048 8bd0 

  0x0000018cd82039d4: ;   {optimized virtual_call}
  0x0000018cd82039d4: 6666 90e8 

  0x0000018cd82039d8: ; ImmutableOopMap {[128]=Oop [136]=Oop [144]=Oop }
                      ;*invokespecial <init> {reexecute=0 rethrow=0 return_oop=0}
                      ; - java.lang.StringBuilder::<init>@3 (line 106)
                      ; - org.jetbrains.skia.impl.Managed::close@17 (line 16)
  0x0000018cd82039d8: a4b0 b506 

  0x0000018cd82039dc: ;   {other}
  0x0000018cd82039dc: 0f1f 8400 | cc05 0000 | 488b 8424 | 8000 0000 

  0x0000018cd82039ec: ;   {metadata(method data for {method} {0x0000018ceae69028} 'close' '()V' in 'org/jetbrains/skia/impl/Managed')}
  0x0000018cd82039ec: 49b8 800b | b2eb 8c01 | 0000 4983 | 8078 0100 

  0x0000018cd82039fc: ;   {metadata(method data for {method} {0x0000018c80b32a90} 'append' '(Ljava/lang/String;)Ljava/lang/StringBuilder;' in 'java/lang/StringBuilder')}
  0x0000018cd82039fc: 0001 49b8 | d0c6 00ea | 8c01 0000 | 418b 90cc | 0000 0083 | c202 4189 | 90cc 0000 | 0081 e2fe 
  0x0000018cd8203a1c: ff1f 0085 | d20f 8458 | 1000 0048 | 8b84 2480 

  0x0000018cd8203a2c: ;   {metadata(method data for {method} {0x0000018c80b32a90} 'append' '(Ljava/lang/String;)Ljava/lang/StringBuilder;' in 'java/lang/StringBuilder')}
  0x0000018cd8203a2c: 0000 0049 | b8d0 c600 | ea8c 0100 | 0049 8380 | 1001 0000 

  0x0000018cd8203a40: ;   {oop("Object already closed: "{0x00000000f0801210})}
  0x0000018cd8203a40: 0149 b810 | 1280 f000 | 0000 0048 | 8b94 2480 | 0000 000f 

  0x0000018cd8203a54: ;   {optimized virtual_call}
  0x0000018cd8203a54: 1f40 00e8 

  0x0000018cd8203a58: ; ImmutableOopMap {[128]=Oop [136]=Oop [144]=Oop }
                      ;*invokespecial append {reexecute=0 rethrow=0 return_oop=0}
                      ; - java.lang.StringBuilder::append@2 (line 179)
                      ; - org.jetbrains.skia.impl.Managed::close@22 (line 16)
  0x0000018cd8203a58: 24b0 b506 

  0x0000018cd8203a5c: ;   {other}
  0x0000018cd8203a5c: 0f1f 8400 | 4c06 0001 | 488b 9424 | 8800 0000 

  0x0000018cd8203a6c: ;   {metadata(method data for {method} {0x0000018ceae69028} 'close' '()V' in 'org/jetbrains/skia/impl/Managed')}
  0x0000018cd8203a6c: 48be 800b | b2eb 8c01 | 0000 4883 | 86b0 0100 | 0001 488b | 9424 8800 | 0000 8b72 | 0849 ba00 
  0x0000018cd8203a8c: 0000 808c | 0100 0049 | 03f2 488b | 7670 488b | 3648 8b84 | 2480 0000 

  0x0000018cd8203aa4: ;   {metadata(method data for {method} {0x0000018ceae69028} 'close' '()V' in 'org/jetbrains/skia/impl/Managed')}
  0x0000018cd8203aa4: 0048 bf80 | 0bb2 eb8c | 0100 0048 | 8387 e801 

  0x0000018cd8203ab4: ;   {metadata(method data for {method} {0x0000018c80b32b00} 'append' '(Ljava/lang/Object;)Ljava/lang/StringBuilder;' in 'java/lang/StringBuilder')}
  0x0000018cd8203ab4: 0000 0148 | bf38 a30b | ea8c 0100 | 008b 9fcc | 0000 0083 | c302 899f | cc00 0000 | 81e3 feff 
  0x0000018cd8203ad4: 1f00 85db | 0f84 c20f 

  0x0000018cd8203adc: ;   {metadata(method data for {method} {0x0000018c80b32b00} 'append' '(Ljava/lang/Object;)Ljava/lang/StringBuilder;' in 'java/lang/StringBuilder')}
  0x0000018cd8203adc: 0000 48bf | 38a3 0bea | 8c01 0000 | 4883 8710 | 0100 0001 

  0x0000018cd8203af0: ;   {metadata(method data for {method} {0x0000018c80b24c70} 'valueOf' '(Ljava/lang/Object;)Ljava/lang/String;' in 'java/lang/String')}
  0x0000018cd8203af0: 48bf d8a4 | 0bea 8c01 | 0000 8b9f | cc00 0000 | 83c3 0289 | 9fcc 0000 | 0081 e3fe | ff1f 0085 
  0x0000018cd8203b10: db0f 84aa | 0f00 0048 

  0x0000018cd8203b18: ;   {metadata(method data for {method} {0x0000018c80b24c70} 'valueOf' '(Ljava/lang/Object;)Ljava/lang/String;' in 'java/lang/String')}
  0x0000018cd8203b18: 85f6 48bf | d8a4 0bea | 8c01 0000 | 48c7 c310 | 0100 0075 | 0748 c7c3 | 2001 0000 | 488b 041f 
  0x0000018cd8203b38: 488d 4001 | 4889 041f | 0f85 1f00 

  0x0000018cd8203b44: ;   {metadata(method data for {method} {0x0000018c80b24c70} 'valueOf' '(Ljava/lang/Object;)Ljava/lang/String;' in 'java/lang/String')}
  0x0000018cd8203b44: 0000 48be | d8a4 0bea | 8c01 0000 | ff86 3001 

  0x0000018cd8203b54: ;   {oop("null"{0x00000000f00e9ec0})}
  0x0000018cd8203b54: 0000 48be | c09e 0ef0 | 0000 0000 | e9a4 0b00 | 0048 3b06 

  0x0000018cd8203b68: ;   {metadata(method data for {method} {0x0000018c80b24c70} 'valueOf' '(Ljava/lang/Object;)Ljava/lang/String;' in 'java/lang/String')}
  0x0000018cd8203b68: 488b fe48 | bbd8 a40b | ea8c 0100 | 008b 7f08 | 49ba 0000 | 0080 8c01 | 0000 4903 | fa48 3bbb 
  0x0000018cd8203b88: 5801 0000 | 750d 4883 | 8360 0100 | 0001 e960 | 0000 0048 | 3bbb 6801 | 0000 750d | 4883 8370 
  0x0000018cd8203ba8: 0100 0001 | e94a 0000 | 0048 83bb | 5801 0000 | 0075 1748 | 89bb 5801 | 0000 48c7 | 8360 0100 
  0x0000018cd8203bc8: 0001 0000 | 00e9 2900 | 0000 4883 | bb68 0100 | 0000 7517 | 4889 bb68 | 0100 0048 | c783 7001 
  0x0000018cd8203be8: 0000 0100 | 0000 e908 | 0000 0048 | 8383 4801 | 0000 0148 | 8bd6 0f1f | 8000 0000 | 0048 b8ff 
  0x0000018cd8203c08: ffff ffff 

  0x0000018cd8203c0c: ;   {virtual_call}
  0x0000018cd8203c0c: ffff ffe8 

  0x0000018cd8203c10: ; ImmutableOopMap {[128]=Oop [136]=Oop [144]=Oop }
                      ;*invokevirtual toString {reexecute=0 rethrow=0 return_oop=0}
                      ; - java.lang.String::valueOf@11 (line 4454)
                      ; - java.lang.StringBuilder::append@2 (line 173)
                      ; - org.jetbrains.skia.impl.Managed::close@29 (line 16)
  0x0000018cd8203c10: 6cb1 b506 

  0x0000018cd8203c14: ;   {other}
  0x0000018cd8203c14: 0f1f 8400 | 0408 0002 | 488b f0e9 | e50a 0000 | 8b5a 0c48 | 899c 24a8 | 0000 0048 

  0x0000018cd8203c30: ;   {metadata(method data for {method} {0x0000018ceae69028} 'close' '()V' in 'org/jetbrains/skia/impl/Managed')}
  0x0000018cd8203c30: 85db 48be | 800b b2eb | 8c01 0000 | 48c7 c710 | 0300 0075 | 0748 c7c7 | 2003 0000 | 488b 043e 
  0x0000018cd8203c50: 488d 4001 | 4889 043e | 0f85 6603 | 0000 6690 

  0x0000018cd8203c60: ;   {no_reloc}
  0x0000018cd8203c60: e991 0e00 | 0000 0000 | 0000 498b | 87b8 0100 | 0048 8d78 | 2849 3bbf | c801 0000 | 0f87 7e0e 
  0x0000018cd8203c80: 0000 4989 | bfb8 0100 | 0048 c700 | 0100 0000 | 488b ca49 | ba00 0000 | 808c 0100 | 0049 2bca 
  0x0000018cd8203ca0: 8948 0848 | 33c9 8948 | 0c48 33c9 | 4889 4810 | 4889 4818 | 4889 4820 | 4889 8424 | a000 0000 
  0x0000018cd8203cc0: ;   {no_reloc}
  0x0000018cd8203cc0: e957 0e00 | 0000 0000 | 0000 498b | 87b8 0100 | 0048 8d78 | 1849 3bbf | c801 0000 | 0f87 440e 
  0x0000018cd8203ce0: 0000 4989 | bfb8 0100 | 0048 c700 | 0100 0000 | 488b ca49 | ba00 0000 | 808c 0100 | 0049 2bca 
  0x0000018cd8203d00: 8948 0848 | 33c9 8948 | 0c48 33c9 | 4889 4810 | 4889 8424 | 9800 0000 

  0x0000018cd8203d18: ;   {metadata(method data for {method} {0x0000018ceae69028} 'close' '()V' in 'org/jetbrains/skia/impl/Managed')}
  0x0000018cd8203d18: 4c8b c048 | ba80 0bb2 | eb8c 0100 | 0048 8382 | 3003 0000 

  0x0000018cd8203d2c: ;   {metadata(method data for {method} {0x0000018c80b32d30} '<init>' '()V' in 'java/lang/StringBuilder')}
  0x0000018cd8203d2c: 0149 b8e0 | c300 ea8c | 0100 0041 | 8b90 cc00 | 0000 83c2 | 0241 8990 | cc00 0000 | 81e2 feff 
  0x0000018cd8203d4c: 1f00 85d2 | 0f84 dd0d | 0000 4c8b 

  0x0000018cd8203d58: ;   {metadata(method data for {method} {0x0000018c80b32d30} '<init>' '()V' in 'java/lang/StringBuilder')}
  0x0000018cd8203d58: c048 bae0 | c300 ea8c | 0100 0048 | 8382 1001 | 0000 0141 | b810 0000 | 0048 8bd0 

  0x0000018cd8203d74: ;   {optimized virtual_call}
  0x0000018cd8203d74: 6666 90e8 

  0x0000018cd8203d78: ; ImmutableOopMap {[136]=Oop [152]=Oop [160]=Oop }
                      ;*invokespecial <init> {reexecute=0 rethrow=0 return_oop=0}
                      ; - java.lang.StringBuilder::<init>@3 (line 106)
                      ; - org.jetbrains.skia.impl.Managed::close@66 (line 18)
  0x0000018cd8203d78: 04ad b506 

  0x0000018cd8203d7c: ;   {other}
  0x0000018cd8203d7c: 0f1f 8400 | 6c09 0003 | 488b 8424 | 9800 0000 

  0x0000018cd8203d8c: ;   {metadata(method data for {method} {0x0000018ceae69028} 'close' '()V' in 'org/jetbrains/skia/impl/Managed')}
  0x0000018cd8203d8c: 49b8 800b | b2eb 8c01 | 0000 4983 | 8040 0300 

  0x0000018cd8203d9c: ;   {metadata(method data for {method} {0x0000018c80b32a90} 'append' '(Ljava/lang/String;)Ljava/lang/StringBuilder;' in 'java/lang/StringBuilder')}
  0x0000018cd8203d9c: 0001 49b8 | d0c6 00ea | 8c01 0000 | 418b 90cc | 0000 0083 | c202 4189 | 90cc 0000 | 0081 e2fe 
  0x0000018cd8203dbc: ff1f 0085 | d20f 848d | 0d00 0048 | 8b84 2498 

  0x0000018cd8203dcc: ;   {metadata(method data for {method} {0x0000018c80b32a90} 'append' '(Ljava/lang/String;)Ljava/lang/StringBuilder;' in 'java/lang/StringBuilder')}
  0x0000018cd8203dcc: 0000 0049 | b8d0 c600 | ea8c 0100 | 0049 8380 | 1001 0000 

  0x0000018cd8203de0: ;   {oop("Object is not managed in JVM, can't close(): "{0x00000000f0801228})}
  0x0000018cd8203de0: 0149 b828 | 1280 f000 | 0000 0048 | 8b94 2498 | 0000 000f 

  0x0000018cd8203df4: ;   {optimized virtual_call}
  0x0000018cd8203df4: 1f40 00e8 

  0x0000018cd8203df8: ; ImmutableOopMap {[136]=Oop [152]=Oop [160]=Oop }
                      ;*invokespecial append {reexecute=0 rethrow=0 return_oop=0}
                      ; - java.lang.StringBuilder::append@2 (line 179)
                      ; - org.jetbrains.skia.impl.Managed::close@71 (line 18)
  0x0000018cd8203df8: 84ac b506 

  0x0000018cd8203dfc: ;   {other}
  0x0000018cd8203dfc: 0f1f 8400 | ec09 0004 | 488b 9424 | 8800 0000 

  0x0000018cd8203e0c: ;   {metadata(method data for {method} {0x0000018ceae69028} 'close' '()V' in 'org/jetbrains/skia/impl/Managed')}
  0x0000018cd8203e0c: 48be 800b | b2eb 8c01 | 0000 4883 | 8678 0300 | 0001 488b | 9424 8800 | 0000 8b72 | 0849 ba00 
  0x0000018cd8203e2c: 0000 808c | 0100 0049 | 03f2 488b | 7670 488b | 3648 8b84 | 2498 0000 

  0x0000018cd8203e44: ;   {metadata(method data for {method} {0x0000018ceae69028} 'close' '()V' in 'org/jetbrains/skia/impl/Managed')}
  0x0000018cd8203e44: 0048 bf80 | 0bb2 eb8c | 0100 0048 | 8387 b003 

  0x0000018cd8203e54: ;   {metadata(method data for {method} {0x0000018c80b32b00} 'append' '(Ljava/lang/Object;)Ljava/lang/StringBuilder;' in 'java/lang/StringBuilder')}
  0x0000018cd8203e54: 0000 0148 | bf38 a30b | ea8c 0100 | 008b 9fcc | 0000 0083 | c302 899f | cc00 0000 | 81e3 feff 
  0x0000018cd8203e74: 1f00 85db | 0f84 f70c 

  0x0000018cd8203e7c: ;   {metadata(method data for {method} {0x0000018c80b32b00} 'append' '(Ljava/lang/Object;)Ljava/lang/StringBuilder;' in 'java/lang/StringBuilder')}
  0x0000018cd8203e7c: 0000 48bf | 38a3 0bea | 8c01 0000 | 4883 8710 | 0100 0001 

  0x0000018cd8203e90: ;   {metadata(method data for {method} {0x0000018c80b24c70} 'valueOf' '(Ljava/lang/Object;)Ljava/lang/String;' in 'java/lang/String')}
  0x0000018cd8203e90: 48bf d8a4 | 0bea 8c01 | 0000 8b9f | cc00 0000 | 83c3 0289 | 9fcc 0000 | 0081 e3fe | ff1f 0085 
  0x0000018cd8203eb0: db0f 84df | 0c00 0048 

  0x0000018cd8203eb8: ;   {metadata(method data for {method} {0x0000018c80b24c70} 'valueOf' '(Ljava/lang/Object;)Ljava/lang/String;' in 'java/lang/String')}
  0x0000018cd8203eb8: 85f6 48bf | d8a4 0bea | 8c01 0000 | 48c7 c310 | 0100 0075 | 0748 c7c3 | 2001 0000 | 488b 041f 
  0x0000018cd8203ed8: 488d 4001 | 4889 041f | 0f85 1f00 

  0x0000018cd8203ee4: ;   {metadata(method data for {method} {0x0000018c80b24c70} 'valueOf' '(Ljava/lang/Object;)Ljava/lang/String;' in 'java/lang/String')}
  0x0000018cd8203ee4: 0000 48be | d8a4 0bea | 8c01 0000 | ff86 3001 

  0x0000018cd8203ef4: ;   {oop("null"{0x00000000f00e9ec0})}
  0x0000018cd8203ef4: 0000 48be | c09e 0ef0 | 0000 0000 | e91f 0500 | 0048 3b06 

  0x0000018cd8203f08: ;   {metadata(method data for {method} {0x0000018c80b24c70} 'valueOf' '(Ljava/lang/Object;)Ljava/lang/String;' in 'java/lang/String')}
  0x0000018cd8203f08: 488b fe48 | bbd8 a40b | ea8c 0100 | 008b 7f08 | 49ba 0000 | 0080 8c01 | 0000 4903 | fa48 3bbb 
  0x0000018cd8203f28: 5801 0000 | 750d 4883 | 8360 0100 | 0001 e960 | 0000 0048 | 3bbb 6801 | 0000 750d | 4883 8370 
  0x0000018cd8203f48: 0100 0001 | e94a 0000 | 0048 83bb | 5801 0000 | 0075 1748 | 89bb 5801 | 0000 48c7 | 8360 0100 
  0x0000018cd8203f68: 0001 0000 | 00e9 2900 | 0000 4883 | bb68 0100 | 0000 7517 | 4889 bb68 | 0100 0048 | c783 7001 
  0x0000018cd8203f88: 0000 0100 | 0000 e908 | 0000 0048 | 8383 4801 | 0000 0148 | 8bd6 0f1f | 8000 0000 | 0048 b8ff 
  0x0000018cd8203fa8: ffff ffff 

  0x0000018cd8203fac: ;   {virtual_call}
  0x0000018cd8203fac: ffff ffe8 

  0x0000018cd8203fb0: ; ImmutableOopMap {[136]=Oop [152]=Oop [160]=Oop }
                      ;*invokevirtual toString {reexecute=0 rethrow=0 return_oop=0}
                      ; - java.lang.String::valueOf@11 (line 4454)
                      ; - java.lang.StringBuilder::append@2 (line 173)
                      ; - org.jetbrains.skia.impl.Managed::close@78 (line 18)
  0x0000018cd8203fb0: ccad b506 

  0x0000018cd8203fb4: ;   {other}
  0x0000018cd8203fb4: 0f1f 8400 | a40b 0005 | 488b f0e9 | 6004 0000 

  0x0000018cd8203fc4: ;   {metadata(method data for {method} {0x0000018ceae69028} 'close' '()V' in 'org/jetbrains/skia/impl/Managed')}
  0x0000018cd8203fc4: 48ba 800b | b2eb 8c01 | 0000 4883 | 82d8 0400 

  0x0000018cd8203fd4: ;   {metadata(method data for {method} {0x0000018cea40d398} 'checkNotNull' '(Ljava/lang/Object;)V' in 'kotlin/jvm/internal/Intrinsics')}
  0x0000018cd8203fd4: 0001 48ba | 7011 74ea | 8c01 0000 | 8bb2 cc00 | 0000 83c6 | 0289 b2cc | 0000 0081 | e6fe ff1f 
  0x0000018cd8203ff4: 0085 f60f | 84bf 0b00 | 0048 85db 

  0x0000018cd8204000: ;   {metadata(method data for {method} {0x0000018cea40d398} 'checkNotNull' '(Ljava/lang/Object;)V' in 'kotlin/jvm/internal/Intrinsics')}
  0x0000018cd8204000: 48ba 7011 | 74ea 8c01 | 0000 48c7 | c610 0100 | 0075 0748 | c7c6 2001 | 0000 488b | 3c32 488d 
  0x0000018cd8204020: 7f01 4889 | 3c32 0f85 | d001 0000 

  0x0000018cd820402c: ;   {metadata(method data for {method} {0x0000018cea40d398} 'checkNotNull' '(Ljava/lang/Object;)V' in 'kotlin/jvm/internal/Intrinsics')}
  0x0000018cd820402c: 48ba 7011 | 74ea 8c01 | 0000 4883 | 8230 0100 

  0x0000018cd820403c: ;   {metadata(method data for {method} {0x0000018cea40d6e0} 'throwJavaNpe' '()V' in 'kotlin/jvm/internal/Intrinsics')}
  0x0000018cd820403c: 0001 48ba | f012 74ea | 8c01 0000 | 8bb2 cc00 | 0000 83c6 | 0289 b2cc | 0000 0081 | e6fe ff1f 
  0x0000018cd820405c: 0085 f60f | 8478 0b00 | 0066 6690 

  0x0000018cd8204068: ;   {no_reloc}
  0x0000018cd8204068: e9a0 0b00 | 0000 0000 | 0000 498b | 87b8 0100 | 0048 8d78 | 3049 3bbf | c801 0000 | 0f87 8d0b 
  0x0000018cd8204088: 0000 4989 | bfb8 0100 | 0048 c700 | 0100 0000 | 488b ca49 | ba00 0000 | 808c 0100 | 0049 2bca 
  0x0000018cd82040a8: 8948 0848 | 33c9 8948 | 0c48 33c9 | 4889 4810 | 4889 4818 | 4889 4820 | 4889 4828 

  0x0000018cd82040c4: ;   {metadata(method data for {method} {0x0000018cea40d6e0} 'throwJavaNpe' '()V' in 'kotlin/jvm/internal/Intrinsics')}
  0x0000018cd82040c4: 488b d048 | bef0 1274 | ea8c 0100 | 0048 8386 | 1001 0000 | 0148 8bd0 | 4889 8424 | b000 0000 
  0x0000018cd82040e4: ;   {optimized virtual_call}
  0x0000018cd82040e4: 6666 90e8 

  0x0000018cd82040e8: ; ImmutableOopMap {[136]=Oop [168]=Oop [176]=Oop }
                      ;*invokespecial <init> {reexecute=0 rethrow=0 return_oop=0}
                      ; - kotlin.jvm.internal.Intrinsics::throwJavaNpe@4 (line 45)
                      ; - kotlin.jvm.internal.Intrinsics::checkNotNull@4 (line 25)
                      ; - org.jetbrains.skia.impl.Managed::close@105 (line 20)
  0x0000018cd82040e8: 94a9 b506 

  0x0000018cd82040ec: ;   {other}
  0x0000018cd82040ec: 0f1f 8400 | dc0c 0006 

  0x0000018cd82040f4: ;   {metadata(method data for {method} {0x0000018cea40d6e0} 'throwJavaNpe' '()V' in 'kotlin/jvm/internal/Intrinsics')}
  0x0000018cd82040f4: 48ba f012 | 74ea 8c01 | 0000 4883 | 8220 0100 

  0x0000018cd8204104: ;   {metadata(method data for {method} {0x0000018cea40f9c8} 'sanitizeStackTrace' '(Ljava/lang/Throwable;)Ljava/lang/Throwable;' in 'kotlin/jvm/internal/Intrinsics')}
  0x0000018cd8204104: 0001 48ba | 18ed 5aea | 8c01 0000 | 8bb2 cc00 | 0000 83c6 | 0289 b2cc | 0000 0081 | e6fe ff1f 
  0x0000018cd8204124: 0085 f60f | 84f7 0a00 

  0x0000018cd820412c: ;   {oop(a 'java/lang/Class'{0x00000000f0382c60} = 'kotlin/jvm/internal/Intrinsics')}
  0x0000018cd820412c: 0048 ba60 | 2c38 f000 | 0000 0048 

  0x0000018cd8204138: ;   {metadata(method data for {method} {0x0000018cea40f9c8} 'sanitizeStackTrace' '(Ljava/lang/Throwable;)Ljava/lang/Throwable;' in 'kotlin/jvm/internal/Intrinsics')}
  0x0000018cd8204138: 8bf2 48bf | 18ed 5aea | 8c01 0000 | 4883 8710 | 0100 0001 

  0x0000018cd820414c: ;   {metadata(method data for {method} {0x0000018c80b3c1d8} 'getName' '()Ljava/lang/String;' in 'java/lang/Class')}
  0x0000018cd820414c: 48be c0e4 | 04ea 8c01 | 0000 8bbe | cc00 0000 | 83c7 0289 | becc 0000 | 0081 e7fe | ff1f 0085 
  0x0000018cd820416c: ff0f 84d2 | 0a00 008b | 522c 4885 

  0x0000018cd8204178: ;   {metadata(method data for {method} {0x0000018c80b3c1d8} 'getName' '()Ljava/lang/String;' in 'java/lang/Class')}
  0x0000018cd8204178: d248 bec0 | e404 ea8c | 0100 0048 | c7c7 1001 | 0000 7407 | 48c7 c720 | 0100 0048 | 8b1c 3e48 
  0x0000018cd8204198: 8d5b 0148 | 891c 3e0f | 8418 0000 

  0x0000018cd82041a4: ;   {metadata(method data for {method} {0x0000018c80b3c1d8} 'getName' '()Ljava/lang/String;' in 'java/lang/Class')}
  0x0000018cd82041a4: 0048 bec0 | e404 ea8c | 0100 00ff | 8630 0100 | 0048 8bf2 | e932 0000 

  0x0000018cd82041bc: ;   {oop(a 'java/lang/Class'{0x00000000f0382c60} = 'kotlin/jvm/internal/Intrinsics')}
  0x0000018cd82041bc: 0048 ba60 | 2c38 f000 | 0000 0048 

  0x0000018cd82041c8: ;   {metadata(method data for {method} {0x0000018c80b3c1d8} 'getName' '()Ljava/lang/String;' in 'java/lang/Class')}
  0x0000018cd82041c8: 8bf2 48bf | c0e4 04ea | 8c01 0000 | 4883 8748 | 0100 0001 

  0x0000018cd82041dc: ;   {optimized virtual_call}
  0x0000018cd82041dc: 6666 90e8 

  0x0000018cd82041e0: ; ImmutableOopMap {[136]=Oop [168]=Oop [176]=Oop }
                      ;*invokevirtual initClassName {reexecute=0 rethrow=0 return_oop=0}
                      ; - java.lang.Class::getName@14 (line 950)
                      ; - kotlin.jvm.internal.Intrinsics::sanitizeStackTrace@3 (line 253)
                      ; - kotlin.jvm.internal.Intrinsics::throwJavaNpe@7 (line 45)
                      ; - kotlin.jvm.internal.Intrinsics::checkNotNull@4 (line 25)
                      ; - org.jetbrains.skia.impl.Managed::close@105 (line 20)
  0x0000018cd82041e0: 9ca8 b506 

  0x0000018cd82041e4: ;   {other}
  0x0000018cd82041e4: 0f1f 8400 | d40d 0007 | 488b f048 | 8b84 24b0 | 0000 00e9 | 0901 0000 

  0x0000018cd82041fc: ; implicit exception: dispatches to 0x0000018cd8204c6b
  0x0000018cd82041fc: 483b 0348 

  0x0000018cd8204200: ;   {metadata(method data for {method} {0x0000018ceae69028} 'close' '()V' in 'org/jetbrains/skia/impl/Managed')}
  0x0000018cd8204200: 8bf3 48bf | 800b b2eb | 8c01 0000 | 8b76 0849 | ba00 0000 | 808c 0100 | 0049 03f2 | 483b b7f8 
  0x0000018cd8204220: 0400 0075 | 0d48 8387 | 0005 0000 | 01e9 6000 | 0000 483b | b708 0500 | 0075 0d48 | 8387 1005 
  0x0000018cd8204240: 0000 01e9 | 4a00 0000 | 4883 bff8 | 0400 0000 | 7517 4889 | b7f8 0400 | 0048 c787 | 0005 0000 
  0x0000018cd8204260: 0100 0000 | e929 0000 | 0048 83bf | 0805 0000 | 0075 1748 | 89b7 0805 | 0000 48c7 | 8710 0500 
  0x0000018cd8204280: 0001 0000 | 00e9 0800 | 0000 4883 | 87e8 0400 | 0001 488b | d348 b8c0 | 4e20 828c 

  0x0000018cd820429c: ;   {virtual_call}
  0x0000018cd820429c: 0100 00e8 

  0x0000018cd82042a0: ; ImmutableOopMap {[136]=Oop }
                      ;*invokeinterface clean {reexecute=0 rethrow=0 return_oop=0}
                      ; - org.jetbrains.skia.impl.Managed::close@108 (line 20)
  0x0000018cd82042a0: 9c90 3d07 

  0x0000018cd82042a4: ;   {other}
  0x0000018cd82042a4: 0f1f 8400 | 940e 0008 | 410f be57 | 4085 d248 | 8b94 2488 | 0000 000f | 85af 0900 | 00c7 420c 
  0x0000018cd82042c4: 0000 0000 

  0x0000018cd82042c8: ;   {metadata(method data for {method} {0x0000018ceae69028} 'close' '()V' in 'org/jetbrains/skia/impl/Managed')}
  0x0000018cd82042c8: 4c8b c248 | be80 0bb2 | eb8c 0100 | 0048 8386 | 2005 0000 | 0149 c7c0 | 0000 0000 | 49c7 c200 
  0x0000018cd82042e8: 0000 004c | 8952 1048 | 81c4 d000 

  0x0000018cd82042f4: ;   {poll_return}
  0x0000018cd82042f4: 0000 5d49 | 3ba7 5004 | 0000 0f87 | 8809 0000 

  0x0000018cd8204304: ;   {metadata(method data for {method} {0x0000018cea40f9c8} 'sanitizeStackTrace' '(Ljava/lang/Throwable;)Ljava/lang/Throwable;' in 'kotlin/jvm/internal/Intrinsics')}
  0x0000018cd8204304: c349 b818 | ed5a ea8c | 0100 0049 | 8380 4801 | 0000 0148 | 8bd0 4c8b 

  0x0000018cd820431c: ;   {static_call}
  0x0000018cd820431c: c666 90e8 

  0x0000018cd8204320: ; ImmutableOopMap {[136]=Oop [168]=Oop }
                      ;*invokestatic sanitizeStackTrace {reexecute=0 rethrow=0 return_oop=0}
                      ; - kotlin.jvm.internal.Intrinsics::sanitizeStackTrace@6 (line 253)
                      ; - kotlin.jvm.internal.Intrinsics::throwJavaNpe@7 (line 45)
                      ; - kotlin.jvm.internal.Intrinsics::checkNotNull@4 (line 25)
                      ; - org.jetbrains.skia.impl.Managed::close@105 (line 20)
  0x0000018cd8204320: 5cad b506 

  0x0000018cd8204324: ;   {other}
  0x0000018cd8204324: 0f1f 8400 | 140f 0009 | 488b 9c24 | a800 0000 | 4885 c075 

  0x0000018cd8204338: ;   {metadata(method data for {method} {0x0000018cea40d6e0} 'throwJavaNpe' '()V' in 'kotlin/jvm/internal/Intrinsics')}
  0x0000018cd8204338: 1648 baf0 | 1274 ea8c | 0100 0080 | 8a29 0100 | 0001 e9cd 

  0x0000018cd820434c: ;   {metadata('java/lang/NullPointerException')}
  0x0000018cd820434c: 0000 0048 | bec0 3d08 | 808c 0100 | 008b 5008 | 49ba 0000 | 0080 8c01 | 0000 4903 | d248 3b72 
  0x0000018cd820436c: 500f 858d 

  0x0000018cd8204370: ;   {metadata(method data for {method} {0x0000018cea40d6e0} 'throwJavaNpe' '()V' in 'kotlin/jvm/internal/Intrinsics')}
  0x0000018cd8204370: 0000 0048 | baf0 1274 | ea8c 0100 | 008b 7008 | 49ba 0000 | 0080 8c01 | 0000 4903 | f248 3bb2 
  0x0000018cd8204390: 4001 0000 | 750d 4883 | 8248 0100 | 0001 e979 | 0000 0048 | 3bb2 5001 | 0000 750d | 4883 8258 
  0x0000018cd82043b0: 0100 0001 | e963 0000 | 0048 83ba | 4001 0000 | 0075 1748 | 89b2 4001 | 0000 48c7 | 8248 0100 
  0x0000018cd82043d0: 0001 0000 | 00e9 4200 | 0000 4883 | ba50 0100 | 0000 7517 | 4889 b250 | 0100 0048 | c782 5801 
  0x0000018cd82043f0: 0000 0100 | 0000 e921 | 0000 00e9 | 1c00 0000 

  0x0000018cd8204400: ;   {metadata(method data for {method} {0x0000018cea40d6e0} 'throwJavaNpe' '()V' in 'kotlin/jvm/internal/Intrinsics')}
  0x0000018cd8204400: 48ba f012 | 74ea 8c01 | 0000 4883 | aa30 0100 | 0001 e98b | 0800 00e9 | 0000 0000 

  0x0000018cd820441c: ; implicit exception: dispatches to 0x0000018cd8204cab
  0x0000018cd820441c: 483b 00e9 | 0d0a 0000 | 488b 8424 | 9800 0000 

  0x0000018cd820442c: ;   {metadata(method data for {method} {0x0000018c80b32b00} 'append' '(Ljava/lang/Object;)Ljava/lang/StringBuilder;' in 'java/lang/StringBuilder')}
  0x0000018cd820442c: 49b8 38a3 | 0bea 8c01 | 0000 4983 | 8020 0100 

  0x0000018cd820443c: ;   {metadata(method data for {method} {0x0000018c80b32a90} 'append' '(Ljava/lang/String;)Ljava/lang/StringBuilder;' in 'java/lang/StringBuilder')}
  0x0000018cd820443c: 0001 49b8 | d0c6 00ea | 8c01 0000 | 418b 90cc | 0000 0083 | c202 4189 | 90cc 0000 | 0081 e2fe 
  0x0000018cd820445c: ff1f 0085 | d20f 8449 | 0800 0048 | 8b84 2498 

  0x0000018cd820446c: ;   {metadata(method data for {method} {0x0000018c80b32a90} 'append' '(Ljava/lang/String;)Ljava/lang/StringBuilder;' in 'java/lang/StringBuilder')}
  0x0000018cd820446c: 0000 0049 | b8d0 c600 | ea8c 0100 | 0049 8380 | 1001 0000 | 014c 8bc6 | 488b 9424 | 9800 0000 
  0x0000018cd820448c: ;   {optimized virtual_call}
  0x0000018cd820448c: 6666 90e8 

  0x0000018cd8204490: ; ImmutableOopMap {[136]=Oop [152]=Oop [160]=Oop }
                      ;*invokespecial append {reexecute=0 rethrow=0 return_oop=0}
                      ; - java.lang.StringBuilder::append@2 (line 179)
                      ; - java.lang.StringBuilder::append@5 (line 173)
                      ; - org.jetbrains.skia.impl.Managed::close@78 (line 18)
  0x0000018cd8204490: eca5 b506 

  0x0000018cd8204494: ;   {other}
  0x0000018cd8204494: 0f1f 8400 | 8410 000a | 488b 8424 | 9800 0000 

  0x0000018cd82044a4: ;   {metadata(method data for {method} {0x0000018ceae69028} 'close' '()V' in 'org/jetbrains/skia/impl/Managed')}
  0x0000018cd82044a4: 4c8b c048 | bf80 0bb2 | eb8c 0100 | 0048 8387 | e803 0000 

  0x0000018cd82044b8: ;   {metadata(method data for {method} {0x0000018c80b32a90} 'append' '(Ljava/lang/String;)Ljava/lang/StringBuilder;' in 'java/lang/StringBuilder')}
  0x0000018cd82044b8: 0149 b8d0 | c600 ea8c | 0100 0041 | 8bb8 cc00 | 0000 83c7 | 0241 89b8 | cc00 0000 | 81e7 feff 
  0x0000018cd82044d8: 1f00 85ff | 0f84 ef07 | 0000 4c8b 

  0x0000018cd82044e4: ;   {metadata(method data for {method} {0x0000018c80b32a90} 'append' '(Ljava/lang/String;)Ljava/lang/StringBuilder;' in 'java/lang/StringBuilder')}
  0x0000018cd82044e4: c048 bfd0 | c600 ea8c | 0100 0048 | 8387 1001 

  0x0000018cd82044f4: ;   {oop(", _ptr="{0x00000000f0801240})}
  0x0000018cd82044f4: 0000 0149 | b840 1280 | f000 0000 | 0048 8bd0 

  0x0000018cd8204504: ;   {optimized virtual_call}
  0x0000018cd8204504: 6666 90e8 

  0x0000018cd8204508: ; ImmutableOopMap {[136]=Oop [152]=Oop [160]=Oop }
                      ;*invokespecial append {reexecute=0 rethrow=0 return_oop=0}
                      ; - java.lang.StringBuilder::append@2 (line 179)
                      ; - org.jetbrains.skia.impl.Managed::close@83 (line 18)
  0x0000018cd8204508: 74a5 b506 

  0x0000018cd820450c: ;   {other}
  0x0000018cd820450c: 0f1f 8400 | fc10 000b | 488b 9424 | 8800 0000 

  0x0000018cd820451c: ;   {metadata(method data for {method} {0x0000018ceae69028} 'close' '()V' in 'org/jetbrains/skia/impl/Managed')}
  0x0000018cd820451c: 49b8 800b | b2eb 8c01 | 0000 4983 | 8020 0400 | 0001 488b | 9424 8800 | 0000 4c8b | 4210 488b 
  0x0000018cd820453c: 8424 9800 

  0x0000018cd8204540: ;   {metadata(method data for {method} {0x0000018ceae69028} 'close' '()V' in 'org/jetbrains/skia/impl/Managed')}
  0x0000018cd8204540: 0000 48ba | 800b b2eb | 8c01 0000 | 4883 8258 | 0400 0001 

  0x0000018cd8204554: ;   {metadata(method data for {method} {0x0000018c80b329b0} 'append' '(J)Ljava/lang/StringBuilder;' in 'java/lang/StringBuilder')}
  0x0000018cd8204554: 48ba 68bc | 9ceb 8c01 | 0000 8bb2 | cc00 0000 | 83c6 0289 | b2cc 0000 | 0081 e6fe | ff1f 0085 
  0x0000018cd8204574: f60f 8477 | 0700 0048 | 8b84 2498 

  0x0000018cd8204580: ;   {metadata(method data for {method} {0x0000018c80b329b0} 'append' '(J)Ljava/lang/StringBuilder;' in 'java/lang/StringBuilder')}
  0x0000018cd8204580: 0000 0048 | ba68 bc9c | eb8c 0100 | 0048 8382 | 1001 0000 | 0148 8b94 | 2498 0000 

  0x0000018cd820459c: ;   {optimized virtual_call}
  0x0000018cd820459c: 0066 90e8 

  0x0000018cd82045a0: ; ImmutableOopMap {[152]=Oop [160]=Oop }
                      ;*invokespecial append {reexecute=0 rethrow=0 return_oop=0}
                      ; - java.lang.StringBuilder::append@2 (line 259)
                      ; - org.jetbrains.skia.impl.Managed::close@90 (line 18)
  0x0000018cd82045a0: dca4 b506 

  0x0000018cd82045a4: ;   {other}
  0x0000018cd82045a4: 0f1f 8400 | 9411 000c | 488b 8424 | 9800 0000 

  0x0000018cd82045b4: ;   {metadata(method data for {method} {0x0000018ceae69028} 'close' '()V' in 'org/jetbrains/skia/impl/Managed')}
  0x0000018cd82045b4: 48ba 800b | b2eb 8c01 | 0000 4883 | 8290 0400 

  0x0000018cd82045c4: ;   {metadata(method data for {method} {0x0000018c800098c0} 'toString' '()Ljava/lang/String;' in 'java/lang/StringBuilder')}
  0x0000018cd82045c4: 0001 48ba | f8cd 00ea | 8c01 0000 | 8bb2 cc00 | 0000 83c6 | 0289 b2cc | 0000 0081 | e6fe ff1f 
  0x0000018cd82045e4: 0085 f60f | 8426 0700 

  0x0000018cd82045ec: ;   {metadata('java/lang/String')}
  0x0000018cd82045ec: 0048 ba10 | 0a01 808c | 0100 0049 | 8b87 b801 | 0000 488d | 7818 493b | bfc8 0100 | 000f 8725 
  0x0000018cd820460c: 0700 0049 | 89bf b801 | 0000 48c7 | 0001 0000 | 0048 8bca | 49ba 0000 | 0080 8c01 | 0000 492b 
  0x0000018cd820462c: ca89 4808 | 4833 c989 | 480c 4833 | c948 8948 | 104c 8bc0 

  0x0000018cd8204640: ;   {metadata(method data for {method} {0x0000018c800098c0} 'toString' '()Ljava/lang/String;' in 'java/lang/StringBuilder')}
  0x0000018cd8204640: 49b9 f8cd | 00ea 8c01 | 0000 4983 | 8110 0100 

  0x0000018cd8204650: ;   {metadata(method data for {method} {0x0000018c80b25ae0} '<init>' '(Ljava/lang/StringBuilder;)V' in 'java/lang/String')}
  0x0000018cd8204650: 0001 49b8 | 40cf 00ea | 8c01 0000 | 458b 88cc | 0000 0041 | 83c1 0245 | 8988 cc00 | 0000 4181 
  0x0000018cd8204670: e1fe ff1f | 0045 85c9 | 0f84 c306 | 0000 4c8b 

  0x0000018cd8204680: ;   {metadata(method data for {method} {0x0000018c80b25ae0} '<init>' '(Ljava/lang/StringBuilder;)V' in 'java/lang/String')}
  0x0000018cd8204680: c049 b940 | cf00 ea8c | 0100 0049 | 8381 1001 | 0000 014c | 8b84 2498 

  0x0000018cd8204698: ;   {oop(nullptr)}
  0x0000018cd8204698: 0000 0049 | b900 0000 | 0000 0000 | 0048 8bd0 | 4889 8424 | b800 0000 | 0f1f 8000 

  0x0000018cd82046b4: ;   {optimized virtual_call}
  0x0000018cd82046b4: 0000 00e8 

  0x0000018cd82046b8: ; ImmutableOopMap {[160]=Oop [184]=Oop }
                      ;*invokespecial <init> {reexecute=0 rethrow=0 return_oop=0}
                      ; - java.lang.String::<init>@3 (line 1496)
                      ; - java.lang.StringBuilder::toString@5 (line 475)
                      ; - org.jetbrains.skia.impl.Managed::close@93 (line 18)
  0x0000018cd82046b8: c4a3 b506 

  0x0000018cd82046bc: ;   {other}
  0x0000018cd82046bc: 0f1f 8400 | ac12 000d | 488b 8424 | a000 0000 

  0x0000018cd82046cc: ;   {metadata(method data for {method} {0x0000018ceae69028} 'close' '()V' in 'org/jetbrains/skia/impl/Managed')}
  0x0000018cd82046cc: 49b8 800b | b2eb 8c01 | 0000 4983 | 80c8 0400 | 0001 4c8b | 8424 b800 | 0000 488b | 9424 a000 
  0x0000018cd82046ec: ;   {optimized virtual_call}
  0x0000018cd82046ec: 0000 90e8 

  0x0000018cd82046f0: ; ImmutableOopMap {[160]=Oop }
                      ;*invokespecial <init> {reexecute=0 rethrow=0 return_oop=0}
                      ; - org.jetbrains.skia.impl.Managed::close@96 (line 18)
  0x0000018cd82046f0: 8ca3 b506 

  0x0000018cd82046f4: ;   {other}
  0x0000018cd82046f4: 0f1f 8400 | e412 000e | 488b 8424 | a000 0000 | e928 0700 | 0048 8b84 | 2480 0000 

  0x0000018cd8204710: ;   {metadata(method data for {method} {0x0000018c80b32b00} 'append' '(Ljava/lang/Object;)Ljava/lang/StringBuilder;' in 'java/lang/StringBuilder')}
  0x0000018cd8204710: 0049 b838 | a30b ea8c | 0100 0049 | 8380 2001 

  0x0000018cd8204720: ;   {metadata(method data for {method} {0x0000018c80b32a90} 'append' '(Ljava/lang/String;)Ljava/lang/StringBuilder;' in 'java/lang/StringBuilder')}
  0x0000018cd8204720: 0000 0149 | b8d0 c600 | ea8c 0100 | 0041 8bb8 | cc00 0000 | 83c7 0241 | 89b8 cc00 | 0000 81e7 
  0x0000018cd8204740: feff 1f00 | 85ff 0f84 | 1606 0000 | 488b 8424 | 8000 0000 

  0x0000018cd8204754: ;   {metadata(method data for {method} {0x0000018c80b32a90} 'append' '(Ljava/lang/String;)Ljava/lang/StringBuilder;' in 'java/lang/StringBuilder')}
  0x0000018cd8204754: 49b8 d0c6 | 00ea 8c01 | 0000 4983 | 8010 0100 | 0001 4c8b | c648 8b94 | 2480 0000 | 0066 0f1f 
  0x0000018cd8204774: ;   {optimized virtual_call}
  0x0000018cd8204774: 4400 00e8 

  0x0000018cd8204778: ; ImmutableOopMap {[128]=Oop [136]=Oop [144]=Oop }
                      ;*invokespecial append {reexecute=0 rethrow=0 return_oop=0}
                      ; - java.lang.StringBuilder::append@2 (line 179)
                      ; - java.lang.StringBuilder::append@5 (line 173)
                      ; - org.jetbrains.skia.impl.Managed::close@29 (line 16)
  0x0000018cd8204778: 04a3 b506 

  0x0000018cd820477c: ;   {other}
  0x0000018cd820477c: 0f1f 8400 | 6c13 000f | 488b 8424 | 8000 0000 

  0x0000018cd820478c: ;   {metadata(method data for {method} {0x0000018ceae69028} 'close' '()V' in 'org/jetbrains/skia/impl/Managed')}
  0x0000018cd820478c: 4c8b c048 | bf80 0bb2 | eb8c 0100 | 0048 8387 | 2002 0000 

  0x0000018cd82047a0: ;   {metadata(method data for {method} {0x0000018c80b32a90} 'append' '(Ljava/lang/String;)Ljava/lang/StringBuilder;' in 'java/lang/StringBuilder')}
  0x0000018cd82047a0: 0149 b8d0 | c600 ea8c | 0100 0041 | 8bb8 cc00 | 0000 83c7 | 0241 89b8 | cc00 0000 | 81e7 feff 
  0x0000018cd82047c0: 1f00 85ff | 0f84 b905 | 0000 4c8b 

  0x0000018cd82047cc: ;   {metadata(method data for {method} {0x0000018c80b32a90} 'append' '(Ljava/lang/String;)Ljava/lang/StringBuilder;' in 'java/lang/StringBuilder')}
  0x0000018cd82047cc: c048 bfd0 | c600 ea8c | 0100 0048 | 8387 1001 

  0x0000018cd82047dc: ;   {oop(", _ptr="{0x00000000f0801240})}
  0x0000018cd82047dc: 0000 0149 | b840 1280 | f000 0000 | 0048 8bd0 

  0x0000018cd82047ec: ;   {optimized virtual_call}
  0x0000018cd82047ec: 6666 90e8 

  0x0000018cd82047f0: ; ImmutableOopMap {[128]=Oop [136]=Oop [144]=Oop }
                      ;*invokespecial append {reexecute=0 rethrow=0 return_oop=0}
                      ; - java.lang.StringBuilder::append@2 (line 179)
                      ; - org.jetbrains.skia.impl.Managed::close@34 (line 16)
  0x0000018cd82047f0: 8ca2 b506 

  0x0000018cd82047f4: ;   {other}
  0x0000018cd82047f4: 0f1f 8400 | e413 0010 | 488b 9424 | 8800 0000 

  0x0000018cd8204804: ;   {metadata(method data for {method} {0x0000018ceae69028} 'close' '()V' in 'org/jetbrains/skia/impl/Managed')}
  0x0000018cd8204804: 49b8 800b | b2eb 8c01 | 0000 4983 | 8058 0200 | 0001 488b | 9424 8800 | 0000 4c8b | 4210 488b 
  0x0000018cd8204824: 8424 8000 

  0x0000018cd8204828: ;   {metadata(method data for {method} {0x0000018ceae69028} 'close' '()V' in 'org/jetbrains/skia/impl/Managed')}
  0x0000018cd8204828: 0000 48ba | 800b b2eb | 8c01 0000 | 4883 8290 | 0200 0001 

  0x0000018cd820483c: ;   {metadata(method data for {method} {0x0000018c80b329b0} 'append' '(J)Ljava/lang/StringBuilder;' in 'java/lang/StringBuilder')}
  0x0000018cd820483c: 48ba 68bc | 9ceb 8c01 | 0000 8bb2 | cc00 0000 | 83c6 0289 | b2cc 0000 | 0081 e6fe | ff1f 0085 
  0x0000018cd820485c: f60f 8441 | 0500 0048 | 8b84 2480 

  0x0000018cd8204868: ;   {metadata(method data for {method} {0x0000018c80b329b0} 'append' '(J)Ljava/lang/StringBuilder;' in 'java/lang/StringBuilder')}
  0x0000018cd8204868: 0000 0048 | ba68 bc9c | eb8c 0100 | 0048 8382 | 1001 0000 | 0148 8b94 | 2480 0000 

  0x0000018cd8204884: ;   {optimized virtual_call}
  0x0000018cd8204884: 0066 90e8 

  0x0000018cd8204888: ; ImmutableOopMap {[128]=Oop [144]=Oop }
                      ;*invokespecial append {reexecute=0 rethrow=0 return_oop=0}
                      ; - java.lang.StringBuilder::append@2 (line 259)
                      ; - org.jetbrains.skia.impl.Managed::close@41 (line 16)
  0x0000018cd8204888: f4a1 b506 

  0x0000018cd820488c: ;   {other}
  0x0000018cd820488c: 0f1f 8400 | 7c14 0011 | 488b 8424 | 8000 0000 

  0x0000018cd820489c: ;   {metadata(method data for {method} {0x0000018ceae69028} 'close' '()V' in 'org/jetbrains/skia/impl/Managed')}
  0x0000018cd820489c: 48ba 800b | b2eb 8c01 | 0000 4883 | 82c8 0200 

  0x0000018cd82048ac: ;   {metadata(method data for {method} {0x0000018c800098c0} 'toString' '()Ljava/lang/String;' in 'java/lang/StringBuilder')}
  0x0000018cd82048ac: 0001 48ba | f8cd 00ea | 8c01 0000 | 8bb2 cc00 | 0000 83c6 | 0289 b2cc | 0000 0081 | e6fe ff1f 
  0x0000018cd82048cc: 0085 f60f | 84f0 0400 

  0x0000018cd82048d4: ;   {metadata('java/lang/String')}
  0x0000018cd82048d4: 0048 ba10 | 0a01 808c | 0100 0049 | 8b87 b801 | 0000 488d | 7818 493b | bfc8 0100 | 000f 87ef 
  0x0000018cd82048f4: 0400 0049 | 89bf b801 | 0000 48c7 | 0001 0000 | 0048 8bca | 49ba 0000 | 0080 8c01 | 0000 492b 
  0x0000018cd8204914: ca89 4808 | 4833 c989 | 480c 4833 | c948 8948 | 104c 8bc0 

  0x0000018cd8204928: ;   {metadata(method data for {method} {0x0000018c800098c0} 'toString' '()Ljava/lang/String;' in 'java/lang/StringBuilder')}
  0x0000018cd8204928: 49b9 f8cd | 00ea 8c01 | 0000 4983 | 8110 0100 

  0x0000018cd8204938: ;   {metadata(method data for {method} {0x0000018c80b25ae0} '<init>' '(Ljava/lang/StringBuilder;)V' in 'java/lang/String')}
  0x0000018cd8204938: 0001 49b8 | 40cf 00ea | 8c01 0000 | 458b 88cc | 0000 0041 | 83c1 0245 | 8988 cc00 | 0000 4181 
  0x0000018cd8204958: e1fe ff1f | 0045 85c9 | 0f84 8d04 | 0000 4c8b 

  0x0000018cd8204968: ;   {metadata(method data for {method} {0x0000018c80b25ae0} '<init>' '(Ljava/lang/StringBuilder;)V' in 'java/lang/String')}
  0x0000018cd8204968: c049 b940 | cf00 ea8c | 0100 0049 | 8381 1001 | 0000 014c | 8b84 2480 

  0x0000018cd8204980: ;   {oop(nullptr)}
  0x0000018cd8204980: 0000 0049 | b900 0000 | 0000 0000 | 0048 8bd0 | 4889 8424 | c000 0000 | 0f1f 8000 

  0x0000018cd820499c: ;   {optimized virtual_call}
  0x0000018cd820499c: 0000 00e8 

  0x0000018cd82049a0: ; ImmutableOopMap {[144]=Oop [192]=Oop }
                      ;*invokespecial <init> {reexecute=0 rethrow=0 return_oop=0}
                      ; - java.lang.String::<init>@3 (line 1496)
                      ; - java.lang.StringBuilder::toString@5 (line 475)
                      ; - org.jetbrains.skia.impl.Managed::close@44 (line 16)
  0x0000018cd82049a0: dca0 b506 

  0x0000018cd82049a4: ;   {other}
  0x0000018cd82049a4: 0f1f 8400 | 9415 0012 | 488b 8424 | 9000 0000 

  0x0000018cd82049b4: ;   {metadata(method data for {method} {0x0000018ceae69028} 'close' '()V' in 'org/jetbrains/skia/impl/Managed')}
  0x0000018cd82049b4: 49b8 800b | b2eb 8c01 | 0000 4983 | 8000 0300 | 0001 4c8b | 8424 c000 | 0000 488b | 9424 9000 
  0x0000018cd82049d4: ;   {optimized virtual_call}
  0x0000018cd82049d4: 0000 90e8 

  0x0000018cd82049d8: ; ImmutableOopMap {[144]=Oop }
                      ;*invokespecial <init> {reexecute=0 rethrow=0 return_oop=0}
                      ; - org.jetbrains.skia.impl.Managed::close@47 (line 16)
  0x0000018cd82049d8: a4a0 b506 

  0x0000018cd82049dc: ;   {other}
  0x0000018cd82049dc: 0f1f 8400 | cc15 0013 | 488b 8424 | 9000 0000 | e940 0400 

  0x0000018cd82049f0: ;   {metadata({method} {0x0000018ceae69028} 'close' '()V' in 'org/jetbrains/skia/impl/Managed')}
  0x0000018cd82049f0: 0049 ba20 | 90e6 ea8c | 0100 004c | 8954 2408 | 48c7 0424 | ffff ffff 

  0x0000018cd8204a08: ;   {runtime_call counter_overflow Runtime1 stub}
  0x0000018cd8204a08: e8f3 d7c1 

  0x0000018cd8204a0c: ; ImmutableOopMap {rdx=Oop [136]=Oop }
                      ;*synchronization entry
                      ; - org.jetbrains.skia.impl.Managed::close@-1 (line 15)
  0x0000018cd8204a0c: 06e9 5cee 

  0x0000018cd8204a10: ;   {metadata(nullptr)}
  0x0000018cd8204a10: ffff 48ba | 0000 0000 | 0000 0000 | b800 0f05 

  0x0000018cd8204a20: ;   {runtime_call load_klass_patching Runtime1 stub}
  0x0000018cd8204a20: 0ae8 5ac3 

  0x0000018cd8204a24: ; ImmutableOopMap {[136]=Oop }
                      ;*new {reexecute=1 rethrow=0 return_oop=0}
                      ; - (reexecute) org.jetbrains.skia.impl.Managed::close@9 (line 16)
  0x0000018cd8204a24: c106 e995 | eeff ff48 

  0x0000018cd8204a2c: ;   {runtime_call fast_new_instance Runtime1 stub}
  0x0000018cd8204a2c: 8bd2 e8cd 

  0x0000018cd8204a30: ; ImmutableOopMap {[136]=Oop }
                      ;*new {reexecute=0 rethrow=0 return_oop=0}
                      ; - org.jetbrains.skia.impl.Managed::close@9 (line 16)
  0x0000018cd8204a30: 87c1 06e9 | e0ee ffff 

  0x0000018cd8204a38: ;   {metadata(nullptr)}
  0x0000018cd8204a38: 48ba 0000 | 0000 0000 | 0000 b800 

  0x0000018cd8204a44: ;   {runtime_call load_klass_patching Runtime1 stub}
  0x0000018cd8204a44: 0f05 0ae8 

  0x0000018cd8204a48: ; ImmutableOopMap {rax=Oop [136]=Oop [144]=Oop }
                      ;*new {reexecute=1 rethrow=0 return_oop=0}
                      ; - (reexecute) org.jetbrains.skia.impl.Managed::close@13 (line 16)
  0x0000018cd8204a48: 34c3 c106 | e9cf eeff | ff48 8bd2 

  0x0000018cd8204a54: ;   {runtime_call fast_new_instance Runtime1 stub}
  0x0000018cd8204a54: e8a7 87c1 

  0x0000018cd8204a58: ; ImmutableOopMap {[136]=Oop [144]=Oop }
                      ;*new {reexecute=0 rethrow=0 return_oop=0}
                      ; - org.jetbrains.skia.impl.Managed::close@13 (line 16)
  0x0000018cd8204a58: 06e9 12ef 

  0x0000018cd8204a5c: ;   {metadata({method} {0x0000018c80b32d30} '<init>' '()V' in 'java/lang/StringBuilder')}
  0x0000018cd8204a5c: ffff 49ba | 282d b380 | 8c01 0000 | 4c89 5424 | 0848 c704 | 24ff ffff 

  0x0000018cd8204a74: ;   {runtime_call counter_overflow Runtime1 stub}
  0x0000018cd8204a74: ffe8 86d7 

  0x0000018cd8204a78: ; ImmutableOopMap {rax=Oop [128]=Oop [136]=Oop [144]=Oop }
                      ;*synchronization entry
                      ; - java.lang.StringBuilder::<init>@-1 (line 106)
                      ; - org.jetbrains.skia.impl.Managed::close@17 (line 16)
  0x0000018cd8204a78: c106 e937 

  0x0000018cd8204a7c: ;   {metadata({method} {0x0000018c80b32a90} 'append' '(Ljava/lang/String;)Ljava/lang/StringBuilder;' in 'java/lang/StringBuilder')}
  0x0000018cd8204a7c: efff ff49 | ba88 2ab3 | 808c 0100 | 004c 8954 | 2408 48c7 | 0424 ffff 

  0x0000018cd8204a94: ;   {runtime_call counter_overflow Runtime1 stub}
  0x0000018cd8204a94: ffff e865 

  0x0000018cd8204a98: ; ImmutableOopMap {[128]=Oop [136]=Oop [144]=Oop }
                      ;*synchronization entry
                      ; - java.lang.StringBuilder::append@-1 (line 179)
                      ; - org.jetbrains.skia.impl.Managed::close@22 (line 16)
  0x0000018cd8204a98: d7c1 06e9 | 87ef ffff 

  0x0000018cd8204aa0: ;   {metadata({method} {0x0000018c80b32b00} 'append' '(Ljava/lang/Object;)Ljava/lang/StringBuilder;' in 'java/lang/StringBuilder')}
  0x0000018cd8204aa0: 49ba f82a | b380 8c01 | 0000 4c89 | 5424 0848 | c704 24ff 

  0x0000018cd8204ab4: ;   {runtime_call counter_overflow Runtime1 stub}
  0x0000018cd8204ab4: ffff ffe8 

  0x0000018cd8204ab8: ; ImmutableOopMap {rdx=Oop rsi=Oop [128]=Oop [136]=Oop [144]=Oop }
                      ;*synchronization entry
                      ; - java.lang.StringBuilder::append@-1 (line 173)
                      ; - org.jetbrains.skia.impl.Managed::close@29 (line 16)
  0x0000018cd8204ab8: 44d7 c106 | e91d f0ff 

  0x0000018cd8204ac0: ;   {metadata({method} {0x0000018c80b24c70} 'valueOf' '(Ljava/lang/Object;)Ljava/lang/String;' in 'java/lang/String')}
  0x0000018cd8204ac0: ff49 ba68 | 4cb2 808c | 0100 004c | 8954 2408 | 48c7 0424 | ffff ffff 

  0x0000018cd8204ad8: ;   {runtime_call counter_overflow Runtime1 stub}
  0x0000018cd8204ad8: e823 d7c1 

  0x0000018cd8204adc: ; ImmutableOopMap {rdx=Oop rsi=Oop [128]=Oop [136]=Oop [144]=Oop }
                      ;*synchronization entry
                      ; - java.lang.String::valueOf@-1 (line 4454)
                      ; - java.lang.StringBuilder::append@2 (line 173)
                      ; - org.jetbrains.skia.impl.Managed::close@29 (line 16)
  0x0000018cd8204adc: 06e9 35f0 

  0x0000018cd8204ae0: ;   {runtime_call throw_null_pointer_exception Runtime1 stub}
  0x0000018cd8204ae0: ffff e819 

  0x0000018cd8204ae4: ; ImmutableOopMap {rsi=Oop [128]=Oop [136]=Oop [144]=Oop }
                      ;*invokevirtual toString {reexecute=0 rethrow=0 return_oop=0}
                      ; - java.lang.String::valueOf@11 (line 4454)
                      ; - java.lang.StringBuilder::append@2 (line 173)
                      ; - org.jetbrains.skia.impl.Managed::close@29 (line 16)
                      ;   {metadata(nullptr)}
  0x0000018cd8204ae4: 72c1 0648 | ba00 0000 | 0000 0000 | 00b8 000f 

  0x0000018cd8204af4: ;   {runtime_call load_klass_patching Runtime1 stub}
  0x0000018cd8204af4: 050a e885 

  0x0000018cd8204af8: ; ImmutableOopMap {[136]=Oop }
                      ;*new {reexecute=1 rethrow=0 return_oop=0}
                      ; - (reexecute) org.jetbrains.skia.impl.Managed::close@58 (line 18)
  0x0000018cd8204af8: c2c1 06e9 | 60f1 ffff 

  0x0000018cd8204b00: ;   {runtime_call fast_new_instance Runtime1 stub}
  0x0000018cd8204b00: 488b d2e8 

  0x0000018cd8204b04: ; ImmutableOopMap {[136]=Oop }
                      ;*new {reexecute=0 rethrow=0 return_oop=0}
                      ; - org.jetbrains.skia.impl.Managed::close@58 (line 18)
  0x0000018cd8204b04: f886 c106 | e9ab f1ff 

  0x0000018cd8204b0c: ;   {metadata(nullptr)}
  0x0000018cd8204b0c: ff48 ba00 | 0000 0000 | 0000 00b8 | 000f 050a 

  0x0000018cd8204b1c: ;   {runtime_call load_klass_patching Runtime1 stub}
  0x0000018cd8204b1c: e85f c2c1 

  0x0000018cd8204b20: ; ImmutableOopMap {rax=Oop [136]=Oop [160]=Oop }
                      ;*new {reexecute=1 rethrow=0 return_oop=0}
                      ; - (reexecute) org.jetbrains.skia.impl.Managed::close@62 (line 18)
  0x0000018cd8204b20: 06e9 9af1 | ffff 488b 

  0x0000018cd8204b28: ;   {runtime_call fast_new_instance Runtime1 stub}
  0x0000018cd8204b28: d2e8 d286 

  0x0000018cd8204b2c: ; ImmutableOopMap {[136]=Oop [160]=Oop }
                      ;*new {reexecute=0 rethrow=0 return_oop=0}
                      ; - org.jetbrains.skia.impl.Managed::close@62 (line 18)
  0x0000018cd8204b2c: c106 e9dd 

  0x0000018cd8204b30: ;   {metadata({method} {0x0000018c80b32d30} '<init>' '()V' in 'java/lang/StringBuilder')}
  0x0000018cd8204b30: f1ff ff49 | ba28 2db3 | 808c 0100 | 004c 8954 | 2408 48c7 | 0424 ffff 

  0x0000018cd8204b48: ;   {runtime_call counter_overflow Runtime1 stub}
  0x0000018cd8204b48: ffff e8b1 

  0x0000018cd8204b4c: ; ImmutableOopMap {rax=Oop [136]=Oop [152]=Oop [160]=Oop }
                      ;*synchronization entry
                      ; - java.lang.StringBuilder::<init>@-1 (line 106)
                      ; - org.jetbrains.skia.impl.Managed::close@66 (line 18)
  0x0000018cd8204b4c: d6c1 06e9 | 02f2 ffff 

  0x0000018cd8204b54: ;   {metadata({method} {0x0000018c80b32a90} 'append' '(Ljava/lang/String;)Ljava/lang/StringBuilder;' in 'java/lang/StringBuilder')}
  0x0000018cd8204b54: 49ba 882a | b380 8c01 | 0000 4c89 | 5424 0848 | c704 24ff 

  0x0000018cd8204b68: ;   {runtime_call counter_overflow Runtime1 stub}
  0x0000018cd8204b68: ffff ffe8 

  0x0000018cd8204b6c: ; ImmutableOopMap {[136]=Oop [152]=Oop [160]=Oop }
                      ;*synchronization entry
                      ; - java.lang.StringBuilder::append@-1 (line 179)
                      ; - org.jetbrains.skia.impl.Managed::close@71 (line 18)
  0x0000018cd8204b6c: 90d6 c106 | e952 f2ff 

  0x0000018cd8204b74: ;   {metadata({method} {0x0000018c80b32b00} 'append' '(Ljava/lang/Object;)Ljava/lang/StringBuilder;' in 'java/lang/StringBuilder')}
  0x0000018cd8204b74: ff49 baf8 | 2ab3 808c | 0100 004c | 8954 2408 | 48c7 0424 | ffff ffff 

  0x0000018cd8204b8c: ;   {runtime_call counter_overflow Runtime1 stub}
  0x0000018cd8204b8c: e86f d6c1 

  0x0000018cd8204b90: ; ImmutableOopMap {rdx=Oop rsi=Oop [136]=Oop [152]=Oop [160]=Oop }
                      ;*synchronization entry
                      ; - java.lang.StringBuilder::append@-1 (line 173)
                      ; - org.jetbrains.skia.impl.Managed::close@78 (line 18)
  0x0000018cd8204b90: 06e9 e8f2 

  0x0000018cd8204b94: ;   {metadata({method} {0x0000018c80b24c70} 'valueOf' '(Ljava/lang/Object;)Ljava/lang/String;' in 'java/lang/String')}
  0x0000018cd8204b94: ffff 49ba | 684c b280 | 8c01 0000 | 4c89 5424 | 0848 c704 | 24ff ffff 

  0x0000018cd8204bac: ;   {runtime_call counter_overflow Runtime1 stub}
  0x0000018cd8204bac: ffe8 4ed6 

  0x0000018cd8204bb0: ; ImmutableOopMap {rdx=Oop rsi=Oop [136]=Oop [152]=Oop [160]=Oop }
                      ;*synchronization entry
                      ; - java.lang.String::valueOf@-1 (line 4454)
                      ; - java.lang.StringBuilder::append@2 (line 173)
                      ; - org.jetbrains.skia.impl.Managed::close@78 (line 18)
  0x0000018cd8204bb0: c106 e900 

  0x0000018cd8204bb4: ;   {runtime_call throw_null_pointer_exception Runtime1 stub}
  0x0000018cd8204bb4: f3ff ffe8 

  0x0000018cd8204bb8: ; ImmutableOopMap {rsi=Oop [136]=Oop [152]=Oop [160]=Oop }
                      ;*invokevirtual toString {reexecute=0 rethrow=0 return_oop=0}
                      ; - java.lang.String::valueOf@11 (line 4454)
                      ; - java.lang.StringBuilder::append@2 (line 173)
                      ; - org.jetbrains.skia.impl.Managed::close@78 (line 18)
  0x0000018cd8204bb8: 4471 c106 

  0x0000018cd8204bbc: ;   {metadata({method} {0x0000018cea40d398} 'checkNotNull' '(Ljava/lang/Object;)V' in 'kotlin/jvm/internal/Intrinsics')}
  0x0000018cd8204bbc: 49ba 90d3 | 40ea 8c01 | 0000 4c89 | 5424 0848 | c704 24ff 

  0x0000018cd8204bd0: ;   {runtime_call counter_overflow Runtime1 stub}
  0x0000018cd8204bd0: ffff ffe8 

  0x0000018cd8204bd4: ; ImmutableOopMap {rbx=Oop [136]=Oop [168]=Oop }
                      ;*synchronization entry
                      ; - kotlin.jvm.internal.Intrinsics::checkNotNull@-1 (line 24)
                      ; - org.jetbrains.skia.impl.Managed::close@105 (line 20)
  0x0000018cd8204bd4: 28d6 c106 | e920 f4ff 

  0x0000018cd8204bdc: ;   {metadata({method} {0x0000018cea40d6e0} 'throwJavaNpe' '()V' in 'kotlin/jvm/internal/Intrinsics')}
  0x0000018cd8204bdc: ff49 bad8 | d640 ea8c | 0100 004c | 8954 2408 | 48c7 0424 | ffff ffff 

  0x0000018cd8204bf4: ;   {runtime_call counter_overflow Runtime1 stub}
  0x0000018cd8204bf4: e807 d6c1 

  0x0000018cd8204bf8: ; ImmutableOopMap {[136]=Oop [168]=Oop }
                      ;*synchronization entry
                      ; - kotlin.jvm.internal.Intrinsics::throwJavaNpe@-1 (line 45)
                      ; - kotlin.jvm.internal.Intrinsics::checkNotNull@4 (line 25)
                      ; - org.jetbrains.skia.impl.Managed::close@105 (line 20)
  0x0000018cd8204bf8: 06e9 67f4 

  0x0000018cd8204bfc: ;   {metadata(nullptr)}
  0x0000018cd8204bfc: ffff 48ba | 0000 0000 | 0000 0000 | b800 0f05 

  0x0000018cd8204c0c: ;   {runtime_call load_klass_patching Runtime1 stub}
  0x0000018cd8204c0c: 0ae8 6ec1 

  0x0000018cd8204c10: ; ImmutableOopMap {[136]=Oop [168]=Oop }
                      ;*new {reexecute=1 rethrow=0 return_oop=0}
                      ; - (reexecute) kotlin.jvm.internal.Intrinsics::throwJavaNpe@0 (line 45)
                      ; - kotlin.jvm.internal.Intrinsics::checkNotNull@4 (line 25)
                      ; - org.jetbrains.skia.impl.Managed::close@105 (line 20)
  0x0000018cd8204c10: c106 e951 | f4ff ff48 

  0x0000018cd8204c18: ;   {runtime_call fast_new_instance Runtime1 stub}
  0x0000018cd8204c18: 8bd2 e8e1 

  0x0000018cd8204c1c: ; ImmutableOopMap {[136]=Oop [168]=Oop }
                      ;*new {reexecute=0 rethrow=0 return_oop=0}
                      ; - kotlin.jvm.internal.Intrinsics::throwJavaNpe@0 (line 45)
                      ; - kotlin.jvm.internal.Intrinsics::checkNotNull@4 (line 25)
                      ; - org.jetbrains.skia.impl.Managed::close@105 (line 20)
  0x0000018cd8204c1c: 85c1 06e9 | a0f4 ffff 

  0x0000018cd8204c24: ;   {metadata({method} {0x0000018cea40f9c8} 'sanitizeStackTrace' '(Ljava/lang/Throwable;)Ljava/lang/Throwable;' in 'kotlin/jvm/internal/Intrinsics')}
  0x0000018cd8204c24: 49ba c0f9 | 40ea 8c01 | 0000 4c89 | 5424 0848 | c704 24ff 

  0x0000018cd8204c38: ;   {runtime_call counter_overflow Runtime1 stub}
  0x0000018cd8204c38: ffff ffe8 

  0x0000018cd8204c3c: ; ImmutableOopMap {[136]=Oop [168]=Oop [176]=Oop }
                      ;*synchronization entry
                      ; - kotlin.jvm.internal.Intrinsics::sanitizeStackTrace@-1 (line 253)
                      ; - kotlin.jvm.internal.Intrinsics::throwJavaNpe@7 (line 45)
                      ; - kotlin.jvm.internal.Intrinsics::checkNotNull@4 (line 25)
                      ; - org.jetbrains.skia.impl.Managed::close@105 (line 20)
  0x0000018cd8204c3c: c0d5 c106 | e9e8 f4ff 

  0x0000018cd8204c44: ;   {metadata({method} {0x0000018c80b3c1d8} 'getName' '()Ljava/lang/String;' in 'java/lang/Class')}
  0x0000018cd8204c44: ff49 bad0 | c1b3 808c | 0100 004c | 8954 2408 | 48c7 0424 | ffff ffff 

  0x0000018cd8204c5c: ;   {runtime_call counter_overflow Runtime1 stub}
  0x0000018cd8204c5c: e89f d5c1 

  0x0000018cd8204c60: ; ImmutableOopMap {rdx=Oop [136]=Oop [168]=Oop [176]=Oop }
                      ;*synchronization entry
                      ; - java.lang.Class::getName@-1 (line 949)
                      ; - kotlin.jvm.internal.Intrinsics::sanitizeStackTrace@3 (line 253)
                      ; - kotlin.jvm.internal.Intrinsics::throwJavaNpe@7 (line 45)
                      ; - kotlin.jvm.internal.Intrinsics::checkNotNull@4 (line 25)
                      ; - org.jetbrains.skia.impl.Managed::close@105 (line 20)
  0x0000018cd8204c60: 06e9 0df5 

  0x0000018cd8204c64: ;   {runtime_call throw_null_pointer_exception Runtime1 stub}
  0x0000018cd8204c64: ffff e895 

  0x0000018cd8204c68: ; ImmutableOopMap {[136]=Oop [168]=Oop [176]=Oop }
                      ;*getfield name {reexecute=1 rethrow=0 return_oop=0}
                      ; - (reexecute) java.lang.Class::getName@1 (line 949)
                      ; - kotlin.jvm.internal.Intrinsics::sanitizeStackTrace@3 (line 253)
                      ; - kotlin.jvm.internal.Intrinsics::throwJavaNpe@7 (line 45)
                      ; - kotlin.jvm.internal.Intrinsics::checkNotNull@4 (line 25)
                      ; - org.jetbrains.skia.impl.Managed::close@105 (line 20)
                      ;   {runtime_call throw_null_pointer_exception Runtime1 stub}
  0x0000018cd8204c68: 70c1 06e8 

  0x0000018cd8204c6c: ; ImmutableOopMap {rbx=Oop [136]=Oop [168]=Oop }
                      ;*invokeinterface clean {reexecute=0 rethrow=0 return_oop=0}
                      ; - org.jetbrains.skia.impl.Managed::close@108 (line 20)
  0x0000018cd8204c6c: 9070 c106 | 448b 420c | 4983 f800 | 0f84 43f6 | ffff 4c89 

  0x0000018cd8204c80: ;   {runtime_call g1_pre_barrier_slow}
  0x0000018cd8204c80: 0424 e879 | dbc1 06e9 | 35f6 ffff 

  0x0000018cd8204c8c: ;   {internal_word}
  0x0000018cd8204c8c: 49ba f742 | 20d8 8c01 | 0000 4d89 | 9768 0400 

  0x0000018cd8204c9c: ;   {runtime_call SafepointBlob}
  0x0000018cd8204c9c: 00e9 de07 | b606 4889 

  0x0000018cd8204ca4: ;   {runtime_call throw_class_cast_exception Runtime1 stub}
  0x0000018cd8204ca4: 0424 e855 

  0x0000018cd8204ca8: ; ImmutableOopMap {rbx=Oop [136]=Oop [168]=Oop }
                      ;*checkcast {reexecute=0 rethrow=0 return_oop=0}
                      ; - kotlin.jvm.internal.Intrinsics::throwJavaNpe@10 (line 45)
                      ; - kotlin.jvm.internal.Intrinsics::checkNotNull@4 (line 25)
                      ; - org.jetbrains.skia.impl.Managed::close@105 (line 20)
                      ;   {runtime_call throw_null_pointer_exception Runtime1 stub}
  0x0000018cd8204ca8: a4c1 06e8 

  0x0000018cd8204cac: ; ImmutableOopMap {rbx=Oop rax=Oop [136]=Oop [168]=Oop }
                      ;*athrow {reexecute=1 rethrow=0 return_oop=0}
                      ; - (reexecute) kotlin.jvm.internal.Intrinsics::throwJavaNpe@13 (line 45)
                      ; - kotlin.jvm.internal.Intrinsics::checkNotNull@4 (line 25)
                      ; - org.jetbrains.skia.impl.Managed::close@105 (line 20)
  0x0000018cd8204cac: 5070 c106 

  0x0000018cd8204cb0: ;   {metadata({method} {0x0000018c80b32a90} 'append' '(Ljava/lang/String;)Ljava/lang/StringBuilder;' in 'java/lang/StringBuilder')}
  0x0000018cd8204cb0: 49ba 882a | b380 8c01 | 0000 4c89 | 5424 0848 | c704 24ff 

  0x0000018cd8204cc4: ;   {runtime_call counter_overflow Runtime1 stub}
  0x0000018cd8204cc4: ffff ffe8 

  0x0000018cd8204cc8: ; ImmutableOopMap {rsi=Oop [136]=Oop [152]=Oop [160]=Oop }
                      ;*synchronization entry
                      ; - java.lang.StringBuilder::append@-1 (line 179)
                      ; - java.lang.StringBuilder::append@5 (line 173)
                      ; - org.jetbrains.skia.impl.Managed::close@78 (line 18)
  0x0000018cd8204cc8: 34d5 c106 | e996 f7ff 

  0x0000018cd8204cd0: ;   {metadata({method} {0x0000018c80b32a90} 'append' '(Ljava/lang/String;)Ljava/lang/StringBuilder;' in 'java/lang/StringBuilder')}
  0x0000018cd8204cd0: ff49 ba88 | 2ab3 808c | 0100 004c | 8954 2408 | 48c7 0424 | ffff ffff 

  0x0000018cd8204ce8: ;   {runtime_call counter_overflow Runtime1 stub}
  0x0000018cd8204ce8: e813 d5c1 

  0x0000018cd8204cec: ; ImmutableOopMap {rax=Oop [136]=Oop [152]=Oop [160]=Oop }
                      ;*synchronization entry
                      ; - java.lang.StringBuilder::append@-1 (line 179)
                      ; - org.jetbrains.skia.impl.Managed::close@83 (line 18)
  0x0000018cd8204cec: 06e9 f0f7 

  0x0000018cd8204cf0: ;   {metadata({method} {0x0000018c80b329b0} 'append' '(J)Ljava/lang/StringBuilder;' in 'java/lang/StringBuilder')}
  0x0000018cd8204cf0: ffff 49ba | a829 b380 | 8c01 0000 | 4c89 5424 | 0848 c704 | 24ff ffff 

  0x0000018cd8204d08: ;   {runtime_call counter_overflow Runtime1 stub}
  0x0000018cd8204d08: ffe8 f2d4 

  0x0000018cd8204d0c: ; ImmutableOopMap {[152]=Oop [160]=Oop }
                      ;*synchronization entry
                      ; - java.lang.StringBuilder::append@-1 (line 259)
                      ; - org.jetbrains.skia.impl.Managed::close@90 (line 18)
  0x0000018cd8204d0c: c106 e968 

  0x0000018cd8204d10: ;   {metadata({method} {0x0000018c800098c0} 'toString' '()Ljava/lang/String;' in 'java/lang/StringBuilder')}
  0x0000018cd8204d10: f8ff ff49 | bab8 9800 | 808c 0100 | 004c 8954 | 2408 48c7 | 0424 ffff 

  0x0000018cd8204d28: ;   {runtime_call counter_overflow Runtime1 stub}
  0x0000018cd8204d28: ffff e8d1 

  0x0000018cd8204d2c: ; ImmutableOopMap {[152]=Oop [160]=Oop }
                      ;*synchronization entry
                      ; - java.lang.StringBuilder::toString@-1 (line 475)
                      ; - org.jetbrains.skia.impl.Managed::close@93 (line 18)
  0x0000018cd8204d2c: d4c1 06e9 | b9f8 ffff 

  0x0000018cd8204d34: ;   {runtime_call fast_new_instance Runtime1 stub}
  0x0000018cd8204d34: 488b d2e8 

  0x0000018cd8204d38: ; ImmutableOopMap {[152]=Oop [160]=Oop }
                      ;*new {reexecute=0 rethrow=0 return_oop=0}
                      ; - java.lang.StringBuilder::toString@0 (line 475)
                      ; - org.jetbrains.skia.impl.Managed::close@93 (line 18)
  0x0000018cd8204d38: c484 c106 | e9fc f8ff 

  0x0000018cd8204d40: ;   {metadata({method} {0x0000018c80b25ae0} '<init>' '(Ljava/lang/StringBuilder;)V' in 'java/lang/String')}
  0x0000018cd8204d40: ff49 bad8 | 5ab2 808c | 0100 004c | 8954 2408 | 48c7 0424 | ffff ffff 

  0x0000018cd8204d58: ;   {runtime_call counter_overflow Runtime1 stub}
  0x0000018cd8204d58: e8a3 d4c1 

  0x0000018cd8204d5c: ; ImmutableOopMap {rax=Oop [152]=Oop [160]=Oop }
                      ;*synchronization entry
                      ; - java.lang.String::<init>@-1 (line 1496)
                      ; - java.lang.StringBuilder::toString@5 (line 475)
                      ; - org.jetbrains.skia.impl.Managed::close@93 (line 18)
  0x0000018cd8204d5c: 06e9 1cf9 

  0x0000018cd8204d60: ;   {metadata({method} {0x0000018c80b32a90} 'append' '(Ljava/lang/String;)Ljava/lang/StringBuilder;' in 'java/lang/StringBuilder')}
  0x0000018cd8204d60: ffff 49ba | 882a b380 | 8c01 0000 | 4c89 5424 | 0848 c704 | 24ff ffff 

  0x0000018cd8204d78: ;   {runtime_call counter_overflow Runtime1 stub}
  0x0000018cd8204d78: ffe8 82d4 

  0x0000018cd8204d7c: ; ImmutableOopMap {rsi=Oop [128]=Oop [136]=Oop [144]=Oop }
                      ;*synchronization entry
                      ; - java.lang.StringBuilder::append@-1 (line 179)
                      ; - java.lang.StringBuilder::append@5 (line 173)
                      ; - org.jetbrains.skia.impl.Managed::close@29 (line 16)
  0x0000018cd8204d7c: c106 e9c9 

  0x0000018cd8204d80: ;   {metadata({method} {0x0000018c80b32a90} 'append' '(Ljava/lang/String;)Ljava/lang/StringBuilder;' in 'java/lang/StringBuilder')}
  0x0000018cd8204d80: f9ff ff49 | ba88 2ab3 | 808c 0100 | 004c 8954 | 2408 48c7 | 0424 ffff 

  0x0000018cd8204d98: ;   {runtime_call counter_overflow Runtime1 stub}
  0x0000018cd8204d98: ffff e861 

  0x0000018cd8204d9c: ; ImmutableOopMap {rax=Oop [128]=Oop [136]=Oop [144]=Oop }
                      ;*synchronization entry
                      ; - java.lang.StringBuilder::append@-1 (line 179)
                      ; - org.jetbrains.skia.impl.Managed::close@34 (line 16)
  0x0000018cd8204d9c: d4c1 06e9 | 26fa ffff 

  0x0000018cd8204da4: ;   {metadata({method} {0x0000018c80b329b0} 'append' '(J)Ljava/lang/StringBuilder;' in 'java/lang/StringBuilder')}
  0x0000018cd8204da4: 49ba a829 | b380 8c01 | 0000 4c89 | 5424 0848 | c704 24ff 

  0x0000018cd8204db8: ;   {runtime_call counter_overflow Runtime1 stub}
  0x0000018cd8204db8: ffff ffe8 

  0x0000018cd8204dbc: ; ImmutableOopMap {[128]=Oop [144]=Oop }
                      ;*synchronization entry
                      ; - java.lang.StringBuilder::append@-1 (line 259)
                      ; - org.jetbrains.skia.impl.Managed::close@41 (line 16)
  0x0000018cd8204dbc: 40d4 c106 | e99e faff 

  0x0000018cd8204dc4: ;   {metadata({method} {0x0000018c800098c0} 'toString' '()Ljava/lang/String;' in 'java/lang/StringBuilder')}
  0x0000018cd8204dc4: ff49 bab8 | 9800 808c | 0100 004c | 8954 2408 | 48c7 0424 | ffff ffff 

  0x0000018cd8204ddc: ;   {runtime_call counter_overflow Runtime1 stub}
  0x0000018cd8204ddc: e81f d4c1 

  0x0000018cd8204de0: ; ImmutableOopMap {[128]=Oop [144]=Oop }
                      ;*synchronization entry
                      ; - java.lang.StringBuilder::toString@-1 (line 475)
                      ; - org.jetbrains.skia.impl.Managed::close@44 (line 16)
  0x0000018cd8204de0: 06e9 effa | ffff 488b 

  0x0000018cd8204de8: ;   {runtime_call fast_new_instance Runtime1 stub}
  0x0000018cd8204de8: d2e8 1284 

  0x0000018cd8204dec: ; ImmutableOopMap {[128]=Oop [144]=Oop }
                      ;*new {reexecute=0 rethrow=0 return_oop=0}
                      ; - java.lang.StringBuilder::toString@0 (line 475)
                      ; - org.jetbrains.skia.impl.Managed::close@44 (line 16)
  0x0000018cd8204dec: c106 e932 

  0x0000018cd8204df0: ;   {metadata({method} {0x0000018c80b25ae0} '<init>' '(Ljava/lang/StringBuilder;)V' in 'java/lang/String')}
  0x0000018cd8204df0: fbff ff49 | bad8 5ab2 | 808c 0100 | 004c 8954 | 2408 48c7 | 0424 ffff 

  0x0000018cd8204e08: ;   {runtime_call counter_overflow Runtime1 stub}
  0x0000018cd8204e08: ffff e8f1 

  0x0000018cd8204e0c: ; ImmutableOopMap {rax=Oop [128]=Oop [144]=Oop }
                      ;*synchronization entry
                      ; - java.lang.String::<init>@-1 (line 1496)
                      ; - java.lang.StringBuilder::toString@5 (line 475)
                      ; - org.jetbrains.skia.impl.Managed::close@44 (line 16)
  0x0000018cd8204e0c: d3c1 06e9 | 52fb ffff | 498b 8700 | 0500 0049 | c787 0005 | 0000 0000 | 0000 49c7 | 8708 0500 
  0x0000018cd8204e2c: 0000 0000 | 0048 81c4 | d000 0000 

  0x0000018cd8204e38: ;   {runtime_call unwind_exception Runtime1 stub}
  0x0000018cd8204e38: 5de9 c24f | c106 f4f4 
[Stub Code]
  0x0000018cd8204e40: ;   {no_reloc}
  0x0000018cd8204e40: 0f1f 4400 

  0x0000018cd8204e44: ;   {static_stub}
  0x0000018cd8204e44: 0048 bb00 | 0000 0000 

  0x0000018cd8204e4c: ;   {runtime_call nmethod}
  0x0000018cd8204e4c: 0000 00e9 | fbff ffff 

  0x0000018cd8204e54: ;   {static_stub}
  0x0000018cd8204e54: 9048 bb00 | 0000 0000 

  0x0000018cd8204e5c: ;   {runtime_call nmethod}
  0x0000018cd8204e5c: 0000 00e9 | fbff ffff 

  0x0000018cd8204e64: ;   {static_stub}
  0x0000018cd8204e64: 9048 bb00 | 0000 0000 

  0x0000018cd8204e6c: ;   {runtime_call nmethod}
  0x0000018cd8204e6c: 0000 00e9 | fbff ffff 

  0x0000018cd8204e74: ;   {static_stub}
  0x0000018cd8204e74: 9048 bb00 | 0000 0000 

  0x0000018cd8204e7c: ;   {runtime_call nmethod}
  0x0000018cd8204e7c: 0000 00e9 | fbff ffff 

  0x0000018cd8204e84: ;   {static_stub}
  0x0000018cd8204e84: 9048 bb00 | 0000 0000 

  0x0000018cd8204e8c: ;   {runtime_call nmethod}
  0x0000018cd8204e8c: 0000 00e9 | fbff ffff 

  0x0000018cd8204e94: ;   {static_stub}
  0x0000018cd8204e94: 9048 bb00 | 0000 0000 

  0x0000018cd8204e9c: ;   {runtime_call nmethod}
  0x0000018cd8204e9c: 0000 00e9 | fbff ffff 

  0x0000018cd8204ea4: ;   {static_stub}
  0x0000018cd8204ea4: 9048 bb00 | 0000 0000 

  0x0000018cd8204eac: ;   {runtime_call nmethod}
  0x0000018cd8204eac: 0000 00e9 | fbff ffff 

  0x0000018cd8204eb4: ;   {static_stub}
  0x0000018cd8204eb4: 9048 bb00 | 0000 0000 

  0x0000018cd8204ebc: ;   {runtime_call nmethod}
  0x0000018cd8204ebc: 0000 00e9 | fbff ffff 

  0x0000018cd8204ec4: ;   {static_stub}
  0x0000018cd8204ec4: 9048 bb00 | 0000 0000 

  0x0000018cd8204ecc: ;   {runtime_call nmethod}
  0x0000018cd8204ecc: 0000 00e9 | fbff ffff 

  0x0000018cd8204ed4: ;   {static_stub}
  0x0000018cd8204ed4: 9048 bb00 | 0000 0000 

  0x0000018cd8204edc: ;   {runtime_call nmethod}
  0x0000018cd8204edc: 0000 00e9 | fbff ffff 

  0x0000018cd8204ee4: ;   {static_stub}
  0x0000018cd8204ee4: 9048 bb00 | 0000 0000 

  0x0000018cd8204eec: ;   {runtime_call nmethod}
  0x0000018cd8204eec: 0000 00e9 | fbff ffff 

  0x0000018cd8204ef4: ;   {static_stub}
  0x0000018cd8204ef4: 48bb 0000 | 0000 0000 

  0x0000018cd8204efc: ;   {runtime_call nmethod}
  0x0000018cd8204efc: 0000 e9fb 

  0x0000018cd8204f00: ;   {static_stub}
  0x0000018cd8204f00: ffff ff48 | bb00 0000 | 0000 0000 

  0x0000018cd8204f0c: ;   {runtime_call nmethod}
  0x0000018cd8204f0c: 00e9 fbff 

  0x0000018cd8204f10: ;   {static_stub}
  0x0000018cd8204f10: ffff 48bb | 0000 0000 | 0000 0000 

  0x0000018cd8204f1c: ;   {runtime_call nmethod}
  0x0000018cd8204f1c: e9fb ffff 

  0x0000018cd8204f20: ;   {static_stub}
  0x0000018cd8204f20: ff48 bb00 | 0000 0000 

  0x0000018cd8204f28: ;   {runtime_call nmethod}
  0x0000018cd8204f28: 0000 00e9 | fbff ffff 

  0x0000018cd8204f30: ;   {static_stub}
  0x0000018cd8204f30: 48bb 0000 | 0000 0000 

  0x0000018cd8204f38: ;   {runtime_call nmethod}
  0x0000018cd8204f38: 0000 e9fb 

  0x0000018cd8204f3c: ;   {static_stub}
  0x0000018cd8204f3c: ffff ff48 | bb00 0000 | 0000 0000 

  0x0000018cd8204f48: ;   {runtime_call nmethod}
  0x0000018cd8204f48: 00e9 fbff 

  0x0000018cd8204f4c: ;   {runtime_call handle_exception_from_callee Runtime1 stub}
  0x0000018cd8204f4c: ffff e8ad 

  0x0000018cd8204f50: ;   {external_word}
  0x0000018cd8204f50: 9bc1 0648 | b990 d74b | 7af9 7f00 | 0048 83e4 

  0x0000018cd8204f60: ;   {runtime_call MacroAssembler::debug64}
  0x0000018cd8204f60: f048 b820 | 150e 7af9 | 7f00 00ff 

  0x0000018cd8204f6c: ;   {section_word}
  0x0000018cd8204f6c: d0f4 49ba | 6e4f 20d8 | 8c01 0000 

  0x0000018cd8204f78: ;   {runtime_call DeoptimizationBlob}
  0x0000018cd8204f78: 4152 e9a1 | f7b5 06f4 
[/MachCode]


---------------  P R O C E S S  ---------------

Threads class SMR info:
_java_thread_list=0x0000018cf1357680, length=38, elements={
0x0000018cd3bce1d0, 0x0000018ce9a0a490, 0x0000018ce9a0e1f0, 0x0000018ce9b450b0,
0x0000018ce9b54a30, 0x0000018ce9b55f70, 0x0000018ce9b57320, 0x0000018ce9b579b0,
0x0000018ce9b5d940, 0x0000018ce9b5e3e0, 0x0000018ce9b586d0, 0x0000018ce9b56600,
0x0000018ce9b58040, 0x0000018ce9b593f0, 0x0000018cee310780, 0x0000018cee3114a0,
0x0000018cee3121c0, 0x0000018cee314fb0, 0x0000018cee313c00, 0x0000018cee314920,
0x0000018cee312ee0, 0x0000018cee314290, 0x0000018cee311b30, 0x0000018cee315cd0,
0x0000018ceee62510, 0x0000018ceee62ba0, 0x0000018ceee666b0, 0x0000018ceee64c70,
0x0000018cee317710, 0x0000018ce9b58d60, 0x0000018cf37bda90, 0x0000018cf37be120,
0x0000018cf37bfb60, 0x0000018cf37bf4d0, 0x0000018cf37c15a0, 0x0000018cf4094550,
0x0000018cf38787a0, 0x0000018cf387a2e0
}

Java Threads: ( => current thread )
  0x0000018cd3bce1d0 JavaThread "main"                              [_thread_blocked, id=38388, stack(0x00000021e1900000,0x00000021e1a00000) (1024K)]
  0x0000018ce9a0a490 JavaThread "Common-Cleaner"             daemon [_thread_blocked, id=37300, stack(0x00000021e2100000,0x00000021e2200000) (1024K)]
  0x0000018ce9a0e1f0 JavaThread "Reference Handler"          daemon [_thread_blocked, id=37076, stack(0x00000021e2200000,0x00000021e2300000) (1024K)]
  0x0000018ce9b450b0 JavaThread "Finalizer"                  daemon [_thread_blocked, id=23960, stack(0x00000021e2300000,0x00000021e2400000) (1024K)]
  0x0000018ce9b54a30 JavaThread "Signal Dispatcher"          daemon [_thread_blocked, id=17640, stack(0x00000021e2400000,0x00000021e2500000) (1024K)]
  0x0000018ce9b55f70 JavaThread "Attach Listener"            daemon [_thread_blocked, id=10224, stack(0x00000021e2500000,0x00000021e2600000) (1024K)]
  0x0000018ce9b57320 JavaThread "Service Thread"             daemon [_thread_blocked, id=27532, stack(0x00000021e2600000,0x00000021e2700000) (1024K)]
  0x0000018ce9b579b0 JavaThread "Monitor Deflation Thread"   daemon [_thread_blocked, id=25772, stack(0x00000021e2700000,0x00000021e2800000) (1024K)]
  0x0000018ce9b5d940 JavaThread "C2 CompilerThread0"         daemon [_thread_blocked, id=30372, stack(0x00000021e2800000,0x00000021e2900000) (1024K)]
  0x0000018ce9b5e3e0 JavaThread "C1 CompilerThread0"         daemon [_thread_blocked, id=38976, stack(0x00000021e2900000,0x00000021e2a00000) (1024K)]
  0x0000018ce9b586d0 JavaThread "Notification Thread"        daemon [_thread_blocked, id=1580, stack(0x00000021e2a00000,0x00000021e2b00000) (1024K)]
  0x0000018ce9b56600 JavaThread "TimerQueue"                 daemon [_thread_blocked, id=38712, stack(0x00000021e2c00000,0x00000021e2d00000) (1024K)]
  0x0000018ce9b58040 JavaThread "Java2D Disposer"            daemon [_thread_blocked, id=16228, stack(0x00000021e2d00000,0x00000021e2e00000) (1024K)]
  0x0000018ce9b593f0 JavaThread "AWT-Windows"                daemon [_thread_in_native, id=36892, stack(0x00000021e2f00000,0x00000021e3000000) (1024K)]
  0x0000018cee310780 JavaThread "Hot Reload Main"            daemon [_thread_blocked, id=5244, stack(0x00000021e3600000,0x00000021e3700000) (1024K)]
  0x0000018cee3114a0 JavaThread "Orchestration Server"       daemon [_thread_in_native, id=6268, stack(0x00000021e3700000,0x00000021e3800000) (1024K)]
  0x0000018cee3121c0 JavaThread "Orchestration IO: Reader"   daemon [_thread_in_native, id=33432, stack(0x00000021e3800000,0x00000021e3900000) (1024K)]
  0x0000018cee314fb0 JavaThread "Orchestration IO: Writer"   daemon [_thread_blocked, id=9552, stack(0x00000021e3900000,0x00000021e3a00000) (1024K)]
  0x0000018cee313c00 JavaThread "Thread-0"                          [_thread_blocked, id=11800, stack(0x00000021e3a00000,0x00000021e3b00000) (1024K)]
  0x0000018cee314920 JavaThread "process reaper (pid 6556)"  daemon [_thread_in_native, id=20816, stack(0x00000021e1330000,0x00000021e1350000) (128K)]
  0x0000018cee312ee0 JavaThread "Recompiler"                        [_thread_blocked, id=13324, stack(0x00000021e3b00000,0x00000021e3c00000) (1024K)]
  0x0000018cee314290 JavaThread "Orchestration IO: Writer"   daemon [_thread_blocked, id=34324, stack(0x00000021e3e00000,0x00000021e3f00000) (1024K)]
  0x0000018cee311b30 JavaThread "Orchestration IO: Reader"   daemon [_thread_in_native, id=29928, stack(0x00000021e3f00000,0x00000021e4000000) (1024K)]
  0x0000018cee315cd0 JavaThread "DefaultDispatcher-worker-1" daemon [_thread_blocked, id=24676, stack(0x00000021e4000000,0x00000021e4100000) (1024K)]
  0x0000018ceee62510 JavaThread "AWT-Shutdown"                      [_thread_blocked, id=27336, stack(0x00000021e2b00000,0x00000021e2c00000) (1024K)]
=>0x0000018ceee62ba0 JavaThread "AWT-EventQueue-0"                  [_thread_in_native, id=15880, stack(0x00000021e2e00000,0x00000021e2f00000) (1024K)]
  0x0000018ceee666b0 JavaThread "kotlinx.coroutines.DefaultExecutor" daemon [_thread_blocked, id=21040, stack(0x00000021e4400000,0x00000021e4500000) (1024K)]
  0x0000018ceee64c70 JavaThread "Reference Cleaner"          daemon [_thread_blocked, id=19344, stack(0x00000021e4500000,0x00000021e4600000) (1024K)]
  0x0000018cee317710 JavaThread "DefaultDispatcher-worker-4" daemon [_thread_blocked, id=8672, stack(0x00000021e4800000,0x00000021e4900000) (1024K)]
  0x0000018ce9b58d60 JavaThread "DefaultDispatcher-worker-5" daemon [_thread_blocked, id=35584, stack(0x00000021e4900000,0x00000021e4a00000) (1024K)]
  0x0000018cf37bda90 JavaThread "DefaultDispatcher-worker-7" daemon [_thread_blocked, id=39152, stack(0x00000021e5200000,0x00000021e5300000) (1024K)]
  0x0000018cf37be120 JavaThread "DefaultDispatcher-worker-2" daemon [_thread_blocked, id=39540, stack(0x00000021e5400000,0x00000021e5500000) (1024K)]
  0x0000018cf37bfb60 JavaThread "DefaultDispatcher-worker-8" daemon [_thread_blocked, id=34896, stack(0x00000021e5500000,0x00000021e5600000) (1024K)]
  0x0000018cf37bf4d0 JavaThread "DefaultDispatcher-worker-6" daemon [_thread_blocked, id=29732, stack(0x00000021e5600000,0x00000021e5700000) (1024K)]
  0x0000018cf37c15a0 JavaThread "DefaultDispatcher-worker-3" daemon [_thread_blocked, id=25536, stack(0x00000021e5e00000,0x00000021e5f00000) (1024K)]
  0x0000018cf4094550 JavaThread "skiko-dispatcher-to-block-on" daemon [_thread_blocked, id=33464, stack(0x00000021e6200000,0x00000021e6300000) (1024K)]
  0x0000018cf38787a0 JavaThread "C2 CompilerThread1"         daemon [_thread_blocked, id=14136, stack(0x00000021e1600000,0x00000021e1700000) (1024K)]
  0x0000018cf387a2e0 JavaThread "C2 CompilerThread2"         daemon [_thread_blocked, id=12628, stack(0x00000021e1700000,0x00000021e1800000) (1024K)]
Total: 38

Other Threads:
  0x0000018ce99f3c30 VMThread "VM Thread"                           [id=11988, stack(0x00000021e2000000,0x00000021e2100000) (1024K)]
  0x0000018ce99de3b0 WatcherThread "VM Periodic Task Thread"        [id=29932, stack(0x00000021e1f00000,0x00000021e2000000) (1024K)]
  0x0000018cd3bf1280 WorkerThread "GC Thread#0"                     [id=35248, stack(0x00000021e1a00000,0x00000021e1b00000) (1024K)]
  0x0000018cee608620 WorkerThread "GC Thread#1"                     [id=23224, stack(0x00000021e3100000,0x00000021e3200000) (1024K)]
  0x0000018cee6089d0 WorkerThread "GC Thread#2"                     [id=30752, stack(0x00000021e3200000,0x00000021e3300000) (1024K)]
  0x0000018cee608d80 WorkerThread "GC Thread#3"                     [id=24376, stack(0x00000021e3300000,0x00000021e3400000) (1024K)]
  0x0000018cee613430 WorkerThread "GC Thread#4"                     [id=39072, stack(0x00000021e3400000,0x00000021e3500000) (1024K)]
  0x0000018cee6137e0 WorkerThread "GC Thread#5"                     [id=29364, stack(0x00000021e3500000,0x00000021e3600000) (1024K)]
  0x0000018ceeb18810 WorkerThread "GC Thread#6"                     [id=37488, stack(0x00000021e3c00000,0x00000021e3d00000) (1024K)]
  0x0000018ceeb4eb90 WorkerThread "GC Thread#7"                     [id=18028, stack(0x00000021e3d00000,0x00000021e3e00000) (1024K)]
  0x0000018cd3bf4180 ConcurrentGCThread "G1 Main Marker"            [id=27680, stack(0x00000021e1b00000,0x00000021e1c00000) (1024K)]
  0x0000018cd3bf5a20 WorkerThread "G1 Conc#0"                       [id=37788, stack(0x00000021e1c00000,0x00000021e1d00000) (1024K)]
  0x0000018cef029f70 WorkerThread "G1 Conc#1"                       [id=1480, stack(0x00000021e4700000,0x00000021e4800000) (1024K)]
  0x0000018cd3c7eb10 ConcurrentGCThread "G1 Refine#0"               [id=31716, stack(0x00000021e1d00000,0x00000021e1e00000) (1024K)]
  0x0000018ce98b2650 ConcurrentGCThread "G1 Service"                [id=29924, stack(0x00000021e1e00000,0x00000021e1f00000) (1024K)]
Total: 15

Threads with active compile tasks:
Total: 0

VM state: not at safepoint (normal execution)

VM Mutex/Monitor currently owned by a thread: None

Heap address: 0x00000000f0000000, size: 256 MB, Compressed Oops mode: 32-bit

CDS archive(s) mapped at: [0x0000018c80000000-0x0000018c81c20000-0x0000018c81c20000), size 29491200, SharedBaseAddress: 0x0000018c80000000, ArchiveRelocationMode: 1.
Compressed class space mapped at: 0x0000018c82000000-0x0000018cc2000000, reserved size: 1073741824
Narrow klass base: 0x0000018c80000000, Narrow klass shift: 0, Narrow klass range: 0x100000000

GC Precious Log:
 CardTable entry size: 512
 Card Set container configuration: InlinePtr #cards 5 size 8 Array Of Cards #cards 12 size 40 Howl #buckets 4 coarsen threshold 1843 Howl Bitmap #cards 512 size 80 coarsen threshold 460 Card regions per heap region 1 cards per card region 2048
 CPUs: 8 total, 8 available
 Memory: 15927M
 Large Page Support: Disabled
 NUMA Support: Disabled
 Compressed Oops: Enabled (32-bit)
 Heap Region Size: 1M
 Heap Min Capacity: 8M
 Heap Initial Capacity: 250M
 Heap Max Capacity: 256M
 Pre-touch: Disabled
 Parallel Workers: 8
 Concurrent Workers: 2
 Concurrent Refinement Workers: 8
 Periodic GC: Disabled

Heap:
 garbage-first heap   total 24576K, used 17516K [0x00000000f0000000, 0x0000000100000000)
  region size 1024K, 11 young (11264K), 0 survivors (0K)
 Metaspace       used 31171K, committed 31552K, reserved 1114112K
  class space    used 3216K, committed 3392K, reserved 1048576K

Heap Regions: E=young(eden), S=young(survivor), O=old, HS=humongous(starts), HC=humongous(continues), CS=collection set, F=free, TAMS=top-at-mark-start, PB=parsable bottom
|   0|0x00000000f0000000, 0x00000000f00ff1b8, 0x00000000f0100000| 99%| O|  |TAMS 0x00000000f0000000| PB 0x00000000f0000000| Untracked 
|   1|0x00000000f0100000, 0x00000000f01fffe8, 0x00000000f0200000| 99%| O|  |TAMS 0x00000000f0100000| PB 0x00000000f0100000| Untracked 
|   2|0x00000000f0200000, 0x00000000f0300000, 0x00000000f0300000|100%| O|  |TAMS 0x00000000f0200000| PB 0x00000000f0200000| Untracked 
|   3|0x00000000f0300000, 0x00000000f03ffe98, 0x00000000f0400000| 99%| O|  |TAMS 0x00000000f0300000| PB 0x00000000f0300000| Untracked 
|   4|0x00000000f0400000, 0x00000000f0500000, 0x00000000f0500000|100%| O|  |TAMS 0x00000000f0400000| PB 0x00000000f0400000| Untracked 
|   5|0x00000000f0500000, 0x00000000f05fffe8, 0x00000000f0600000| 99%| O|  |TAMS 0x00000000f0500000| PB 0x00000000f0500000| Untracked 
|   6|0x00000000f0600000, 0x00000000f06ffff8, 0x00000000f0700000| 99%| O|  |TAMS 0x00000000f0600000| PB 0x00000000f0600000| Untracked 
|   7|0x00000000f0700000, 0x00000000f070ec20, 0x00000000f0800000|  5%| O|  |TAMS 0x00000000f0700000| PB 0x00000000f0700000| Untracked 
|   8|0x00000000f0800000, 0x00000000f080d6f0, 0x00000000f0900000|  5%| O|  |TAMS 0x00000000f0800000| PB 0x00000000f0800000| Untracked 
|   9|0x00000000f0900000, 0x00000000f0900000, 0x00000000f0a00000|  0%| F|  |TAMS 0x00000000f0900000| PB 0x00000000f0900000| Untracked 
|  10|0x00000000f0a00000, 0x00000000f0a00000, 0x00000000f0b00000|  0%| F|  |TAMS 0x00000000f0a00000| PB 0x00000000f0a00000| Untracked 
|  11|0x00000000f0b00000, 0x00000000f0b00000, 0x00000000f0c00000|  0%| F|  |TAMS 0x00000000f0b00000| PB 0x00000000f0b00000| Untracked 
|  12|0x00000000f0c00000, 0x00000000f0c00000, 0x00000000f0d00000|  0%| F|  |TAMS 0x00000000f0c00000| PB 0x00000000f0c00000| Untracked 
|  13|0x00000000f0d00000, 0x00000000f0ded670, 0x00000000f0e00000| 92%| E|  |TAMS 0x00000000f0d00000| PB 0x00000000f0d00000| Complete 
|  14|0x00000000f0e00000, 0x00000000f0f00000, 0x00000000f0f00000|100%| E|CS|TAMS 0x00000000f0e00000| PB 0x00000000f0e00000| Complete 
|  15|0x00000000f0f00000, 0x00000000f1000000, 0x00000000f1000000|100%| E|CS|TAMS 0x00000000f0f00000| PB 0x00000000f0f00000| Complete 
|  16|0x00000000f1000000, 0x00000000f1100000, 0x00000000f1100000|100%| E|CS|TAMS 0x00000000f1000000| PB 0x00000000f1000000| Complete 
|  17|0x00000000f1100000, 0x00000000f1200000, 0x00000000f1200000|100%| E|CS|TAMS 0x00000000f1100000| PB 0x00000000f1100000| Complete 
|  18|0x00000000f1200000, 0x00000000f1300000, 0x00000000f1300000|100%| E|CS|TAMS 0x00000000f1200000| PB 0x00000000f1200000| Complete 
|  19|0x00000000f1300000, 0x00000000f1400000, 0x00000000f1400000|100%| E|CS|TAMS 0x00000000f1300000| PB 0x00000000f1300000| Complete 
| 221|0x00000000fdd00000, 0x00000000fde00000, 0x00000000fde00000|100%| E|CS|TAMS 0x00000000fdd00000| PB 0x00000000fdd00000| Complete 
| 222|0x00000000fde00000, 0x00000000fdf00000, 0x00000000fdf00000|100%| E|CS|TAMS 0x00000000fde00000| PB 0x00000000fde00000| Complete 
| 223|0x00000000fdf00000, 0x00000000fe000000, 0x00000000fe000000|100%| E|CS|TAMS 0x00000000fdf00000| PB 0x00000000fdf00000| Complete 
| 249|0x00000000ff900000, 0x00000000ffa00000, 0x00000000ffa00000|100%| E|CS|TAMS 0x00000000ff900000| PB 0x00000000ff900000| Complete 

Card table byte_map: [0x0000018ce6b10000,0x0000018ce6b90000] _byte_map_base: 0x0000018ce6390000

Marking Bits: (CMBitMap*) 0x0000018cd3bf18a0
 Bits: [0x0000018ce6b90000, 0x0000018ce6f90000)

Polling page: 0x0000018cd1c30000

Metaspace:

Usage:
  Non-class:     27.30 MB used.
      Class:      3.14 MB used.
       Both:     30.44 MB used.

Virtual space:
  Non-class space:       64.00 MB reserved,      27.50 MB ( 43%) committed,  1 nodes.
      Class space:        1.00 GB reserved,       3.31 MB ( <1%) committed,  1 nodes.
             Both:        1.06 GB reserved,      30.81 MB (  3%) committed. 

Chunk freelists:
   Non-Class:  4.50 MB
       Class:  12.51 MB
        Both:  17.01 MB

MaxMetaspaceSize: unlimited
CompressedClassSpaceSize: 1.00 GB
Initial GC threshold: 21.00 MB
Current GC threshold: 51.19 MB
CDS: on
 - commit_granule_bytes: 65536.
 - commit_granule_words: 8192.
 - virtual_space_node_default_size: 8388608.
 - enlarge_chunks_in_place: 1.
 - use_allocation_guard: 0.


Internal statistics:

num_allocs_failed_limit: 3.
num_arena_births: 504.
num_arena_deaths: 16.
num_vsnodes_births: 2.
num_vsnodes_deaths: 0.
num_space_committed: 493.
num_space_uncommitted: 0.
num_chunks_returned_to_freelist: 21.
num_chunks_taken_from_freelist: 1456.
num_chunk_merges: 2.
num_chunk_splits: 1049.
num_chunks_enlarged: 822.
num_inconsistent_stats: 0.

CodeHeap 'non-profiled nmethods': size=120000Kb used=3380Kb max_used=3406Kb free=116619Kb
 bounds [0x0000018cdf2b0000, 0x0000018cdf610000, 0x0000018ce67e0000]
CodeHeap 'profiled nmethods': size=120000Kb used=9949Kb max_used=12061Kb free=110051Kb
 bounds [0x0000018cd77e0000, 0x0000018cd83b0000, 0x0000018cded10000]
CodeHeap 'non-nmethods': size=5760Kb used=2241Kb max_used=2290Kb free=3519Kb
 bounds [0x0000018cded10000, 0x0000018cdef80000, 0x0000018cdf2b0000]
CodeCache: size=245760Kb, used=15570Kb, max_used=17757Kb, free=230189Kb
 total_blobs=6373, nmethods=5042, adapters=1235, full_count=0
Compilation: enabled, stopped_count=0, restarted_count=0

Compilation events (20 events):
Event: 151.479 Thread 0x0000018ce9b5e3e0 5844       3       sun.util.locale.LanguageTag::parseExtensions (208 bytes)
Event: 151.481 Thread 0x0000018ce9b5e3e0 nmethod 5844 0x0000018cd7983590 code [0x0000018cd7983960, 0x0000018cd7985040]
Event: 151.481 Thread 0x0000018ce9b5e3e0 5857       3       sun.util.locale.provider.LocaleProviderAdapter::lambda$toLocaleArray$0 (135 bytes)
Event: 151.481 Thread 0x0000018cf38787a0 5868       4       java.util.regex.Matcher::search (154 bytes)
Event: 151.481 Thread 0x0000018ce9b5e3e0 nmethod 5857 0x0000018cd7f5cc90 code [0x0000018cd7f5cec0, 0x0000018cd7f5d580]
Event: 151.481 Thread 0x0000018ce9b5e3e0 5859       3       sun.util.locale.BaseLocale$Cache::normalizeKey (9 bytes)
Event: 151.481 Thread 0x0000018ce9b5e3e0 nmethod 5859 0x0000018cd78e9010 code [0x0000018cd78e91c0, 0x0000018cd78e9448]
Event: 151.481 Thread 0x0000018ce9b5e3e0 5860       3       sun.util.locale.BaseLocale$Cache::normalizeKey (5 bytes)
Event: 151.481 Thread 0x0000018ce9b5e3e0 nmethod 5860 0x0000018cd7972c10 code [0x0000018cd7972dc0, 0x0000018cd7972ef8]
Event: 151.481 Thread 0x0000018ce9b5e3e0 5861       3       sun.util.locale.LanguageTag::isRegion (36 bytes)
Event: 151.483 Thread 0x0000018ce9b5e3e0 nmethod 5861 0x0000018cd7f95b90 code [0x0000018cd7f95ea0, 0x0000018cd7f97170]
Event: 151.483 Thread 0x0000018ce9b5e3e0 5867       1       java.lang.reflect.Constructor::getSharedParameterTypes (5 bytes)
Event: 151.483 Thread 0x0000018ce9b5e3e0 nmethod 5867 0x0000018cdf3c7210 code [0x0000018cdf3c73a0, 0x0000018cdf3c7468]
Event: 151.483 Thread 0x0000018ce9b5e3e0 5869       1       java.lang.reflect.Constructor::getDeclaringClass (5 bytes)
Event: 151.484 Thread 0x0000018ce9b5e3e0 nmethod 5869 0x0000018cdf3c6f10 code [0x0000018cdf3c70a0, 0x0000018cdf3c7168]
Event: 151.494 Thread 0x0000018cf38787a0 nmethod 5868 0x0000018cdf382690 code [0x0000018cdf3828c0, 0x0000018cdf383358]
Event: 151.512 Thread 0x0000018cf387a2e0 5870       4       java.lang.StringUTF16::getChar (60 bytes)
Event: 151.513 Thread 0x0000018cf387a2e0 nmethod 5870 0x0000018cdf3c6b90 code [0x0000018cdf3c6d20, 0x0000018cdf3c6e08]
Event: 151.521 Thread 0x0000018ce9b5e3e0 5871       3       java.lang.AbstractStringBuilder::append (77 bytes)
Event: 151.522 Thread 0x0000018ce9b5e3e0 nmethod 5871 0x0000018cd7f44690 code [0x0000018cd7f448a0, 0x0000018cd7f44f48]

GC Heap History (20 events):
Event: 5.568 GC heap before
{Heap before GC invocations=4 (full 0):
 garbage-first heap   total 256000K, used 27159K [0x00000000f0000000, 0x0000000100000000)
  region size 1024K, 26 young (26624K), 2 survivors (2048K)
 Metaspace       used 21213K, committed 21504K, reserved 1114112K
  class space    used 2215K, committed 2368K, reserved 1048576K
}
Event: 5.572 GC heap after
{Heap after GC invocations=5 (full 0):
 garbage-first heap   total 256000K, used 5969K [0x00000000f0000000, 0x0000000100000000)
  region size 1024K, 3 young (3072K), 3 survivors (3072K)
 Metaspace       used 21213K, committed 21504K, reserved 1114112K
  class space    used 2215K, committed 2368K, reserved 1048576K
}
Event: 6.070 GC heap before
{Heap before GC invocations=6 (full 0):
 garbage-first heap   total 20480K, used 19281K [0x00000000f0000000, 0x0000000100000000)
  region size 1024K, 17 young (17408K), 3 survivors (3072K)
 Metaspace       used 22291K, committed 22592K, reserved 1114112K
  class space    used 2299K, committed 2432K, reserved 1048576K
}
Event: 6.074 GC heap after
{Heap after GC invocations=7 (full 0):
 garbage-first heap   total 24576K, used 6483K [0x00000000f0000000, 0x0000000100000000)
  region size 1024K, 4 young (4096K), 4 survivors (4096K)
 Metaspace       used 22291K, committed 22592K, reserved 1114112K
  class space    used 2299K, committed 2432K, reserved 1048576K
}
Event: 6.363 GC heap before
{Heap before GC invocations=7 (full 0):
 garbage-first heap   total 24576K, used 15699K [0x00000000f0000000, 0x0000000100000000)
  region size 1024K, 14 young (14336K), 4 survivors (4096K)
 Metaspace       used 24681K, committed 24960K, reserved 1114112K
  class space    used 2618K, committed 2752K, reserved 1048576K
}
Event: 6.366 GC heap after
{Heap after GC invocations=8 (full 0):
 garbage-first heap   total 24576K, used 6725K [0x00000000f0000000, 0x0000000100000000)
  region size 1024K, 1 young (1024K), 1 survivors (1024K)
 Metaspace       used 24681K, committed 24960K, reserved 1114112K
  class space    used 2618K, committed 2752K, reserved 1048576K
}
Event: 6.701 GC heap before
{Heap before GC invocations=8 (full 0):
 garbage-first heap   total 24576K, used 19013K [0x00000000f0000000, 0x0000000100000000)
  region size 1024K, 14 young (14336K), 1 survivors (1024K)
 Metaspace       used 28964K, committed 29312K, reserved 1114112K
  class space    used 3114K, committed 3264K, reserved 1048576K
}
Event: 6.703 GC heap after
{Heap after GC invocations=9 (full 0):
 garbage-first heap   total 24576K, used 7566K [0x00000000f0000000, 0x0000000100000000)
  region size 1024K, 2 young (2048K), 2 survivors (2048K)
 Metaspace       used 28964K, committed 29312K, reserved 1114112K
  class space    used 3114K, committed 3264K, reserved 1048576K
}
Event: 16.274 GC heap before
{Heap before GC invocations=9 (full 0):
 garbage-first heap   total 24576K, used 19854K [0x00000000f0000000, 0x0000000100000000)
  region size 1024K, 14 young (14336K), 2 survivors (2048K)
 Metaspace       used 30966K, committed 31424K, reserved 1114112K
  class space    used 3206K, committed 3392K, reserved 1048576K
}
Event: 16.276 GC heap after
{Heap after GC invocations=10 (full 0):
 garbage-first heap   total 24576K, used 7888K [0x00000000f0000000, 0x0000000100000000)
  region size 1024K, 2 young (2048K), 2 survivors (2048K)
 Metaspace       used 30966K, committed 31424K, reserved 1114112K
  class space    used 3206K, committed 3392K, reserved 1048576K
}
Event: 29.373 GC heap before
{Heap before GC invocations=10 (full 0):
 garbage-first heap   total 24576K, used 20176K [0x00000000f0000000, 0x0000000100000000)
  region size 1024K, 14 young (14336K), 2 survivors (2048K)
 Metaspace       used 31013K, committed 31424K, reserved 1114112K
  class space    used 3206K, committed 3392K, reserved 1048576K
}
Event: 29.375 GC heap after
{Heap after GC invocations=11 (full 0):
 garbage-first heap   total 24576K, used 7942K [0x00000000f0000000, 0x0000000100000000)
  region size 1024K, 1 young (1024K), 1 survivors (1024K)
 Metaspace       used 31013K, committed 31424K, reserved 1114112K
  class space    used 3206K, committed 3392K, reserved 1048576K
}
Event: 35.201 GC heap before
{Heap before GC invocations=11 (full 0):
 garbage-first heap   total 24576K, used 13062K [0x00000000f0000000, 0x0000000100000000)
  region size 1024K, 7 young (7168K), 1 survivors (1024K)
 Metaspace       used 31015K, committed 31424K, reserved 1114112K
  class space    used 3206K, committed 3392K, reserved 1048576K
}
Event: 35.221 GC heap after
{Heap after GC invocations=12 (full 1):
 garbage-first heap   total 24576K, used 7275K [0x00000000f0000000, 0x0000000100000000)
  region size 1024K, 0 young (0K), 0 survivors (0K)
 Metaspace       used 30999K, committed 31424K, reserved 1114112K
  class space    used 3201K, committed 3392K, reserved 1048576K
}
Event: 48.555 GC heap before
{Heap before GC invocations=12 (full 1):
 garbage-first heap   total 24576K, used 19563K [0x00000000f0000000, 0x0000000100000000)
  region size 1024K, 12 young (12288K), 0 survivors (0K)
 Metaspace       used 30999K, committed 31424K, reserved 1114112K
  class space    used 3201K, committed 3392K, reserved 1048576K
}
Event: 48.557 GC heap after
{Heap after GC invocations=13 (full 1):
 garbage-first heap   total 24576K, used 7445K [0x00000000f0000000, 0x0000000100000000)
  region size 1024K, 1 young (1024K), 1 survivors (1024K)
 Metaspace       used 30999K, committed 31424K, reserved 1114112K
  class space    used 3201K, committed 3392K, reserved 1048576K
}
Event: 62.338 GC heap before
{Heap before GC invocations=13 (full 1):
 garbage-first heap   total 24576K, used 19733K [0x00000000f0000000, 0x0000000100000000)
  region size 1024K, 13 young (13312K), 1 survivors (1024K)
 Metaspace       used 31000K, committed 31424K, reserved 1114112K
  class space    used 3202K, committed 3392K, reserved 1048576K
}
Event: 62.339 GC heap after
{Heap after GC invocations=14 (full 1):
 garbage-first heap   total 24576K, used 7446K [0x00000000f0000000, 0x0000000100000000)
  region size 1024K, 1 young (1024K), 1 survivors (1024K)
 Metaspace       used 31000K, committed 31424K, reserved 1114112K
  class space    used 3202K, committed 3392K, reserved 1048576K
}
Event: 65.237 GC heap before
{Heap before GC invocations=14 (full 1):
 garbage-first heap   total 24576K, used 9494K [0x00000000f0000000, 0x0000000100000000)
  region size 1024K, 4 young (4096K), 1 survivors (1024K)
 Metaspace       used 31000K, committed 31424K, reserved 1114112K
  class space    used 3202K, committed 3392K, reserved 1048576K
}
Event: 65.255 GC heap after
{Heap after GC invocations=15 (full 2):
 garbage-first heap   total 24576K, used 7276K [0x00000000f0000000, 0x0000000100000000)
  region size 1024K, 0 young (0K), 0 survivors (0K)
 Metaspace       used 31000K, committed 31424K, reserved 1114112K
  class space    used 3202K, committed 3392K, reserved 1048576K
}

Dll operation events (3 events):
Event: 0.005 Loaded shared library C:\Users\Anant.gupta\.jdks\jbr-21.0.11\bin\java.dll
Event: 0.032 Loaded shared library C:\Users\Anant.gupta\.jdks\jbr-21.0.11\bin\jsvml.dll
Event: 0.227 Loaded shared library C:\Users\Anant.gupta\.jdks\jbr-21.0.11\bin\zip.dll

Deoptimization events (20 events):
Event: 151.501 Thread 0x0000018cf4094550 Uncommon trap: trap_request=0xffffff45 fr.pc=0x0000018cdf2bf44c relative=0x000000000000046c
Event: 151.501 Thread 0x0000018cf4094550 Uncommon trap: reason=unstable_if action=reinterpret pc=0x0000018cdf2bf44c method=java.lang.AbstractStringBuilder.isLatin1()Z @ 10 c2
Event: 151.501 Thread 0x0000018cf4094550 DEOPT PACKING pc=0x0000018cdf2bf44c sp=0x00000021e62fe130
Event: 151.501 Thread 0x0000018cf4094550 DEOPT UNPACKING pc=0x0000018cded64422 sp=0x00000021e62fe0c0 mode 2
Event: 151.504 Thread 0x0000018cf4094550 Uncommon trap: trap_request=0xffffff45 fr.pc=0x0000018cdf364374 relative=0x0000000000000054
Event: 151.504 Thread 0x0000018cf4094550 Uncommon trap: reason=unstable_if action=reinterpret pc=0x0000018cdf364374 method=java.lang.CharacterData.of(I)Ljava/lang/CharacterData; @ 4 c2
Event: 151.504 Thread 0x0000018cf4094550 DEOPT PACKING pc=0x0000018cdf364374 sp=0x00000021e62fdd50
Event: 151.504 Thread 0x0000018cf4094550 DEOPT UNPACKING pc=0x0000018cded64422 sp=0x00000021e62fdce8 mode 2
Event: 151.531 Thread 0x0000018cf4094550 Uncommon trap: trap_request=0xffffff45 fr.pc=0x0000018cdf4ead88 relative=0x0000000000000468
Event: 151.531 Thread 0x0000018cf4094550 Uncommon trap: reason=unstable_if action=reinterpret pc=0x0000018cdf4ead88 method=kotlinx.coroutines.JobSupport.tryMakeCompleting(Ljava/lang/Object;Ljava/lang/Object;)Ljava/lang/Object; @ 36 c2
Event: 151.531 Thread 0x0000018cf4094550 DEOPT PACKING pc=0x0000018cdf4ead88 sp=0x00000021e62fef20
Event: 151.531 Thread 0x0000018cf4094550 DEOPT UNPACKING pc=0x0000018cded64422 sp=0x00000021e62fee08 mode 2
Event: 151.531 Thread 0x0000018cf4094550 Uncommon trap: trap_request=0xffffff45 fr.pc=0x0000018cdf4d9aa4 relative=0x0000000000000084
Event: 151.531 Thread 0x0000018cf4094550 Uncommon trap: reason=unstable_if action=reinterpret pc=0x0000018cdf4d9aa4 method=kotlinx.coroutines.AbstractCoroutine.onCompletionInternal(Ljava/lang/Object;)V @ 4 c2
Event: 151.531 Thread 0x0000018cf4094550 DEOPT PACKING pc=0x0000018cdf4d9aa4 sp=0x00000021e62fec20
Event: 151.531 Thread 0x0000018cf4094550 DEOPT UNPACKING pc=0x0000018cded64422 sp=0x00000021e62febc0 mode 2
Event: 151.531 Thread 0x0000018ceee62ba0 Uncommon trap: trap_request=0xffffff45 fr.pc=0x0000018cdf482428 relative=0x0000000000000488
Event: 151.531 Thread 0x0000018ceee62ba0 Uncommon trap: reason=unstable_if action=reinterpret pc=0x0000018cdf482428 method=kotlinx.coroutines.DispatchedTask.run()V @ 126 c2
Event: 151.531 Thread 0x0000018ceee62ba0 DEOPT PACKING pc=0x0000018cdf482428 sp=0x00000021e2efe850
Event: 151.531 Thread 0x0000018ceee62ba0 DEOPT UNPACKING pc=0x0000018cded64422 sp=0x00000021e2efe788 mode 2

Classes loaded (20 events):
Event: 7.952 Loading class javax/swing/Scrollable done
Event: 7.952 Loading class javax/swing/text/JTextComponent done
Event: 149.981 Loading class java/util/WeakHashMap$EntrySet
Event: 149.982 Loading class java/util/WeakHashMap$EntrySet done
Event: 149.982 Loading class java/util/WeakHashMap$EntryIterator
Event: 149.983 Loading class java/util/WeakHashMap$EntryIterator done
Event: 149.984 Loading class javax/swing/RepaintManager$DisplayChangedRunnable
Event: 149.984 Loading class javax/swing/RepaintManager$DisplayChangedRunnable done
Event: 149.986 Loading class javax/swing/SwingHeavyWeight
Event: 149.986 Loading class javax/swing/SwingHeavyWeight done
Event: 149.987 Loading class sun/awt/event/IgnorePaintEvent
Event: 149.987 Loading class sun/awt/event/IgnorePaintEvent done
Event: 149.997 Loading class sun/java2d/d3d/D3DSurfaceData$D3DWindowSurfaceData
Event: 149.997 Loading class sun/java2d/d3d/D3DSurfaceData
Event: 149.998 Loading class sun/java2d/pipe/hw/AccelSurface
Event: 149.998 Loading class sun/java2d/pipe/hw/AccelSurface done
Event: 149.998 Loading class sun/java2d/d3d/D3DSurfaceData done
Event: 149.998 Loading class sun/java2d/d3d/D3DSurfaceData$D3DWindowSurfaceData done
Event: 151.497 Loading class sun/text/resources/cldr/FormatData_en_US
Event: 151.497 Loading class sun/text/resources/cldr/FormatData_en_US done

Classes unloaded (8 events):
Event: 35.206 Thread 0x0000018ce99f3c30 Unloading class 0x0000018c8213e400 'jdk/internal/reflect/GeneratedSerializationConstructorAccessor6'
Event: 35.206 Thread 0x0000018ce99f3c30 Unloading class 0x0000018c820e2000 'java/lang/invoke/LambdaForm$MH+0x0000018c820e2000'
Event: 35.206 Thread 0x0000018ce99f3c30 Unloading class 0x0000018c820e1c00 'java/lang/invoke/LambdaForm$MH+0x0000018c820e1c00'
Event: 35.206 Thread 0x0000018ce99f3c30 Unloading class 0x0000018c820e0c00 'java/lang/invoke/LambdaForm$MH+0x0000018c820e0c00'
Event: 35.206 Thread 0x0000018ce99f3c30 Unloading class 0x0000018c820e0800 'java/lang/invoke/LambdaForm$MH+0x0000018c820e0800'
Event: 35.206 Thread 0x0000018ce99f3c30 Unloading class 0x0000018c820dd000 'java/lang/invoke/LambdaForm$MH+0x0000018c820dd000'
Event: 35.206 Thread 0x0000018ce99f3c30 Unloading class 0x0000018c820dc800 'java/lang/invoke/LambdaForm$MH+0x0000018c820dc800'
Event: 35.206 Thread 0x0000018ce99f3c30 Unloading class 0x0000018c82084400 'java/lang/invoke/LambdaForm$DMH+0x0000018c82084400'

Classes redefined (0 events):
No events

Internal exceptions (20 events):
Event: 6.409 Thread 0x0000018ceee62ba0 Exception <a 'java/lang/NoSuchMethodError'{0x00000000fde90370}: 'java.lang.Object java.lang.invoke.DirectMethodHandle$Holder.invokeStatic(java.lang.Object, java.lang.Object, int, java.lang.Object, long)'> (0x00000000fde90370) 
thrown [s\src\hotspot\share\interpreter\linkResolver.cpp, line 784]
Event: 6.410 Thread 0x0000018ceee62ba0 Exception <a 'java/lang/NoSuchMethodError'{0x00000000fde98000}: 'java.lang.Object java.lang.invoke.DirectMethodHandle$Holder.newInvokeSpecial(java.lang.Object, java.lang.Object, int, java.lang.Object, long)'> (0x00000000fde98000) 
thrown [s\src\hotspot\share\interpreter\linkResolver.cpp, line 784]
Event: 6.412 Thread 0x0000018ceee62ba0 Exception <a 'java/lang/NoSuchMethodError'{0x00000000fdead448}: 'java.lang.Object java.lang.invoke.DirectMethodHandle$Holder.invokeStatic(java.lang.Object, java.lang.Object, java.lang.Object, long, java.lang.Object)'> (0x00000000fdead448) 
thrown [s\src\hotspot\share\interpreter\linkResolver.cpp, line 784]
Event: 6.412 Thread 0x0000018ceee62ba0 Exception <a 'java/lang/NoSuchMethodError'{0x00000000fdeb5250}: 'java.lang.Object java.lang.invoke.DirectMethodHandle$Holder.newInvokeSpecial(java.lang.Object, java.lang.Object, java.lang.Object, long)'> (0x00000000fdeb5250) 
thrown [s\src\hotspot\share\interpreter\linkResolver.cpp, line 784]
Event: 6.412 Thread 0x0000018ceee62ba0 Exception <a 'java/lang/NoSuchMethodError'{0x00000000fdeb9b60}: 'java.lang.Object java.lang.invoke.DirectMethodHandle$Holder.invokeSpecial(java.lang.Object, java.lang.Object, java.lang.Object, java.lang.Object, long)'> (0x00000000fdeb9b60) 
thrown [s\src\hotspot\share\interpreter\linkResolver.cpp, line 784]
Event: 6.412 Thread 0x0000018ceee62ba0 Exception <a 'java/lang/NoSuchMethodError'{0x00000000fdebdfe0}: 'java.lang.Object java.lang.invoke.Invokers$Holder.linkToTargetMethod(java.lang.Object, java.lang.Object, long, java.lang.Object)'> (0x00000000fdebdfe0) 
thrown [s\src\hotspot\share\interpreter\linkResolver.cpp, line 784]
Event: 6.447 Thread 0x0000018ceee62ba0 Exception <a 'java/lang/NoSuchMethodError'{0x00000000f13ccf38}: 'java.lang.Object java.lang.invoke.DirectMethodHandle$Holder.invokeSpecial(java.lang.Object, java.lang.Object, java.lang.Object, java.lang.Object, int, int)'> (0x00000000f13ccf38) 
thrown [s\src\hotspot\share\interpreter\linkResolver.cpp, line 784]
Event: 6.447 Thread 0x0000018ceee62ba0 Exception <a 'java/lang/NoSuchMethodError'{0x00000000f13dc398}: 'java.lang.Object java.lang.invoke.DirectMethodHandle$Holder.newInvokeSpecial(java.lang.Object, java.lang.Object, java.lang.Object, java.lang.Object, int)'> (0x00000000f13dc398) 
thrown [s\src\hotspot\share\interpreter\linkResolver.cpp, line 784]
Event: 6.448 Thread 0x0000018ceee62ba0 Exception <a 'java/lang/NoSuchMethodError'{0x00000000f13e0688}: 'java.lang.Object java.lang.invoke.DirectMethodHandle$Holder.invokeSpecial(java.lang.Object, java.lang.Object, java.lang.Object, java.lang.Object, java.lang.Object, int)'> (0x00000000f13e0688) 
thrown [s\src\hotspot\share\interpreter\linkResolver.cpp, line 784]
Event: 6.448 Thread 0x0000018ceee62ba0 Exception <a 'java/lang/NoSuchMethodError'{0x00000000f13e3ee0}: 'java.lang.Object java.lang.invoke.Invokers$Holder.linkToTargetMethod(java.lang.Object, java.lang.Object, java.lang.Object, int, java.lang.Object)'> (0x00000000f13e3ee0) 
thrown [s\src\hotspot\share\interpreter\linkResolver.cpp, line 784]
Event: 6.483 Thread 0x0000018ceee62ba0 Exception <a 'java/lang/NoSuchMethodError'{0x00000000f11ca768}: 'java.lang.Object java.lang.invoke.DirectMethodHandle$Holder.invokeStatic(java.lang.Object, java.lang.Object, java.lang.Object, long)'> (0x00000000f11ca768) 
thrown [s\src\hotspot\share\interpreter\linkResolver.cpp, line 784]
Event: 6.507 Thread 0x0000018ceee62ba0 Exception <a 'java/lang/NoSuchMethodError'{0x00000000f0fe8d40}: 'java.lang.Object java.lang.invoke.DirectMethodHandle$Holder.newInvokeSpecial(java.lang.Object, java.lang.Object, java.lang.Object, java.lang.Object, int, int, java.lang.Object)'> (0x00000000f0fe8d40) 
thrown [s\src\hotspot\share\interpreter\linkResolver.cpp, line 784]
Event: 6.511 Thread 0x0000018ceee62ba0 Exception <a 'java/lang/NoSuchMethodError'{0x00000000f0e2bf28}: 'java.lang.Object java.lang.invoke.DirectMethodHandle$Holder.newInvokeSpecial(java.lang.Object, java.lang.Object, java.lang.Object, int, int, java.lang.Object, java.lang.Object)'> (0x00000000f0e2bf28) 
thrown [s\src\hotspot\share\interpreter\linkResolver.cpp, line 784]
Event: 6.512 Thread 0x0000018ceee62ba0 Exception <a 'java/lang/NoSuchMethodError'{0x00000000f0e305b8}: 'java.lang.Object java.lang.invoke.DirectMethodHandle$Holder.invokeSpecial(java.lang.Object, java.lang.Object, java.lang.Object, java.lang.Object, int, int, java.lang.Object, java.lang.Object)'> (0x00000000f0e305b8) 
thrown [s\src\hotspot\share\interpreter\linkResolver.cpp, line 784]
Event: 6.517 Thread 0x0000018ceee62ba0 Exception <a 'java/lang/NoSuchMethodError'{0x00000000f0e76400}: 'java.lang.Object java.lang.invoke.DirectMethodHandle$Holder.newInvokeSpecial(java.lang.Object, java.lang.Object, long, long, java.lang.Object)'> (0x00000000f0e76400) 
thrown [s\src\hotspot\share\interpreter\linkResolver.cpp, line 784]
Event: 6.544 Thread 0x0000018ceee62ba0 Exception <a 'java/lang/NoSuchMethodError'{0x00000000f0c1bb30}: 'java.lang.Object java.lang.invoke.DirectMethodHandle$Holder.newInvokeSpecial(java.lang.Object, java.lang.Object, java.lang.Object, java.lang.Object, long, java.lang.Object)'> (0x00000000f0c1bb30) 
thrown [s\src\hotspot\share\interpreter\linkResolver.cpp, line 784]
Event: 6.545 Thread 0x0000018ceee62ba0 Exception <a 'java/lang/NoSuchMethodError'{0x00000000f0c20158}: 'java.lang.Object java.lang.invoke.DirectMethodHandle$Holder.invokeSpecial(java.lang.Object, java.lang.Object, java.lang.Object, java.lang.Object, java.lang.Object, long, java.lang.Object)'> (0x00000000f0c20158) 
thrown [s\src\hotspot\share\interpreter\linkResolver.cpp, line 784]
Event: 6.683 Thread 0x0000018ceee62ba0 Exception <a 'java/lang/NoSuchMethodError'{0x00000000f0b42dc0}: 'java.lang.Object java.lang.invoke.Invokers$Holder.invoke_MT(java.lang.Object, java.lang.Object, java.lang.Object, java.lang.Object, java.lang.Object, java.lang.Object, java.lang.Object, java.lang.Object, java.lang.Object, java.lang.Object)'> (0x00000000f0b42dc0) 
thrown [s\src\hotspot\share\interpreter\linkResolver.cpp, line 784]
Event: 6.710 Thread 0x0000018ceee62ba0 Exception <a 'java/lang/NoSuchMethodError'{0x00000000ff98be80}: 'java.lang.Object java.lang.invoke.DirectMethodHandle$Holder.invokeStatic(java.lang.Object, java.lang.Object, int, java.lang.Object)'> (0x00000000ff98be80) 
thrown [s\src\hotspot\share\interpreter\linkResolver.cpp, line 784]
Event: 149.977 Thread 0x0000018ceee62ba0 Exception <a 'java/lang/NoSuchMethodError'{0x00000000f12fa998}: 'void java.lang.invoke.DirectMethodHandle$Holder.invokeInterface(java.lang.Object, java.lang.Object)'> (0x00000000f12fa998) 
thrown [s\src\hotspot\share\interpreter\linkResolver.cpp, line 784]

ZGC Phase Switch (0 events):
No events

VM Operations (20 events):
Event: 62.338 Executing safepoint VM operation: G1CollectForAllocation (G1 Evacuation Pause)
Event: 62.339 Executing safepoint VM operation: G1CollectForAllocation (G1 Evacuation Pause) done
Event: 64.342 Executing safepoint VM operation: Cleanup
Event: 64.342 Executing safepoint VM operation: Cleanup done
Event: 65.237 Executing safepoint VM operation: G1CollectFull (System.gc())
Event: 65.255 Executing safepoint VM operation: G1CollectFull (System.gc()) done
Event: 145.724 Executing non-safepoint VM operation: HandshakeAllThreads (HandshakeForDeflation)
Event: 145.725 Executing non-safepoint VM operation: HandshakeAllThreads (HandshakeForDeflation) done
Event: 145.725 Executing non-safepoint VM operation: RendezvousGCThreads
Event: 145.725 Executing non-safepoint VM operation: RendezvousGCThreads done
Event: 149.988 Executing non-safepoint VM operation: HandshakeAllThreads (Deoptimize)
Event: 149.988 Executing non-safepoint VM operation: HandshakeAllThreads (Deoptimize) done
Event: 149.988 Executing safepoint VM operation: Cleanup
Event: 149.989 Executing safepoint VM operation: Cleanup done
Event: 151.001 Executing safepoint VM operation: Cleanup
Event: 151.001 Executing safepoint VM operation: Cleanup done
Event: 151.359 Executing non-safepoint VM operation: HandshakeAllThreads (Deoptimize)
Event: 151.359 Executing non-safepoint VM operation: HandshakeAllThreads (Deoptimize) done
Event: 151.507 Executing non-safepoint VM operation: HandshakeAllThreads (Deoptimize)
Event: 151.507 Executing non-safepoint VM operation: HandshakeAllThreads (Deoptimize) done

Memory protections (0 events):
No events

Nmethod flushes (20 events):
Event: 65.245 Thread 0x0000018ce99f3c30 flushing  nmethod 0x0000018cd8043090
Event: 65.245 Thread 0x0000018ce99f3c30 flushing  nmethod 0x0000018cd8043890
Event: 65.245 Thread 0x0000018ce99f3c30 flushing  nmethod 0x0000018cd8047010
Event: 65.245 Thread 0x0000018ce99f3c30 flushing  nmethod 0x0000018cd804b390
Event: 65.245 Thread 0x0000018ce99f3c30 flushing  nmethod 0x0000018cd8067d10
Event: 65.245 Thread 0x0000018ce99f3c30 flushing  nmethod 0x0000018cd806b410
Event: 65.245 Thread 0x0000018ce99f3c30 flushing  nmethod 0x0000018cd8089490
Event: 65.245 Thread 0x0000018ce99f3c30 flushing  nmethod 0x0000018cd8098710
Event: 65.245 Thread 0x0000018ce99f3c30 flushing  nmethod 0x0000018cd80b4e90
Event: 65.245 Thread 0x0000018ce99f3c30 flushing  nmethod 0x0000018cd80c8590
Event: 65.245 Thread 0x0000018ce99f3c30 flushing  nmethod 0x0000018cd80c9590
Event: 65.245 Thread 0x0000018ce99f3c30 flushing  nmethod 0x0000018cd80ce090
Event: 65.245 Thread 0x0000018ce99f3c30 flushing  nmethod 0x0000018cd80d2010
Event: 65.245 Thread 0x0000018ce99f3c30 flushing  nmethod 0x0000018cd810b690
Event: 65.245 Thread 0x0000018ce99f3c30 flushing  nmethod 0x0000018cd8123310
Event: 65.245 Thread 0x0000018ce99f3c30 flushing  nmethod 0x0000018cd813f490
Event: 65.245 Thread 0x0000018ce99f3c30 flushing  nmethod 0x0000018cd8157090
Event: 65.245 Thread 0x0000018ce99f3c30 flushing  nmethod 0x0000018cd81d2a90
Event: 65.245 Thread 0x0000018ce99f3c30 flushing  nmethod 0x0000018cd8201490
Event: 65.245 Thread 0x0000018ce99f3c30 flushing  nmethod 0x0000018cd829a710

Events (20 events):
Event: 6.735 Thread 0x0000018ceee62ba0 Thread added: 0x0000018cf4094550
Event: 7.193 Thread 0x0000018ce9e02470 Thread exited: 0x0000018ce9e02470
Event: 11.347 Thread 0x0000018ceee638c0 Thread exited: 0x0000018ceee638c0
Event: 19.923 Thread 0x0000018ceee63f50 Thread exited: 0x0000018ceee63f50
Event: 62.771 Thread 0x0000018cee315640 Thread exited: 0x0000018cee315640
Event: 66.502 Thread 0x0000018cf37c01f0 Thread exited: 0x0000018cf37c01f0
Event: 66.502 Thread 0x0000018cf37bd400 Thread exited: 0x0000018cf37bd400
Event: 66.517 Thread 0x0000018cf37c3670 Thread exited: 0x0000018cf37c3670
Event: 66.517 Thread 0x0000018cf37bee40 Thread exited: 0x0000018cf37bee40
Event: 66.517 Thread 0x0000018cf37bcd70 Thread exited: 0x0000018cf37bcd70
Event: 66.517 Thread 0x0000018cf37be7b0 Thread exited: 0x0000018cf37be7b0
Event: 66.517 Thread 0x0000018cee316360 Thread exited: 0x0000018cee316360
Event: 66.518 Thread 0x0000018cee3169f0 Thread exited: 0x0000018cee3169f0
Event: 66.518 Thread 0x0000018cf37c1c30 Thread exited: 0x0000018cf37c1c30
Event: 66.518 Thread 0x0000018cf37bc6e0 Thread exited: 0x0000018cf37bc6e0
Event: 66.518 Thread 0x0000018cf37c0880 Thread exited: 0x0000018cf37c0880
Event: 66.518 Thread 0x0000018cf37c22c0 Thread exited: 0x0000018cf37c22c0
Event: 66.518 Thread 0x0000018cf37c2950 Thread exited: 0x0000018cf37c2950
Event: 151.391 Thread 0x0000018ce9b5e3e0 Thread added: 0x0000018cf38787a0
Event: 151.396 Thread 0x0000018ce9b5e3e0 Thread added: 0x0000018cf387a2e0


Dynamic libraries:
0x00007ff6657c0000 - 0x00007ff6657ca000 	C:\Users\Anant.gupta\.jdks\jbr-21.0.11\bin\java.exe
0x00007ffa3f100000 - 0x00007ffa3f366000 	C:\Windows\SYSTEM32\ntdll.dll
0x00007ffa3e820000 - 0x00007ffa3e8e9000 	C:\Windows\System32\KERNEL32.DLL
0x00007ffa3c560000 - 0x00007ffa3c95e000 	C:\Windows\System32\KERNELBASE.dll
0x00007ffa3cc10000 - 0x00007ffa3cd5c000 	C:\Windows\System32\ucrtbase.dll
0x00007ffa2a2b0000 - 0x00007ffa2a2c8000 	C:\Users\Anant.gupta\.jdks\jbr-21.0.11\bin\jli.dll
0x00007ffa240e0000 - 0x00007ffa240fe000 	C:\Users\Anant.gupta\.jdks\jbr-21.0.11\bin\VCRUNTIME140.dll
0x00007ffa3cf80000 - 0x00007ffa3d147000 	C:\Windows\System32\USER32.dll
0x00007ffa3c4a0000 - 0x00007ffa3c4c7000 	C:\Windows\System32\win32u.dll
0x00007ffa3ce30000 - 0x00007ffa3ce5b000 	C:\Windows\System32\GDI32.dll
0x00007ffa1fcd0000 - 0x00007ffa1ff62000 	C:\Windows\WinSxS\amd64_microsoft.windows.common-controls_6595b64144ccf1df_6.0.26100.8875_none_3e0d5d42e32fe9dd\COMCTL32.dll
0x00007ffa3cae0000 - 0x00007ffa3cc0a000 	C:\Windows\System32\gdi32full.dll
0x00007ffa3df90000 - 0x00007ffa3e039000 	C:\Windows\System32\msvcrt.dll
0x00007ffa3c970000 - 0x00007ffa3ca13000 	C:\Windows\System32\msvcp_win.dll
0x00007ffa3df50000 - 0x00007ffa3df82000 	C:\Windows\System32\IMM32.DLL
0x00007ffa2a8a0000 - 0x00007ffa2a8ac000 	C:\Users\Anant.gupta\.jdks\jbr-21.0.11\bin\vcruntime140_1.dll
0x00007ffa0d340000 - 0x00007ffa0d3c9000 	C:\Users\Anant.gupta\.jdks\jbr-21.0.11\bin\msvcp140.dll
0x00007ff979aa0000 - 0x00007ff97a86e000 	C:\Users\Anant.gupta\.jdks\jbr-21.0.11\bin\server\jvm.dll
0x00007ffa3dad0000 - 0x00007ffa3db87000 	C:\Windows\System32\ADVAPI32.dll
0x00007ffa3e040000 - 0x00007ffa3e0ea000 	C:\Windows\System32\sechost.dll
0x00007ffa3e5a0000 - 0x00007ffa3e6b8000 	C:\Windows\System32\RPCRT4.dll
0x00007ffa3dba0000 - 0x00007ffa3dc20000 	C:\Windows\System32\WS2_32.dll
0x00007ffa3c1a0000 - 0x00007ffa3c1fe000 	C:\Windows\SYSTEM32\POWRPROF.dll
0x00007ffa28c50000 - 0x00007ffa28c86000 	C:\Windows\SYSTEM32\WINMM.dll
0x00007ffa21960000 - 0x00007ffa2196b000 	C:\Windows\SYSTEM32\VERSION.dll
0x00007ffa3c180000 - 0x00007ffa3c194000 	C:\Windows\SYSTEM32\UMPDC.dll
0x00007ffa3afe0000 - 0x00007ffa3affb000 	C:\Windows\SYSTEM32\kernel.appcore.dll
0x00007ffa2a410000 - 0x00007ffa2a41a000 	C:\Users\Anant.gupta\.jdks\jbr-21.0.11\bin\jimage.dll
0x00007ffa39ae0000 - 0x00007ffa39d22000 	C:\Windows\SYSTEM32\DBGHELP.DLL
0x00007ffa3ed10000 - 0x00007ffa3f093000 	C:\Windows\System32\combase.dll
0x00007ffa3dd70000 - 0x00007ffa3de49000 	C:\Windows\System32\OLEAUT32.dll
0x00007ffa0cec0000 - 0x00007ffa0cefb000 	C:\Windows\SYSTEM32\dbgcore.DLL
0x00007ffa3cd70000 - 0x00007ffa3ce1c000 	C:\Windows\System32\bcryptPrimitives.dll
0x00007ffa223c0000 - 0x00007ffa223e1000 	C:\Users\Anant.gupta\.jdks\jbr-21.0.11\bin\java.dll
0x00007ffa3d150000 - 0x00007ffa3d8e2000 	C:\Windows\System32\SHELL32.dll
0x00007ffa39d80000 - 0x00007ffa3a612000 	C:\Windows\SYSTEM32\windows.storage.dll
0x00007ffa3e720000 - 0x00007ffa3e817000 	C:\Windows\System32\SHCORE.dll
0x00007ffa3ce60000 - 0x00007ffa3cec7000 	C:\Windows\System32\shlwapi.dll
0x00007ffa3c240000 - 0x00007ffa3c269000 	C:\Windows\SYSTEM32\profapi.dll
0x00007ff9f2930000 - 0x00007ff9f2a07000 	C:\Users\Anant.gupta\.jdks\jbr-21.0.11\bin\jsvml.dll
0x00007ffa22950000 - 0x00007ffa22961000 	C:\Users\Anant.gupta\.jdks\jbr-21.0.11\bin\net.dll
0x00007ffa357f0000 - 0x00007ffa35917000 	C:\Windows\SYSTEM32\WINHTTP.dll
0x00007ffa3b5b0000 - 0x00007ffa3b61c000 	C:\Windows\system32\mswsock.dll
0x00007ffa223a0000 - 0x00007ffa223b6000 	C:\Users\Anant.gupta\.jdks\jbr-21.0.11\bin\nio.dll
0x00007ffa234d0000 - 0x00007ffa234e8000 	C:\Users\Anant.gupta\.jdks\jbr-21.0.11\bin\zip.dll
0x00007ff9d5a50000 - 0x00007ff9d5bee000 	C:\Users\Anant.gupta\.jdks\jbr-21.0.11\bin\awt.dll
0x00007ff9f1c70000 - 0x00007ff9f1ce3000 	C:\Windows\SYSTEM32\OLEACC.dll
0x00007ffa219f0000 - 0x00007ffa21a34000 	C:\Users\Anant.gupta\.jdks\jbr-21.0.11\bin\nvdaControllerClient64.dll
0x00007ffa392f0000 - 0x00007ffa3931f000 	C:\Windows\SYSTEM32\dwmapi.dll
0x00007ffa38dd0000 - 0x00007ffa38e70000 	C:\Windows\SYSTEM32\apphelp.dll
0x00007ffa39030000 - 0x00007ffa390d9000 	C:\Windows\system32\uxtheme.dll
0x00007ffa3e8f0000 - 0x00007ffa3ea4d000 	C:\Windows\System32\MSCTF.dll
0x00007ffa3eab0000 - 0x00007ffa3ec49000 	C:\Windows\System32\ole32.dll
0x00007ffa29870000 - 0x00007ffa29879000 	C:\Users\Anant.gupta\.jdks\jbr-21.0.11\bin\extnet.dll
0x00007ffa3b8b0000 - 0x00007ffa3b8cb000 	C:\Windows\SYSTEM32\CRYPTSP.dll
0x00007ffa3af40000 - 0x00007ffa3af79000 	C:\Windows\system32\rsaenh.dll
0x00007ffa3b670000 - 0x00007ffa3b6a2000 	C:\Windows\SYSTEM32\USERENV.dll
0x00007ffa3c210000 - 0x00007ffa3c23a000 	C:\Windows\SYSTEM32\bcrypt.dll
0x00007ffa3b8d0000 - 0x00007ffa3b8dc000 	C:\Windows\SYSTEM32\CRYPTBASE.dll
0x00007ffa3a980000 - 0x00007ffa3a9b3000 	C:\Windows\SYSTEM32\IPHLPAPI.DLL
0x00007ffa3db90000 - 0x00007ffa3db9a000 	C:\Windows\System32\NSI.dll
0x00007ffa38ea0000 - 0x00007ffa38ec9000 	C:\Windows\system32\Wtsapi32.dll
0x00007ffa3c320000 - 0x00007ffa3c498000 	C:\Windows\System32\CRYPT32.dll
0x00007ffa3b2b0000 - 0x00007ffa3b2f9000 	C:\Windows\SYSTEM32\SspiCli.dll
0x00007ffa3bf10000 - 0x00007ffa3bf71000 	C:\Windows\SYSTEM32\WINSTA.dll
0x00007ff99d180000 - 0x00007ff99d28c000 	C:\Windows\system32\opengl32.dll
0x00007ff9a1250000 - 0x00007ff9a127d000 	C:\Windows\SYSTEM32\GLU32.dll
0x00007ffa39330000 - 0x00007ffa39376000 	C:\Windows\SYSTEM32\dxcore.dll
0x00007ff972ae0000 - 0x00007ff973833000 	C:\Users\Anant.gupta\.skiko\6b31a44bcc7c114ea7f9e450d8105a1e74530b1d388bf81df472890a940d3e9e\skiko-windows-x64.dll
0x00007ffa36620000 - 0x00007ffa36726000 	C:\Windows\SYSTEM32\PROPSYS.dll
0x00007ffa373f0000 - 0x00007ffa37657000 	C:\Windows\SYSTEM32\dwrite.dll
0x00007ff9fb1d0000 - 0x00007ff9fb3aa000 	C:\Windows\WinSxS\amd64_microsoft.windows.gdiplus_6595b64144ccf1df_1.1.26100.8875_none_6ef850283dc263ab\gdiplus.dll
0x00007ffa05480000 - 0x00007ffa0550b000 	C:\Users\Anant.gupta\.jdks\jbr-21.0.11\bin\freetype.dll
0x00007ff9e91a0000 - 0x00007ff9e929c000 	C:\Users\Anant.gupta\.jdks\jbr-21.0.11\bin\fontmanager.dll
0x00007ffa3dc30000 - 0x00007ffa3dcde000 	C:\Windows\System32\clbcatq.dll
0x00007ffa36fc0000 - 0x00007ffa371ed000 	C:\Windows\SYSTEM32\WindowsCodecs.dll
0x00007ffa11410000 - 0x00007ffa1146d000 	C:\Windows\system32\dataexchange.dll
0x00007ffa2ab00000 - 0x00007ffa2ad4f000 	C:\Windows\system32\twinapi.appcore.dll
0x00007ffa22170000 - 0x00007ffa22177000 	C:\Users\Anant.gupta\.jdks\jbr-21.0.11\bin\jawt.dll
0x00007ffa39160000 - 0x00007ffa3929e000 	C:\Windows\SYSTEM32\Dxgi.dll
0x00007ffa35060000 - 0x00007ffa350bf000 	C:\Windows\SYSTEM32\directxdatabasehelper.dll
0x00007ffa3be80000 - 0x00007ffa3bed1000 	C:\Windows\SYSTEM32\cfgmgr32.dll
0x00007ffa17270000 - 0x00007ffa17293000 	C:\Windows\SYSTEM32\D3D12.dll
0x00007ff9af1b0000 - 0x00007ff9af507000 	C:\Windows\SYSTEM32\D3D12Core.dll
0x00007ff9cb3c0000 - 0x00007ff9cb443000 	C:\Windows\System32\DriverStore\FileRepository\iigd_dch.inf_amd64_91e2ecfda1c56615\igdext64.dll
0x00007ffa17fb0000 - 0x00007ffa18028000 	C:\Windows\System32\DriverStore\FileRepository\iigd_dch.inf_amd64_91e2ecfda1c56615\igd12umd64.dll
0x00007ff9569b0000 - 0x00007ff959107000 	C:\Windows\System32\DriverStore\FileRepository\iigd_dch.inf_amd64_91e2ecfda1c56615\igd12um64xe2.dll
0x00007ffa38cf0000 - 0x00007ffa38da2000 	C:\Windows\System32\DriverStore\FileRepository\iigd_dch.inf_amd64_91e2ecfda1c56615\IntelControlLib.dll
0x00007ffa37ca0000 - 0x00007ffa37f00000 	C:\Windows\SYSTEM32\d3d11.dll
0x00007ffa2cae0000 - 0x00007ffa31c93000 	C:\Windows\System32\DriverStore\FileRepository\iigd_dch.inf_amd64_91e2ecfda1c56615\igc64.dll
0x00007ffa2ca40000 - 0x00007ffa2cad2000 	C:\Windows\System32\DriverStore\FileRepository\iigd_dch.inf_amd64_91e2ecfda1c56615\igdgmm2_64.dll
0x00007ffa2c440000 - 0x00007ffa2c7ca000 	C:\Windows\System32\DriverStore\FileRepository\iigd_dch.inf_amd64_91e2ecfda1c56615\igdgmm64.dll
0x00007ffa2c390000 - 0x00007ffa2c3b3000 	C:\Windows\System32\DriverStore\FileRepository\iigd_dch.inf_amd64_91e2ecfda1c56615\igdgmmstaging_64.dll
0x00007ff9f1800000 - 0x00007ff9f189e000 	C:\Windows\System32\DriverStore\FileRepository\iigd_dch.inf_amd64_91e2ecfda1c56615\UniversalAdapter64.dll
0x00007ff9d1680000 - 0x00007ff9d175f000 	C:\Windows\SYSTEM32\D3DSCache.dll
0x00007ff9c6cb0000 - 0x00007ff9c702d000 	C:\Windows\System32\DriverStore\FileRepository\iigd_dch.inf_amd64_91e2ecfda1c56615\igd12dxva64.dll
0x00007ffa3e110000 - 0x00007ffa3e597000 	C:\Windows\System32\SETUPAPI.dll
0x00007ffa262a0000 - 0x00007ffa27842000 	C:\Windows\System32\DriverStore\FileRepository\iigd_dch.inf_amd64_91e2ecfda1c56615\igddxvacommon64.dll
0x00007ffa24340000 - 0x00007ffa26292000 	C:\Windows\System32\DriverStore\FileRepository\iigd_dch.inf_amd64_91e2ecfda1c56615\media_bin_64.dll
0x00007ffa24310000 - 0x00007ffa24338000 	C:\Windows\System32\DriverStore\FileRepository\iigd_dch.inf_amd64_91e2ecfda1c56615\igdinfo64.dll
0x00007ffa14e90000 - 0x00007ffa14fd7000 	C:\Windows\SYSTEM32\textinputframework.dll
0x00007ffa37f60000 - 0x00007ffa3817f000 	C:\Windows\SYSTEM32\dcomp.dll
0x00007ffa36b10000 - 0x00007ffa36b29000 	C:\Windows\SYSTEM32\Microsoft.Internal.WarpPal.dll
0x00007ffa36b30000 - 0x00007ffa36faf000 	C:\Windows\SYSTEM32\d3dcompiler_47.dll

JVMTI agents: none

dbghelp: loaded successfully - version: 4.0.5 - missing functions: none
symbol engine: initialized successfully - sym options: 0x614 - pdb path: .;C:\Users\Anant.gupta\.jdks\jbr-21.0.11\bin;C:\Windows\SYSTEM32;C:\Windows\WinSxS\amd64_microsoft.windows.common-controls_6595b64144ccf1df_6.0.26100.8875_none_3e0d5d42e32fe9dd;C:\Users\Anant.gupta\.jdks\jbr-21.0.11\bin\server;C:\Users\Anant.gupta\.skiko\6b31a44bcc7c114ea7f9e450d8105a1e74530b1d388bf81df472890a940d3e9e;C:\Windows\WinSxS\amd64_microsoft.windows.gdiplus_6595b64144ccf1df_1.1.26100.8875_none_6ef850283dc263ab;C:\Windows\System32\DriverStore\FileRepository\iigd_dch.inf_amd64_91e2ecfda1c56615

VM Arguments:
jvm_args: -Xmx256M -XX:MaxGCPauseMillis=42 --enable-native-access=ALL-UNNAMED -Dcompose.reload.launchMode=GradleBlocking -Dgradle.offline.mode=false -Dcompose.reload.pidFile=C:\Users\Anant.gupta\IdeaProjects\KNet\desktopApp\build\run\main\main.pid -Dcompose.reload.devToolsHeadless=false -Dcompose.reload.devToolsTransparencyEnabled=true -Dcompose.reload.logStdout=false -Dgradle.build.root=C:\Users\Anant.gupta\IdeaProjects\KNet -Dcompose.reload.buildSystem=Gradle -Dcompose.reload.logLevel=Info -Dgradle.build.project=:desktopApp -Dgradle.build.task=hotReloadMain -Dorg.gradle.java.home=C:\Users\Anant.gupta\.gradle\jdks\azul_systems__inc_-21-amd64-windows.2 -Dcompose.reload.build.warmup=true -Dcompose.reload.devToolsEnabled=true -Dcompose.reload.devToolsDetached=false -Dcompose.reload.build.continuous=false -Dcompose.reload.argfile=C:\Users\Anant.gupta\IdeaProjects\KNet\desktopApp\build\run\main\main.argfile -Dcompose.reload.mainClass=com.devuloopers.knet.MainKt 
java_command: org.jetbrains.compose.devtools.Main
java_class_path (initial): C:\Users\Anant.gupta\.gradle\caches\modules-2\files-2.1\org.jetbrains.compose.hot-reload\hot-reload-devtools\1.1.1\bc27016efe338fc35c213cac2349d477adc08095\hot-reload-devtools-1.1.1.jar;C:\Users\Anant.gupta\.gradle\caches\modules-2\files-2.1\org.jetbrains.compose.hot-reload\hot-reload-devtools-api\1.1.1\78295e7e36c6e1258d87e238865978a1a980da99\hot-reload-devtools-api-1.1.1.jar;C:\Users\Anant.gupta\.gradle\caches\modules-2\files-2.1\org.jetbrains.compose.hot-reload\hot-reload-orchestration\1.1.1\7b5f9ed6f49115dd0ab30a91bd22214f101d23f\hot-reload-orchestration-1.1.1.jar;C:\Users\Anant.gupta\.gradle\caches\modules-2\files-2.1\org.jetbrains.compose.hot-reload\hot-reload-core\1.1.1\f31266b5813648696560864a541a2fe784a0a671\hot-reload-core-1.1.1.jar;C:\Users\Anant.gupta\.gradle\caches\modules-2\files-2.1\org.jetbrains.compose.hot-reload\hot-reload-runtime-api-jvm\1.1.1\61c13a79480c55140cbd9fe1ca651d86efcbee7\hot-reload-runtime-api-jvm-1.1.1.jar;C:\Users\Anant.gupta\.gradle\caches\modules-2\files-2.1\org.jetbrains.compose.desktop\desktop-jvm\1.10.0\42facd9840309ac4eb841a986c5d1b97d2780471\desktop-jvm-1.10.0.jar;C:\Users\Anant.gupta\.gradle\caches\modules-2\files-2.1\org.jetbrains.compose.components\components-resources-desktop\1.10.0\c6115b607f77e9d033de360f989850d3824bf112\library-desktop-1.10.0.jar;C:\Users\Anant.gupta\.gradle\caches\modules-2\files-2.1\io.sellmair\evas-compose-jvm\1.4.0\a89b78f345d4a21a29c295820e4aa931aec1b93b\evas-compose-jvm-1.4.0.jar;C:\Users\Anant.gupta\.gradle\caches\modules-2\files-2.1\io.sellmair\evas-jvm\1.4.0\3c6955af5c56c65290575b2b998ec166c5079de4\evas-jvm-1.4.0.jar;C:\Users\Anant.gupta\.gradle\caches\modules-2\files-2.1\org.jetbrains.skiko\skiko-awt-runtime-windows-x64\0.9.37.3\2f9bb0ad1dd10255bea3b0099940b7163bf40da7\skiko-awt-runtime-windows-x64-0.9.37.3.jar;C:\Users\Anant.gupta\.gradle\caches\modules-2\files-2.1\org.jetbrains.compose.material3\material3-desktop\1.9.0\19004c4eb3dc6618eb66a076bbe3d7e1a2e7b85\material3-desktop-1.9.0.jar;C:\Users\Anant.gupta\.gradle\caches\modules-2\files-2.1\org.jetbrains.compose.material\material-desktop\1.10.0\63e1c3c6705d111bf84e41110e7729df5b85163e\material-desktop-1.10.0.jar;C:\Users\Anant.gupta\.gradle\caches\modules-2\files-2.1\org.jetbrains.compose.material\material-ripple-desktop\1.10.0\74a14824f086339703264689c5a7cf4ceb39ed40\material-ripple-desktop-1.10.0.jar;C:\Users\Anant.gupta\.gradle\caches\modules-2\files-2.1\org.jetbrains.compose.foundation\foundation-desktop\1.10.0\439630673394b12a406fe398faaca548a13fdb72\foundation-desktop-1.10.0.jar;C:\Users\Anant.gupta\.gradle\caches\modules-2\files-2.1\org.jetbrains.compose.material\material-icons-core-desktop\1.7.3\414b3096050fe647b0638832eace80f22c06b85c\material-icons-core-desktop-1.7.3.jar;C:\Users\Anant.gupta\.gradle\caches\modules-2\files-2.1\org.jetbrains.compose.animation\animation-desktop\1.10.0\17f777e04f7fe5dff2fe7992d0c0bda81c3a3897\animation-desktop-1.10.0.jar;C:\Users\Anant.gupta\.gradle\caches\modules-2\files-2.1\org.jetbrains.compose.foundation\foundation-layout-desktop\1.10.0\263364f922ef14fb64f1313a384a0c31cd6f3fa5\foundation-layout-desktop-1.10.0.jar;C:\Users\Anant.gupta\.gradle\caches\modules-2\files-2.1\org.jetbrains.compose.animation\animation-core-desktop\1.10.0\5dd98c5745e548644b7657901bbcc4c2c8f9ec59\animation-core-desktop-1.10.0.jar;C:\Users\Anant.gupta\.gradle\caches\modules-2\files-2.1\org.jetbrains.compose.ui\ui-desktop\1.10.0\361220f423057a8dae48d6ba8a0294f0948caf8a\ui-desktop-1.10.0.jar;C:\Users\Anant.gupta\.gradle\caches\modules-2\files-2.1\org.jetbrains.compose.ui\ui-text-desktop\1.10.0\611728d97ab985b99c5d1d4709faeadfceac14bd\ui-text-desktop-1.10.0.jar;C:\Users\Anant.gupta\.gradle\caches\modules-2\files-2.1\org.jetbrains.compose.ui\ui-graphics-desktop\1.10.0\c0b9e89e8f5ac5b0253d32d8da2758643ca1e19b\ui-graphics-desktop-1.10.0.jar;C:\Users\Anant.gupta\.gradle\caches\modules-2\files-2.1\org.jetbrains.skiko\skiko-awt\0.9.37.3\60077d9cd37ed4acf98f7833bab211981576ab4d\skiko-awt-0.9.37.3.jar;C:\Users\Anant.gupta\.gradle\caches\modules-2\files-2.1\org.jetbrains.compose.ui\ui-tooling-preview-desktop\1.10.0\6d464d6c6d654d45aecdfaff7a08d64af62217e2\ui-tooling-preview-desktop-1.10.0.jar;C:\Users\Anant.gupta\.gradle\caches\modules-2\files-2.1\org.jetbrains.compose.ui\ui-backhandler-desktop\1.10.0\ed725f86a0fdff73fb37561ffb606166725e4b6f\ui-backhandler-desktop-1.10.0.jar;C:\Users\Anant.gupta\.gradle\caches\modules-2\files-2.1\org.jetbrains.compose.ui\ui-unit-desktop\1.10.0\aeeb2f31358ab5abf0bafa0828de2faba7189db5\ui-unit-desktop-1.10.0.jar;C:\Users\Anant.gupta\.gradle\caches\modules-2\files-2.1\androidx.navigationevent\navigationevent-desktop\1.0.1\ddb1e7fe97ed51c3d35bba493f97fcf12398719\navigationevent-desktop-1.0.1.jar;C:\Users\Anant.gupta\.gradle\caches\modules-2\files-2.1\androidx.compose.runtime\runtime-retain-desktop\1.10.0\879812e3cd2c6151f5d91f515a35952b1be07a76\runtime-retain-desktop-1.10.0.jar;C:\Users\Anant.gupta\.gradle\caches\modules-2\files-2.1\androidx.compose.runtime\runtime-annotation-jvm\1.10.0\ea491da34ba40ae9bd340c393566753ddfd95a76\runtime-annotation-jvm-1.10.0.jar;C:\Users\Anant.gupta\.gradle\caches\modules-2\files-2.1\androidx.compose.runtime\runtime-saveable-desktop\1.10.0\f6903c683c07ba479659ba4eb55bc7c80a7c433e\runtime-saveable-desktop-1.10.0.jar;C:\Users\Anant.gupta\.gradle\caches\modules-2\files-2.1\org.jetbrains.compose.runtime\runtime-saveable-desktop\1.10.0\9b0e2a8ce3ae7d2b1a40307bc9271933b238cfd4\runtime-saveable-desktop-1.10.0.jar;C:\Users\Anant.gupta\.gradle\caches\modules-2\files-2.1\org.jetbrains.androidx.lifecycle\lifecycle-runtime-compose-desktop\2.9.6\7b6b6793f3c4c5996b20d1d99cf728e5fac00364\lifecycle-runtime-compose-desktop-2.9.6.jar;C:\Users\Anant.gupta\.gradle\caches\modules-2\files-2.1\org.jetbrains.compose.ui\ui-geometry-desktop\1.10.0\779ddaadbc03720f7bb2507f6ed6dc4ffc9e7f3e\ui-geometry-desktop-1.10.0.jar;C:\Users\Anant.gupta\.gradle\caches\modules-2\files-2.1\org.jetbrains.androidx.savedstate\savedstate-compose-desktop\1.3.6\63692375ffe667f12cb3ea8aa1e605d659ed2add\savedstate-compose-desktop-1.3.6.jar;C:\Users\Anant.gupta\.gradle\caches\modules-2\files-2.1\org.jetbrains.compose.runtime\runtime-desktop\1.10.0\edbd39fc9691f4ba1e29c6690341148db4272752\runtime-desktop-1.10.0.jar;C:\Users\Anant.gupta\.gradle\caches\modules-2\files-2.1\androidx.lifecycle\lifecycle-viewmodel-savedstate-desktop\2.9.4\72a1919b08c5a4da224d8a65ce1589aa69934e8a\lifecycle-viewmodel-savedstate-desktop-2.9.4.jar;C:\Users\Anant.gupta\.gradle\caches\modules-2\files-2.1\androidx.lifecycle\lifecycle-viewmodel-desktop\2.9.4\93fee6d78f0df0e38f36e0fa2eff74f8da6d5481\lifecycle-viewmodel-desktop-2.9.4.jar;C:\Users\Anant.gupta\.gradle\caches\modules-2\files-2.1\androidx.lifecycle\lifecycle-runtime-desktop\2.9.4\1cc820319ec0139e76b8a2fe4be0b356b4e624c4\lifecycle-runtime-desktop-2.9.4.jar;C:\Users\Anant.gupta\.gradle\caches\modules-2\files-2.1\androidx.savedstate\savedstate-compose-desktop\1.3.3\cd60b543d5722a8b5e6cea1e4ccdec8b4375a22b\savedstate-compose-desktop-1.3.3.jar;C:\Users\Anant.gupta\.gradle\caches\modules-2\files-2.1\androidx.savedstate\savedstate-desktop\1.3.3\1c5bfc3fb56614538528060a06f2c03e34fa5188\savedstate-desktop-1.3.3.jar;C:\Users\Anant.gupta\.gradle\caches\modules-2\files-2.1\androidx.lifecycle\lifecycle-common-jvm\2.9.4\ab739bccdb3541983385af169565c7c035d897e7\lifecycle-common-jvm-2.9.4.jar;C:\Users\Anant.gupta\.gradle\caches\modules-2\files-2.1\androidx.lifecycle\lifecycle-runtime-compose-desktop\2.9.4\86a4ffec845d4e488078118a0b5095bd1fabcafe\lifecycle-runtime-compose-desktop-2.9.4.jar;C:\Users\Anant.gupta\.gradle\caches\modules-2\files-2.1\androidx.compose.runtime\runtime-desktop\1.10.0\b1705e2087f06395622b784aa88e2e738043459\runtime-desktop-1.10.0.jar;C:\Users\Anant.gupta\.gradle\caches\modules-2\files-2.1\org.jetbrains.kotlinx\kotlinx-coroutines-core-jvm\1.10.2\4a9f78ef49483748e2c129f3d124b8fa249dafbf\kotlinx-coroutines-core-jvm-1.10.2.jar;C:\Users\Anant.gupta\.gradle\caches\modules-2\files-2.1\org.jetbrains.kotlinx\kotlinx-coroutines-swing\1.10.2\ccb5a2e7c83fa76da0ba4677f05678d3bd3eed57\kotlinx-coroutines-swing-1.10.2.jar;C:\Users\Anant.gupta\.gradle\caches\modules-2\files-2.1\org.jetbrains.kotlinx\kotlinx-datetime-jvm\0.7.1\81c2e0246bd28cc2dcbdf0ab53628322e66a9de9\kotlinx-datetime-jvm-0.7.1.jar;C:\Users\Anant.gupta\.gradle\caches\modules-2\files-2.1\org.jetbrains.compose.hot-reload\hot-reload-annotations-jvm\1.1.1\4c2dbc6fe7ff43481c1ef134b21219e0f76b66f9\hot-reload-annotations-jvm-1.1.1.jar;C:\Users\Anant.gupta\.gradle\caches\modules-2\files-2.1\org.jetbrains.kotlin\kotlin-stdlib-jdk8\2.2.20\57c4d839a6e5ad105d61ffc5cc0bf4de649c1714\kotlin-stdlib-jdk8-2.2.20.jar;C:\Users\Anant.gupta\.gradle\caches\modules-2\files-2.1\org.jetbrains.compose.ui\ui-util-desktop\1.10.0\fe41825dccacb792ded7df579736a0ed919ee270\ui-util-desktop-1.10.0.jar;C:\Users\Anant.gupta\.gradle\caches\modules-2\files-2.1\org.jetbrains.kotlinx\atomicfu-jvm\0.23.2\a4601dc42dceb031a586058e8356ff778a57dea0\atomicfu-jvm-0.23.2.jar;C:\Users\Anant.gupta\.gradle\caches\modules-2\files-2.1\org.jetbrains.kotlin\kotlin-stdlib-jdk7\2.2.20\bdbe3b5d872fa3b74d8fcd4e7ca3193f4abc9cc8\kotlin-stdlib-jdk7-2.2.20.jar;C:\Users\Anant.gupta\.gradle\caches\modules-2\files-2.1\androidx.collection\collection-jvm\1.5.0\7ba2c69414d46ebc2dd76598bdd0a75c54281a57\collection-jvm-1.5.0.jar;C:\Users\Anant.gupta\.gradle\caches\modules-2\files-2.1\androidx.arch.core\core-common\2.2.0\5e1b8b81dfd5f52c56a8d53b18ca759c19a301f3\core-common-2.2.0.jar;C:\Users\Anant.gupta\.gradle\caches\modules-2\files-2.1\androidx.annotation\annotation-jvm\1.9.1\b17951747e38bf3986a24431b9ba0d039958aa5f\annotation-jvm-1.9.1.jar;C:\Users\Anant.gupta\.gradle\caches\modules-2\files-2.1\org.jetbrains.kotlinx\kotlinx-serialization-core-jvm\1.7.3\1f226780b845ff9206474c05159245d861556249\kotlinx-serialization-core-jvm-1.7.3.jar;C:\Users\Anant.gupta\.gradle\caches\modules-2\files-2.1\org.jetbrains.kotlin\kotlin-stdlib\2.2.21\fa374a986e128314c3db00a20aae55f72a258511\kotlin-stdlib-2.2.21.jar;C:\Users\Anant.gupta\.gradle\caches\modules-2\files-2.1\org.jetbrains\annotations\23.0.0\8cc20c07506ec18e0834947b84a864bfc094484e\annotations-23.0.0.jar;C:\Users\Anant.gupta\.gradle\caches\modules-2\files-2.1\org.jetbrains.runtime\jbr-api\1.5.0\4158e485a7a4ecfd521e03095d81e0225529e8d2\jbr-api-1.5.0.jar;C:\Users\Anant.gupta\.gradle\caches\modules-2\files-2.1\org.jspecify\jspecify\1.0.0\7425a601c1c7ec76645a78d22b8c6a627edee507\jspecify-1.0.0.jar
Launcher Type: SUN_STANDARD

[Global flags]
     intx CICompilerCount                          = 4                                         {product} {ergonomic}
     uint ConcGCThreads                            = 2                                         {product} {ergonomic}
     uint G1ConcRefinementThreads                  = 8                                         {product} {ergonomic}
   size_t G1HeapRegionSize                         = 1048576                                   {product} {ergonomic}
    uintx GCDrainStackTargetSize                   = 64                                        {product} {ergonomic}
   size_t InitialHeapSize                          = 262144000                                 {product} {ergonomic}
   size_t MarkStackSize                            = 4194304                                   {product} {ergonomic}
    uintx MaxGCPauseMillis                         = 42                                        {product} {command line}
   size_t MaxHeapSize                              = 268435456                                 {product} {command line}
   size_t MaxNewSize                               = 160432128                                 {product} {ergonomic}
   size_t MinHeapDeltaBytes                        = 1048576                                   {product} {ergonomic}
   size_t MinHeapSize                              = 8388608                                   {product} {ergonomic}
    uintx NonNMethodCodeHeapSize                   = 5839372                                {pd product} {ergonomic}
    uintx NonProfiledCodeHeapSize                  = 122909434                              {pd product} {ergonomic}
    uintx ProfiledCodeHeapSize                     = 122909434                              {pd product} {ergonomic}
    uintx ReservedCodeCacheSize                    = 251658240                              {pd product} {ergonomic}
     bool SegmentedCodeCache                       = true                                      {product} {ergonomic}
   size_t SoftMaxHeapSize                          = 268435456                              {manageable} {ergonomic}
     bool UseCompressedOops                        = true                           {product lp64_product} {ergonomic}
     bool UseG1GC                                  = true                                      {product} {ergonomic}
     bool UseLargePagesIndividualAllocation        = false                                  {pd product} {ergonomic}

Logging:
Log output configuration:
 #0: stdout all=warning uptime,level,tags foldmultilines=false
 #1: stderr all=off uptime,level,tags foldmultilines=false

Release file:
JAVA_VERSION="21.0.11" 
MODULES="java.base java.compiler java.datatransfer java.xml java.prefs java.desktop java.instrument java.logging java.management java.security.sasl java.naming java.rmi java.management.rmi java.net.http java.scripting java.security.jgss java.transaction.xa java.sql java.sql.rowset java.xml.crypto java.se java.smartcardio jdk.accessibility jdk.internal.jvmstat jdk.attach jdk.charsets jdk.internal.opt jdk.zipfs jdk.compiler jdk.crypto.ec jdk.crypto.cryptoki jdk.crypto.mscapi jdk.dynalink jdk.internal.ed jdk.editpad jdk.hotspot.agent jdk.httpserver jdk.incubator.vector jdk.internal.le jdk.internal.vm.ci jdk.internal.vm.compiler jdk.internal.vm.compiler.management jdk.jartool jdk.javadoc jdk.jcmd jdk.management jdk.management.agent jdk.jconsole jdk.jdeps jdk.jdwp.agent jdk.jdi jdk.jfr jdk.jlink jdk.jpackage jdk.jshell jdk.jsobject jdk.jstatd jdk.localedata jdk.management.jfr jdk.naming.dns jdk.naming.rmi jdk.net jdk.nio.mapmode jdk.random jdk.sctp jdk.security.auth jdk.security.jgss jdk.unsupported jdk.unsupported.desktop jdk.xml.dom" 
IMPLEMENTOR="JetBrains s.r.o." 
IMPLEMENTOR_VERSION="JBRSDK-21.0.11+1-1163.116-nomod" 
JAVA_RUNTIME_VERSION="21.0.11+1-b1163.116" 
LIBC="default" 
OS_ARCH="x86_64" 
OS_NAME="Windows" 
SOURCE=".:git:cf1f197170a0+" 

Environment Variables:
JAVA_HOME=C:\Users\Anant.gupta\scoop\apps\openjdk\current
PATH=C:\Windows\system32;C:\Windows;C:\Windows\System32\Wbem;C:\Windows\System32\WindowsPowerShell\v1.0\;C:\Windows\System32\OpenSSH\;C:\Program Files\Git\cmd;C:\Users\Anant.gupta\.jdks\openjdk-26.0.1\bin;;C:\Program Files\Docker\Docker\resources\bin;C:\Program Files\nodejs\;C:\Users\Anant.gupta\AppData\Local\Programs\Python\Python314\Scripts\;C:\Users\Anant.gupta\AppData\Local\Programs\Python\Python314\;C:\Users\Anant.gupta\scoop\apps\kobweb\current\bin;C:\Users\Anant.gupta\scoop\apps\openjdk\current\bin;C:\Users\Anant.gupta\scoop\shims;C:\Users\Anant.gupta\AppData\Local\Microsoft\WindowsApps;C:\Users\Anant.gupta\AppData\Local\Programs\Ollama;C:\Users\Anant.gupta\AppData\Local\Programs\Microsoft VS Code\bin;C:\Users\Anant.gupta\AppData\Local\Programs\cursor\resources\app\bin;C:\Program Files\JetBrains\IntelliJ IDEA 2026.1.3\bin;C:\Program Files\mitmproxy\bin;C:\Users\Anant.gupta\AppData\Local\Programs\Antigravity IDE\bin;C:\Users\Anant.gupta\AppData\Roaming\npm;C:\Users\Anant.gupta\.lmstudio\bin
USERNAME=Anant.gupta
OS=Windows_NT
PROCESSOR_IDENTIFIER=Intel64 Family 6 Model 189 Stepping 1, GenuineIntel
TMP=C:\Users\ANANT~1.GUP\AppData\Local\Temp
TEMP=C:\Users\ANANT~1.GUP\AppData\Local\Temp




Periodic native trim disabled

JNI global refs:
JNI global refs: 147, weak refs: 23

JNI global refs memory usage: 2099, weak refs: 833

Process memory usage:
Resident Set Size: 297668K (1% of 16310076K total physical memory with 1336860K free physical memory)

OOME stack traces (most recent first):
Classloader memory used:
Loader jdk.internal.loader.ClassLoaders$AppClassLoader                                 : 22021K
Loader bootstrap                                                                       : 9127K
Loader jdk.internal.reflect.DelegatingClassLoader                                      : 20856B
Loader jdk.internal.loader.ClassLoaders$PlatformClassLoader                            : 2784B

---------------  S Y S T E M  ---------------

OS:
 Windows 11 , 64 bit Build 26100 (10.0.26100.8875)
OS uptime: 9 days 22:29 hours
Hyper-V role detected

CPU: total 8 (initial active 8) (8 cores per cpu, 1 threads per core) family 6 model 189 stepping 1 microcode 0x125, cx8, cmov, fxsr, mmx, 3dnowpref, sse, sse2, sse3, ssse3, sse4.1, sse4.2, popcnt, lzcnt, tsc, tscinvbit, avx, avx2, aes, erms, clmul, bmi1, bmi2, adx, sha, fma, vzeroupper, clflush, clflushopt, clwb, hv, serialize, rdtscp, rdpid, fsrm, f16c, cet_ibt, cet_ss
Processor Information for processor 0
  Max Mhz: 2100, Current Mhz: 2012, Mhz Limit: 2100
Processor Information for processor 1
  Max Mhz: 2100, Current Mhz: 2100, Mhz Limit: 2100
Processor Information for processor 2
  Max Mhz: 2100, Current Mhz: 2100, Mhz Limit: 2100
Processor Information for processor 3
  Max Mhz: 2100, Current Mhz: 2100, Mhz Limit: 2100
Processor Information for processor 4
  Max Mhz: 2100, Current Mhz: 2100, Mhz Limit: 2100
Processor Information for processor 5
  Max Mhz: 2100, Current Mhz: 2100, Mhz Limit: 2100
Processor Information for processor 6
  Max Mhz: 2100, Current Mhz: 2100, Mhz Limit: 2100
Processor Information for processor 7
  Max Mhz: 2100, Current Mhz: 2000, Mhz Limit: 2100

Memory: 4k page, system-wide physical 15927M (1310M free)
TotalPageFile size 43767M (AvailPageFile size 13795M)
current process WorkingSet (physical memory assigned to process): 290M, peak: 290M
current process commit charge ("private bytes"): 313M, peak: 404M

vm_info: OpenJDK 64-Bit Server VM (21.0.11+1-b1163.116) for windows-amd64 JRE (21.0.11+1-b1163.116), built on 2026-04-30 by "builduser" with MS VC++ 17.14 (VS2022)

END.
